Wall time,Step,Value
1694352195.881212,24960,-136.4384307861328
1694352207.4417899,25344,-136.4384307861328
1694352273.7630107,27264,-136.4384307861328
1694352316.9732027,28416,-136.4384307861328
1694352329.3441162,28800,-136.4384307861328
1694352373.9024246,29952,-136.4384307861328
1694352386.514798,30336,-136.4384307861328
1694352402.05053,30720,-136.4384307861328
1694352464.1523376,32256,-136.4384307861328
1694352648.4321313,36864,-136.4384307861328
1694352710.7308288,38400,-136.4384307861328
1694352742.826757,39168,-136.4384307861328
1694352773.062857,39936,-136.4384307861328
1694352789.751648,40320,-136.4384307861328
1694352819.1820452,41088,-136.4384307861328
1694352908.0681534,43392,-136.4384307861328
1694352923.0668166,43776,-136.4384307861328
1694352935.3673325,44160,-136.4384307861328
1694352950.3071103,44544,-136.4384307861328
1694352964.9255412,44928,-136.4384307861328
1694353071.7209573,48000,-150.3514404296875
1694353111.6400027,49152,-150.3514404296875
1694353151.5545971,50304,-150.3514404296875
1694353163.63943,50688,-150.3514404296875
1694353177.7724526,51072,-150.3514404296875
1694353192.037436,51456,-150.3514404296875
1694353264.090327,53376,-150.3514404296875
1694353381.0570974,56448,-150.3514404296875
1694353397.876324,56832,-150.3514404296875
1694353487.9862576,59136,-150.3514404296875
1694353612.4567373,62208,-150.3514404296875
1694353659.231776,63360,-150.3514404296875
1694353675.0257647,63744,-150.3514404296875
1694353771.9985027,66432,-150.3514404296875
1694353810.7721176,67584,-150.3514404296875
1694353839.3617299,68352,-150.3514404296875
1694353942.2338784,71424,-116.3824462890625
1694353981.9550433,72576,-116.3824462890625
1694353993.422303,72960,-116.3824462890625
1694354119.6729264,76416,-116.3824462890625
1694354147.785182,77184,-116.3824462890625
1694354160.3600788,77568,-116.3824462890625
1694354173.0262752,77952,-116.3824462890625
1694354280.6901422,80640,-116.3824462890625
1694354357.394278,82560,-116.3824462890625
1694354385.6903718,83328,-116.3824462890625
1694354402.846549,83712,-116.3824462890625
1694354464.8914206,85248,-116.3824462890625
1694354539.2310977,87168,-116.3824462890625
1694354555.0189726,87552,-116.3824462890625
1694354596.713187,88704,-116.3824462890625
1694354679.032615,91008,-116.3824462890625
1694354691.276269,91392,-116.3824462890625
1694354717.8660219,92160,-115.33792114257812
1694354757.829611,93312,-115.33792114257812
1694354783.6516814,94080,-115.33792114257812
1694354795.6519446,94464,-115.33792114257812
1694354821.670641,95232,-115.33792114257812
1694354851.0683725,96000,-115.33792114257812
1694354863.0075123,96384,-115.33792114257812
1694354959.4476771,99072,-115.33792114257812
1694355071.0725155,102144,-115.33792114257812
1694355087.6104648,102528,-115.33792114257812
1694355100.8246999,102912,-115.33792114257812
1694355162.3339167,104448,-115.33792114257812
1694355308.1600478,108288,-115.33792114257812
1694355323.8960292,108672,-115.33792114257812
1694355353.1035604,109440,-115.33792114257812
1694355407.1835577,110976,-115.33792114257812
1694355450.173499,112128,-115.33792114257812
1694355461.6558423,112512,-115.33792114257812
1694355476.0070426,112896,-115.33792114257812
1694355513.3108726,114048,-115.33792114257812
1694355664.569393,118656,-101.45480346679688
1694355743.7491963,120960,-101.45480346679688
1694355785.3470392,122112,-101.45480346679688
1694355813.7619753,122880,-101.45480346679688
1694355827.210668,123264,-101.45480346679688
1694355857.563499,124032,-101.45480346679688
1694355920.0730164,125568,-101.45480346679688
1694355978.741664,127104,-101.45480346679688
1694356009.20443,127872,-101.45480346679688
1694356087.6843138,129792,-101.45480346679688
1694356286.6542108,135168,-101.45480346679688
1694356353.462509,137088,-101.45480346679688
1694356364.9160397,137472,-101.45480346679688
1694356419.2989376,139008,-91.58270263671875
1694356431.0240698,139392,-91.58270263671875
1694356480.5870986,140928,-91.58270263671875
1694356495.2041903,141312,-91.58270263671875
1694356519.2838058,142080,-91.58270263671875
1694356563.0687664,143232,-91.58270263671875
1694356630.1749163,145152,-91.58270263671875
1694356649.7715416,145536,-91.58270263671875
1694356662.4221418,145920,-91.58270263671875
1694356734.3293052,147840,-91.58270263671875
1694356748.0519729,148224,-91.58270263671875
1694356761.3060303,148608,-91.58270263671875
1694356808.3939192,149760,-91.58270263671875
1694356937.184232,153216,-91.58270263671875
1694356967.8271391,153984,-91.58270263671875
1694357054.6429842,156288,-91.58270263671875
1694357136.4856665,158592,-91.58270263671875
1694357148.5703797,158976,-91.58270263671875
1694357227.1117177,161280,-85.23712921142578
1694357268.286481,162432,-85.23712921142578
1694357316.913891,163968,-85.23712921142578
1694357370.4792888,165504,-85.23712921142578
1694357394.1152527,166272,-85.23712921142578
1694357447.0667553,167808,-85.23712921142578
1694357463.0805347,168192,-85.23712921142578
1694357476.1396055,168576,-85.23712921142578
1694357503.5655193,169344,-85.23712921142578
1694357579.6309085,171264,-85.23712921142578
1694357653.3890245,173184,-85.23712921142578
1694357671.4777935,173568,-85.23712921142578
1694357686.1988802,173952,-85.23712921142578
1694357908.883474,179712,-85.23712921142578
1694358001.7051072,182400,-85.23712921142578
1694358080.5023513,184704,-77.21243286132812
1694358096.0087082,185088,-77.21243286132812
1694358119.481767,185856,-77.21243286132812
1694358147.3157873,186624,-77.21243286132812
1694358203.1048222,188160,-77.21243286132812
1694358350.9217694,191616,-77.21243286132812
1694358392.4620302,192384,-77.21243286132812
1694358418.0320199,192768,-77.21243286132812
1694358480.959878,193920,-77.21243286132812
1694358603.2018569,196224,-77.21243286132812
1694358751.0018182,199296,-77.21243286132812
1694358768.4199932,199680,-77.21243286132812
1694358831.127923,200832,-77.21243286132812
1694358847.5682955,201216,-77.21243286132812
1694359008.46911,204672,-77.21243286132812
1694359027.0828066,205056,-77.21243286132812
1694359214.9693186,209280,-69.33443450927734
1694359264.5200589,210432,-69.33443450927734
1694359286.151377,210816,-69.33443450927734
1694359318.605224,211584,-69.33443450927734
1694359352.3253121,212352,-69.33443450927734
1694359625.5435736,217728,-69.33443450927734
1694359729.68121,219648,-69.33443450927734
1694359766.9166787,220416,-69.33443450927734
1694359823.503739,221568,-69.33443450927734
1694359867.0934925,222336,-69.33443450927734
1694359955.7766173,224256,-69.33443450927734
1694359973.6536171,224640,-69.33443450927734
1694360091.765248,226944,-69.33443450927734
1694360127.9198728,227712,-69.33443450927734
1694360145.2471218,228096,-69.33443450927734
1694360177.2226698,228864,-69.33443450927734
1694360198.7522235,229248,-69.33443450927734
1694360251.964687,230400,-69.5080795288086
1694360283.6680982,231168,-69.5080795288086
1694360363.140532,233088,-69.5080795288086
1694360378.8575728,233472,-69.5080795288086
1694360525.7935464,236928,-69.5080795288086
1694360561.6745694,237696,-69.5080795288086
1694360630.5556626,239232,-69.5080795288086
1694360646.6166482,239616,-69.5080795288086
1694360662.5086076,240000,-69.5080795288086
1694360736.5026786,241536,-69.5080795288086
1694360805.6058114,243072,-69.5080795288086
1694360823.9964416,243456,-69.5080795288086
1694360878.9579945,244608,-69.5080795288086
1694360910.3026829,245376,-69.5080795288086
1694360929.2796533,245760,-69.5080795288086
1694360945.8255398,246144,-69.5080795288086
1694360960.5836828,246528,-69.5080795288086
1694360975.2300313,246912,-69.5080795288086
1694360994.927273,247296,-69.5080795288086
1694361026.5504706,248064,-69.5080795288086
1694361041.1364405,248448,-69.5080795288086
1694361118.3865197,250368,-69.5080795288086
1694361132.8344173,250752,-69.5080795288086
1694361190.8630292,252288,-69.5080795288086
1694361236.6967616,253440,-68.1633529663086
1694361264.3772182,254208,-68.1633529663086
1694361450.4074805,256512,-68.1633529663086
1694361511.4446757,257280,-68.1633529663086
1694361717.7692063,259200,-68.1633529663086
1694361849.5474515,260736,-68.1633529663086
1694361870.942344,261120,-68.1633529663086
1694361922.161917,261888,-68.1633529663086
1694362233.9928226,266496,-68.1633529663086
1694362384.0322437,269184,-68.1633529663086
1694362405.3027456,269568,-68.1633529663086
1694362451.8722298,270336,-68.1633529663086
1694362476.8608098,270720,-68.1633529663086
1694362495.64984,271104,-68.1633529663086
1694362512.7577133,271488,-68.1633529663086
1694362556.58845,272256,-68.1633529663086
1694362614.593892,273408,-68.1633529663086
1694362693.915327,274944,-68.1633529663086
1694362710.732674,275328,-68.1633529663086
1694362786.116638,276864,-62.64141082763672
1694362848.0776095,278016,-62.64141082763672
1694362941.0273402,279552,-62.64141082763672
1694362999.9925618,280704,-62.64141082763672
1694363023.024494,281088,-62.64141082763672
1694363046.6354825,281472,-62.64141082763672
1694363064.054209,281856,-62.64141082763672
1694363081.0898285,282240,-62.64141082763672
1694363116.258848,283008,-62.64141082763672
1694363135.2219353,283392,-62.64141082763672
1694363162.7476113,283776,-62.64141082763672
1694363232.437005,284928,-62.64141082763672
1694363257.6703222,285312,-62.64141082763672
1694363279.1629117,285696,-62.64141082763672
1694363323.8683715,286464,-62.64141082763672
1694363374.1939845,287232,-62.64141082763672
1694363391.441289,287616,-62.64141082763672
1694363506.8588712,290304,-62.64141082763672
1694363562.730944,291456,-62.64141082763672
1694363629.9361336,292992,-62.64141082763672
1694363674.933572,294144,-62.64141082763672
1694363712.6361356,294912,-62.64141082763672
1694363740.8061464,295680,-62.64141082763672
1694363805.2172627,297216,-62.64141082763672
1694363865.6778743,298752,-62.64141082763672
1694363904.9878254,299904,-59.9572868347168
1694363923.209684,300288,-59.9572868347168
1694363938.3024266,300672,-59.9572868347168
1694363950.7229025,301056,-59.9572868347168
1694364035.440657,303360,-59.9572868347168
1694364129.8539696,305664,-59.9572868347168
1694364162.3331916,306432,-59.9572868347168
1694364178.0004857,306816,-59.9572868347168
1694364242.3282115,308352,-59.9572868347168
1694364295.602909,309504,-59.9572868347168
1694364312.5977693,309888,-59.9572868347168
1694364369.0451994,311040,-59.9572868347168
1694364385.6507857,311424,-59.9572868347168
1694364400.2121096,311808,-59.9572868347168
1694364445.8998146,312576,-59.9572868347168
1694364477.1061575,313344,-59.9572868347168
1694364575.7840881,315648,-59.9572868347168
1694364627.3051243,316800,-59.9572868347168
1694364642.5272794,317184,-59.9572868347168
1694364692.4821017,318336,-59.9572868347168
1694364707.1054063,318720,-59.9572868347168
1694364723.035881,319104,-59.9572868347168
1694364757.0082445,319872,-59.9572868347168
1694364771.7766988,320256,-59.9572868347168
1694364861.712127,322560,-55.70756149291992
1694364921.6070569,324096,-55.70756149291992
1694364935.8440456,324480,-55.70756149291992
1694364968.225056,325248,-55.70756149291992
1694364997.4270654,326016,-55.70756149291992
1694365025.1142097,326784,-55.70756149291992
1694365048.9222758,327168,-55.70756149291992
1694365062.934191,327552,-55.70756149291992
1694365077.8188286,327936,-55.70756149291992
1694365091.1146326,328320,-55.70756149291992
1694365140.101725,329472,-55.70756149291992
1694365170.9426413,330240,-55.70756149291992
1694365206.690596,331008,-55.70756149291992
1694365253.4964175,332160,-55.70756149291992
1694365292.5264761,332928,-55.70756149291992
1694365308.730217,333312,-55.70756149291992
1694365324.42819,333696,-55.70756149291992
1694365432.1223521,336000,-55.70756149291992
1694365455.5285375,336384,-55.70756149291992
1694365491.7098708,337152,-55.70756149291992
1694365543.5803113,338304,-55.70756149291992
1694365606.0478528,339840,-55.70756149291992
1694365662.7325027,340992,-55.70756149291992
1694365704.1778984,342144,-55.70756149291992
1694365717.830624,342528,-55.70756149291992
1694365748.5691917,343296,-55.70756149291992
1694365774.1517766,344064,-55.70756149291992
1694365804.092402,344832,-55.70756149291992
1694365876.9012353,346752,-52.1441764831543
1694365922.029023,347904,-52.1441764831543
1694365951.4129844,348672,-52.1441764831543
1694366191.0943983,354432,-52.1441764831543
1694366254.588095,355968,-52.1441764831543
1694366284.8189514,356736,-52.1441764831543
1694366299.5885513,357120,-52.1441764831543
1694366379.7990475,358656,-52.1441764831543
1694366422.6819367,359424,-52.1441764831543
1694366445.302831,359808,-52.1441764831543
1694366512.7089345,360960,-52.1441764831543
1694366566.2626104,361728,-52.1441764831543
1694366624.920706,362496,-52.1441764831543
1694366694.2591443,363648,-52.1441764831543
1694366728.9776964,364416,-52.1441764831543
1694366748.0623505,364800,-52.1441764831543
1694366794.0671375,365568,-52.1441764831543
1694366872.6426122,367104,-52.1441764831543
1694366947.7312791,368640,-49.65474319458008
1694367098.709478,371328,-49.65474319458008
1694367122.5201774,371712,-49.65474319458008
1694367138.9652455,372096,-49.65474319458008
1694367159.218496,372480,-49.65474319458008
1694367204.9114654,373248,-49.65474319458008
1694367263.1138992,374400,-49.65474319458008
1694367283.094685,374784,-49.65474319458008
1694367320.1345634,375168,-49.65474319458008
1694367393.3032117,376320,-49.65474319458008
1694367416.0055552,376704,-49.65474319458008
1694367446.4812527,377088,-49.65474319458008
1694367470.172592,377472,-49.65474319458008
1694367694.6589384,380544,-49.65474319458008
1694367725.173267,380928,-49.65474319458008
1694367799.8729224,382080,-49.65474319458008
1694367947.4406006,384768,-49.65474319458008
1694368016.5391912,385920,-49.65474319458008
1694368191.6772072,388992,-49.65474319458008
1694368216.846765,389376,-49.65474319458008
1694368254.707479,390144,-49.65474319458008
1694368275.8017986,390528,-49.65474319458008
1694368292.9798002,390912,-47.44295120239258
1694368356.6774437,392064,-47.44295120239258
1694368375.8318713,392448,-47.44295120239258
1694368408.1260424,393216,-47.44295120239258
1694368442.2611697,393984,-47.44295120239258
1694368513.976481,395904,-47.44295120239258
1694368529.459298,396288,-47.44295120239258
1694368598.2753596,397824,-47.44295120239258
1694368613.5463502,398208,-47.44295120239258
1694368628.3403766,398592,-47.44295120239258
1694368649.1628277,398976,-47.44295120239258
1694368695.7166433,400128,-47.44295120239258
1694368710.6870852,400512,-47.44295120239258
1694368727.892952,400896,-47.44295120239258
1694368785.3127804,402048,-47.44295120239258
1694368799.2565556,402432,-47.44295120239258
1694368933.7356408,405504,-47.44295120239258
1694369000.4234102,407040,-47.44295120239258
1694369031.2837272,407808,-47.44295120239258
1694369063.3164363,408576,-47.44295120239258
1694369078.3243043,408960,-47.44295120239258
1694369127.6544232,410112,-47.44295120239258
1694369174.634318,411264,-47.44295120239258
1694369188.6273336,411648,-47.44295120239258
1694369202.7900426,412032,-47.44295120239258
1694369217.1572008,412416,-47.44295120239258
1694369264.1222157,413568,-47.44295120239258
1694369384.068628,416640,-54.12501525878906
1694369412.5582068,417408,-54.12501525878906
1694369442.4721684,418176,-54.12501525878906
1694369475.1243737,418944,-54.12501525878906
1694369489.4338605,419328,-54.12501525878906
1694369534.2889972,420480,-54.12501525878906
1694369567.8772388,421248,-54.12501525878906
1694369600.179051,422016,-54.12501525878906
1694369690.3933806,423936,-54.12501525878906
1694369811.0673158,426624,-54.12501525878906
1694369827.1412346,427008,-54.12501525878906
1694369883.4223788,428160,-54.12501525878906
1694369915.7730424,428928,-54.12501525878906
1694370012.0377512,431232,-54.12501525878906
1694370026.0850563,431616,-54.12501525878906
1694370061.1292777,432384,-54.12501525878906
1694370095.4351656,433152,-54.12501525878906
1694370153.0868773,434688,-54.12501525878906
1694370215.5193965,436224,-54.12501525878906
1694370245.0544243,436992,-52.386207580566406
1694370322.1780427,438912,-52.386207580566406
1694370337.150869,439296,-52.386207580566406
1694370349.8240554,439680,-52.386207580566406
1694370462.6676576,442368,-52.386207580566406
1694370478.2868881,442752,-52.386207580566406
1694370575.550167,445056,-52.386207580566406
1694370641.2520013,446592,-52.386207580566406
1694370663.452796,446976,-52.386207580566406
1694370680.7669826,447360,-52.386207580566406
1694370832.6053886,450816,-52.386207580566406
1694370867.929087,451584,-52.386207580566406
1694370922.8820145,452736,-52.386207580566406
1694371022.9740756,455040,-52.386207580566406
1694371038.9917393,455424,-52.386207580566406
1694371101.51962,456960,-52.386207580566406
1694371145.7392642,458112,-52.386207580566406
1694371165.7720866,458496,-52.386207580566406
1694371178.6427565,458880,-52.386207580566406
1694371218.7905052,460032,-51.00743103027344
1694371411.313367,464256,-51.00743103027344
1694371469.2079856,465408,-51.00743103027344
1694371540.7215905,466560,-51.00743103027344
1694371570.759617,466944,-51.00743103027344
1694371612.4169228,467328,-51.00743103027344
1694371679.6738422,468480,-51.00743103027344
1694371701.3030148,468864,-51.00743103027344
1694371721.165125,469248,-51.00743103027344
1694372089.8821301,475008,-51.00743103027344
1694372166.547777,476160,-51.00743103027344
1694372225.5798724,476928,-51.00743103027344
1694372250.4553497,477312,-51.00743103027344
1694372295.2083473,478080,-51.00743103027344
1694372317.92412,478464,-51.00743103027344
1694372373.8201063,479616,-51.00743103027344
1694372449.9023466,480768,-51.00743103027344
1694372471.9731483,481152,-51.00743103027344
1694372509.29758,481920,-51.00743103027344
1694372548.636634,482688,-51.00743103027344
1694372603.3865273,483456,-49.25938415527344
1694372646.6122615,484224,-49.25938415527344
1694372707.8574939,485376,-49.25938415527344
1694372756.2508838,486144,-49.25938415527344
1694372796.1979852,486912,-49.25938415527344
1694372829.9088871,487680,-49.25938415527344
1694372883.0172515,488448,-49.25938415527344
1694372922.7065825,489216,-49.25938415527344
1694373196.565018,493056,-49.25938415527344
1694373298.1865819,494592,-49.25938415527344
1694373411.3753743,496128,-49.25938415527344
1694373425.2246952,496512,-49.25938415527344
1694373449.349351,496896,-49.25938415527344
1694373477.6086059,497664,-49.25938415527344
1694373519.650256,498816,-49.25938415527344
1694373566.7066536,499968,-49.25938415527344
1694373594.0021966,500736,-49.25938415527344
1694373634.0724585,501888,-49.25938415527344
1694373713.906201,504192,-49.25938415527344
1694373737.6097512,504960,-49.25938415527344
1694373767.8539262,505728,-49.25938415527344
1694373781.1134942,506112,-47.44346618652344
1694373817.4923444,507264,-47.44346618652344
1694373829.7317655,507648,-47.44346618652344
1694373842.2722962,508032,-47.44346618652344
1694373885.1692674,509184,-47.44346618652344
1694373995.7325914,512256,-47.44346618652344
1694374068.445931,514176,-47.44346618652344
1694374095.9607172,514944,-47.44346618652344
1694374187.6426394,517248,-47.44346618652344
1694374242.3426764,518784,-47.44346618652344
1694374256.715073,519168,-47.44346618652344
1694374271.0022764,519552,-47.44346618652344
1694374289.7932622,519936,-47.44346618652344
1694374317.4378042,520704,-47.44346618652344
1694374373.0708807,522240,-47.44346618652344
1694374421.312927,523392,-47.44346618652344
1694374519.349638,526080,-47.44346618652344
1694374544.1632822,526848,-47.44346618652344
1694374583.5162706,528000,-47.44346618652344
1694374602.7267134,528384,-47.44346618652344
1694374638.1312788,529536,-45.714996337890625
1694374656.5335076,529920,-45.714996337890625
1694374714.8420122,531840,-45.714996337890625
1694374727.3944328,532224,-45.714996337890625
1694374746.233559,532608,-45.714996337890625
1694374782.3055508,533760,-45.714996337890625
1694374819.8742142,534912,-45.714996337890625
1694374833.0443304,535296,-45.714996337890625
1694374851.788218,535680,-45.714996337890625
1694374865.775747,536064,-45.714996337890625
1694374878.5771239,536448,-45.714996337890625
1694374962.978899,538752,-45.714996337890625
1694375059.7354238,541056,-45.714996337890625
1694375074.2504163,541440,-45.714996337890625
1694375150.371523,543360,-45.714996337890625
1694375209.0068765,544896,-45.714996337890625
1694375252.8632936,545664,-45.714996337890625
1694375317.1010985,547584,-45.714996337890625
1694375370.3066254,549120,-45.714996337890625
1694375460.5608299,551808,-43.94871520996094
1694375483.3947034,552576,-43.94871520996094
1694375519.1882424,553728,-43.94871520996094
1694375543.3740163,554496,-43.94871520996094
1694375555.6654952,554880,-43.94871520996094
1694375599.8321543,556032,-43.94871520996094
1694375612.8289244,556416,-43.94871520996094
1694375638.7484727,557184,-43.94871520996094
1694375651.4653006,557568,-43.94871520996094
1694375697.0648584,558720,-43.94871520996094
1694375950.0143816,565248,-43.94871520996094
1694375963.551572,565632,-43.94871520996094
1694375984.798784,566016,-43.94871520996094
1694375998.8211834,566400,-43.94871520996094
1694376055.8529544,567936,-43.94871520996094
1694376105.43227,569088,-43.94871520996094
1694376158.227836,570624,-43.94871520996094
1694376170.5647006,571008,-43.94871520996094
1694376182.8782272,571392,-43.94871520996094
1694376240.5935895,572928,-43.94871520996094
1694376252.3731546,573312,-43.94871520996094
1694376264.0695078,573696,-43.94871520996094
1694376288.150593,574464,-43.94871520996094
1694376319.13238,575232,-42.4939079284668
1694376343.2754319,576000,-42.4939079284668
1694376369.048841,576768,-42.4939079284668
1694376478.8028412,579840,-42.4939079284668
1694376544.2112367,581760,-42.4939079284668
1694376563.246836,582144,-42.4939079284668
1694376690.0674236,585600,-42.4939079284668
1694376703.8212671,585984,-42.4939079284668
1694376869.997962,590208,-42.4939079284668
1694376923.955691,591744,-42.4939079284668
1694376946.6852307,592128,-42.4939079284668
1694376985.6134052,593280,-42.4939079284668
1694376999.3855548,593664,-42.4939079284668
1694377036.8662686,594816,-42.4939079284668
1694377068.8245375,595584,-42.4939079284668
1694377081.8467984,595968,-42.4939079284668
1694377093.5673506,596352,-42.4939079284668
1694377180.745707,599040,-41.03655242919922
1694377192.565307,599424,-41.03655242919922
1694377205.1750855,599808,-41.03655242919922
1694377217.2945595,600192,-41.03655242919922
1694377253.3113399,601344,-41.03655242919922
1694377284.3572023,602112,-41.03655242919922
1694377296.160094,602496,-41.03655242919922
1694377308.4135616,602880,-41.03655242919922
1694377422.4033055,605952,-41.03655242919922
1694377490.8691802,607872,-41.03655242919922
1694377504.5560482,608256,-41.03655242919922
1694377555.4040499,609408,-41.03655242919922
1694377667.3011622,612096,-41.03655242919922
1694377695.135803,612864,-41.03655242919922
1694377832.866095,616704,-41.03655242919922
1694377901.187046,618624,-41.03655242919922
1694377912.9017587,619008,-41.03655242919922
1694377936.871574,619776,-41.03655242919922
1694377948.5474398,620160,-41.03655242919922
1694378028.4984076,622464,-39.62797164916992
1694378040.1798358,622848,-39.62797164916992
1694378114.3389394,625152,-39.62797164916992
1694378127.5675154,625536,-39.62797164916992
1694378261.5314014,628992,-39.62797164916992
1694378318.0338674,630528,-39.62797164916992
1694378345.3686724,631296,-39.62797164916992
1694378407.525128,632832,-39.62797164916992
1694378541.300052,636288,-39.62797164916992
1694378567.8863602,637056,-39.62797164916992
1694378608.3801658,638208,-39.62797164916992
1694378635.1992426,638976,-39.62797164916992
1694378648.4829586,639360,-39.62797164916992
1694378707.3795872,640896,-39.62797164916992
1694378720.0699193,641280,-39.62797164916992
1694378756.5165534,642432,-39.62797164916992
1694378827.2088397,644352,-38.39500045776367
1694378859.607155,645120,-38.39500045776367
1694378908.570938,646656,-38.39500045776367
1694378933.2783096,647424,-38.39500045776367
1694378945.3156705,647808,-38.39500045776367
1694378966.1037147,648192,-38.39500045776367
1694378991.2188737,648960,-38.39500045776367
1694379016.413658,649728,-38.39500045776367
1694379082.8556888,651648,-38.39500045776367
1694379131.5833259,652800,-38.39500045776367
1694379160.920258,653568,-38.39500045776367
1694379202.4889014,654720,-38.39500045776367
1694379251.7674835,655872,-38.39500045776367
1694379305.593761,657408,-38.39500045776367
1694379346.7320228,658560,-38.39500045776367
1694379409.599706,660096,-38.39500045776367
1694379422.7120748,660480,-38.39500045776367
1694379436.6026351,660864,-38.39500045776367
1694379529.706777,663552,-38.39500045776367
1694379553.0611956,664320,-38.39500045776367
1694379583.4258885,665088,-38.39500045776367
1694379619.007558,666240,-38.39500045776367
1694379631.2495394,666624,-38.39500045776367
1694379713.1589742,668928,-37.299644470214844
1694379725.3048804,669312,-37.299644470214844
1694379775.4681423,670848,-37.299644470214844
1694379837.2852292,672384,-37.299644470214844
1694379876.2904034,673536,-37.299644470214844
1694379888.9262435,673920,-37.299644470214844
1694379903.101363,674304,-37.299644470214844
1694379916.5368621,674688,-37.299644470214844
1694379952.4164257,675456,-37.299644470214844
1694379996.093052,676608,-37.299644470214844
1694380101.263861,679296,-37.299644470214844
1694380114.5737147,679680,-37.299644470214844
1694380189.2737052,681600,-37.299644470214844
1694380217.8005402,682368,-37.299644470214844
1694380232.2072918,682752,-37.299644470214844
1694380245.7169595,683136,-37.299644470214844
1694380371.4179254,686592,-37.299644470214844
1694380422.7881737,688128,-37.299644470214844
1694380436.66154,688512,-37.299644470214844
1694380456.7063851,688896,-37.299644470214844
1694380468.429565,689280,-37.299644470214844
1694380492.53135,690048,-36.250274658203125
1694380553.5916514,691968,-36.250274658203125
1694380566.9238908,692352,-36.250274658203125
1694380599.4044158,693120,-36.250274658203125
1694380612.37457,693504,-36.250274658203125
1694380625.6059172,693888,-36.250274658203125
1694380671.387195,695040,-36.250274658203125
1694380697.188153,695808,-36.250274658203125
1694380711.0812693,696192,-36.250274658203125
1694380723.6646194,696576,-36.250274658203125
1694380851.8736038,700032,-36.250274658203125
1694380893.3040757,701184,-36.250274658203125
1694381026.5388389,704640,-36.250274658203125
1694381120.0083072,706944,-36.250274658203125
1694381133.993529,707328,-36.250274658203125
1694381214.3515441,709632,-36.250274658203125
1694381228.0389018,710016,-36.250274658203125
1694381240.2954426,710400,-36.250274658203125
1694381273.1629436,711168,-36.250274658203125
1694381296.0702715,711936,-36.250274658203125
1694381345.1537602,713472,-35.091915130615234
1694381424.9402025,715776,-35.091915130615234
1694381436.5284743,716160,-35.091915130615234
1694381546.6281555,719232,-35.091915130615234
1694381559.8145983,719616,-35.091915130615234
1694381600.802188,720768,-35.091915130615234
1694381651.4650836,721920,-35.091915130615234
1694381709.3061328,723456,-35.091915130615234
1694381737.5863557,724224,-35.091915130615234
1694381805.1469874,725760,-35.091915130615234
1694381902.3226035,728064,-35.091915130615234
1694381956.180357,729600,-35.091915130615234
1694381969.3665307,729984,-35.091915130615234
1694382017.3192642,731136,-35.091915130615234
1694382042.955289,731904,-35.091915130615234
1694382080.775659,733056,-35.091915130615234
1694382128.3643126,734592,-35.091915130615234
1694382160.0397139,735360,-35.091915130615234
1694382185.3487096,736128,-34.02616500854492
1694382198.408945,736512,-34.02616500854492
1694382210.3843179,736896,-34.02616500854492
1694382307.7355206,739584,-34.02616500854492
1694382333.081069,740352,-34.02616500854492
1694382345.7840066,740736,-34.02616500854492
1694382425.1813605,743040,-34.02616500854492
1694382439.3114603,743424,-34.02616500854492
1694382461.565352,743808,-34.02616500854492
1694382487.8071425,744576,-34.02616500854492
1694382514.3230221,745344,-34.02616500854492
1694382689.1795633,749952,-34.02616500854492
1694382820.027812,753408,-34.02616500854492
1694382874.5500247,754944,-34.02616500854492
1694382945.2268558,756864,-34.02616500854492
1694382957.4233027,757248,-34.02616500854492
1694383020.1823518,759168,-33.01498031616211
1694383032.0144515,759552,-33.01498031616211
1694383054.3826644,759936,-33.01498031616211
1694383101.7164392,761472,-33.01498031616211
1694383113.3983748,761856,-33.01498031616211
1694383187.2318928,764160,-33.01498031616211
1694383220.704057,764928,-33.01498031616211
1694383245.9400795,765696,-33.01498031616211
1694383258.4208207,766080,-33.01498031616211
1694383271.5979133,766464,-33.01498031616211
1694383298.579871,767232,-33.01498031616211
1694383311.5365174,767616,-33.01498031616211
1694383388.4723444,769536,-33.01498031616211
1694383431.7315078,770688,-33.01498031616211
1694383460.0109236,771456,-33.01498031616211
1694383501.923063,772608,-33.01498031616211
1694383554.1266024,773760,-33.01498031616211
1694383594.3144546,774912,-33.01498031616211
1694383621.4903035,775680,-33.01498031616211
1694383710.4679008,777984,-33.01498031616211
1694383722.7587838,778368,-33.01498031616211
1694383746.1933482,779136,-33.01498031616211
1694383772.2669683,779904,-33.01498031616211
1694383885.358264,783360,-30.632858276367188
1694383897.5820847,783744,-30.632858276367188
1694383909.3500445,784128,-30.632858276367188
1694383920.9817963,784512,-30.632858276367188
1694384123.2787802,789888,-30.632858276367188
1694384180.4126768,791424,-30.632858276367188
1694384241.998253,792960,-30.632858276367188
1694384264.7642448,793344,-30.632858276367188
1694384306.1510098,794496,-30.632858276367188
1694384320.13477,794880,-30.632858276367188
1694384361.628866,796032,-30.632858276367188
1694384390.1836004,796800,-30.632858276367188
1694384418.7369897,797568,-30.632858276367188
1694384495.485934,799488,-30.632858276367188
1694384533.650443,800640,-30.632858276367188
1694384560.3110158,801408,-30.632858276367188
1694384581.2723937,801792,-30.632858276367188
1694384605.2758758,802560,-30.632858276367188
1694384644.3615575,803712,-30.632858276367188
1694384681.1562636,804864,-24.654985427856445
1694384706.881558,805632,-24.654985427856445
1694384753.900561,806784,-24.654985427856445
1694384793.531247,807936,-24.654985427856445
1694384806.8866634,808320,-24.654985427856445
1694384853.81411,809472,-24.654985427856445
1694384890.5431893,810624,-24.654985427856445
1694385001.2812016,813696,-24.654985427856445
1694385014.2731636,814080,-24.654985427856445
1694385042.9753644,814848,-24.654985427856445
1694385113.4936094,816768,-24.654985427856445
1694385192.2482972,818688,-24.654985427856445
1694385205.8489723,819072,-24.654985427856445
1694385220.6434221,819456,-24.654985427856445
1694385251.0027838,820224,-24.654985427856445
1694385265.7236588,820608,-24.654985427856445
1694385294.155336,821376,-24.654985427856445
1694385321.7445028,822144,-24.654985427856445
1694385370.9621766,823296,-24.654985427856445
1694385384.922882,823680,-24.654985427856445
1694385436.6398802,825216,-24.654985427856445
1694385508.1729722,827136,-24.654985427856445
1694385532.3043842,827904,-23.236858367919922
1694385605.6936316,830208,-23.236858367919922
1694385627.1368804,830592,-23.236858367919922
1694385640.2316003,830976,-23.236858367919922
1694385653.5674307,831360,-23.236858367919922
1694385667.1375027,831744,-23.236858367919922
1694385704.1344945,832896,-23.236858367919922
1694385729.4749742,833664,-23.236858367919922
1694385778.8250175,834816,-23.236858367919922
1694385792.5215821,835200,-23.236858367919922
1694385834.1639836,836352,-23.236858367919922
1694385863.1919725,837120,-23.236858367919922
1694385892.9657576,837888,-23.236858367919922
1694385908.4330914,838272,-23.236858367919922
1694385922.5318887,838656,-23.236858367919922
1694385989.590625,840192,-23.236858367919922
1694386056.546685,841728,-23.236858367919922
1694386070.9227684,842112,-23.236858367919922
1694386084.869333,842496,-23.236858367919922
1694386139.1877308,844032,-23.236858367919922
1694386152.150928,844416,-23.236858367919922
1694386178.6644096,845184,-23.236858367919922
1694386191.085859,845568,-23.236858367919922
1694386226.0456665,846336,-23.236858367919922
1694386239.0362072,846720,-23.236858367919922
1694386251.6851602,847104,-23.236858367919922
1694386275.7471,847872,-23.236858367919922
1694386288.1142535,848256,-23.236858367919922
1694386312.0052283,849024,-23.236858367919922
1694386347.4430249,850176,-23.236858367919922
1694386380.0712128,850944,-19.2918643951416
1694386392.297909,851328,-19.2918643951416
1694386466.7223423,853632,-19.2918643951416
1694386478.7386968,854016,-19.2918643951416
1694386491.19001,854400,-19.2918643951416
1694386553.1028545,855936,-19.2918643951416
1694386578.5478413,856704,-19.2918643951416
1694386604.5179422,857472,-19.2918643951416
1694386668.6600647,859008,-19.2918643951416
1694386765.4141278,861696,-19.2918643951416
1694386815.3082483,862848,-19.2918643951416
1694386842.6168497,863616,-19.2918643951416
1694386871.8016932,864384,-19.2918643951416
1694386885.8847303,864768,-19.2918643951416
1694386940.6972058,866304,-19.2918643951416
1694386967.8219056,867072,-19.2918643951416
1694386982.2515435,867456,-19.2918643951416
1694386995.301314,867840,-19.2918643951416
1694387045.150524,868992,-19.2918643951416
1694387057.9224665,869376,-19.2918643951416
1694387096.6303062,870528,-19.2918643951416
1694387109.6325655,870912,-19.2918643951416
1694387148.2426097,872064,-19.2918643951416
1694387194.321579,873216,-19.2918643951416
1694387252.9946828,874752,-18.36888313293457
1694387322.971013,877056,-18.36888313293457
1694387334.9777474,877440,-18.36888313293457
1694387371.8240407,878592,-18.36888313293457
1694387385.1582208,878976,-18.36888313293457
1694387410.3659444,879744,-18.36888313293457
1694387444.612154,880512,-18.36888313293457
1694387458.0593753,880896,-18.36888313293457
1694387484.265723,881664,-18.36888313293457
1694387497.7143674,882048,-18.36888313293457
1694387525.761453,882816,-18.36888313293457
1694387539.4080162,883200,-18.36888313293457
1694387553.267799,883584,-18.36888313293457
1694387567.6855094,883968,-18.36888313293457
1694387606.5388343,884736,-18.36888313293457
1694387635.23906,885504,-18.36888313293457
1694387649.1189232,885888,-18.36888313293457
1694387705.392364,887424,-18.36888313293457
1694387719.445624,887808,-18.36888313293457
1694387747.2855206,888576,-18.36888313293457
1694387800.9534469,889728,-18.36888313293457
1694387829.5556862,890496,-18.36888313293457
1694387879.9497874,891648,-18.36888313293457
1694387954.5675719,893952,-18.36888313293457
1694388035.2122912,896256,-18.36888313293457
1694388082.1558242,897792,-16.87639808654785
1694388118.6690438,898944,-16.87639808654785
1694388187.6335092,900864,-16.87639808654785
1694388212.2364383,901632,-16.87639808654785
1694388251.8768692,902784,-16.87639808654785
1694388346.9988031,905088,-16.87639808654785
1694388361.9194574,905472,-16.87639808654785
1694388392.376395,906240,-16.87639808654785
1694388437.8574665,907392,-16.87639808654785
1694388493.2226813,908544,-16.87639808654785
1694388507.5068526,908928,-16.87639808654785
1694388521.812565,909312,-16.87639808654785
1694388655.5156972,912768,-16.87639808654785
1694388669.8164856,913152,-16.87639808654785
1694388682.6914742,913536,-16.87639808654785
1694388696.244848,913920,-16.87639808654785
1694388723.9512377,914688,-16.87639808654785
1694388749.0350015,915456,-16.87639808654785
1694388786.0962515,916608,-16.87639808654785
1694388856.858807,918528,-16.87639808654785
1694388881.7677922,919296,-16.87639808654785
1694388894.749904,919680,-15.5999174118042
1694388906.745305,920064,-15.5999174118042
1694388918.4492867,920448,-15.5999174118042
1694389027.9430623,923520,-15.5999174118042
1694389150.1030793,926976,-15.5999174118042
1694389228.2108486,928896,-15.5999174118042
1694389338.324871,931968,-15.5999174118042
1694389351.6915278,932352,-15.5999174118042
1694389393.1107385,933504,-15.5999174118042
1694389460.0462983,935040,-15.5999174118042
1694389504.785616,936192,-15.5999174118042
1694389562.174662,937728,-15.5999174118042
1694389612.5425706,938880,-15.5999174118042
1694389661.4353287,940032,-15.5999174118042
1694389673.789609,940416,-15.5999174118042
1694389685.773805,940800,-15.5999174118042
1694389711.122575,941568,-15.5999174118042
1694389818.078908,944640,-14.876112937927246
1694389841.6183112,945408,-14.876112937927246
1694389865.8189445,946176,-14.876112937927246
1694389890.163468,946944,-14.876112937927246
1694389953.4828959,948864,-14.876112937927246
1694390032.3325949,950784,-14.876112937927246
1694390091.3947911,952320,-14.876112937927246
1694390147.790205,953856,-14.876112937927246
1694390161.9863977,954240,-14.876112937927246
1694390187.2584925,954624,-14.876112937927246
1694390255.957656,956160,-14.876112937927246
1694390296.4629714,957312,-14.876112937927246
1694390338.7714152,958464,-14.876112937927246
1694390456.9937348,961536,-14.876112937927246
1694390481.1512828,962304,-14.876112937927246
1694390528.4714887,963840,-14.876112937927246
1694390540.6008608,964224,-14.876112937927246
1694390553.2188327,964608,-14.876112937927246
1694390564.761019,964992,-14.876112937927246
1694390587.7970111,965760,-15.022271156311035
1694390623.486298,966528,-15.022271156311035
1694390660.7610214,967680,-15.022271156311035
1694390698.4235213,968832,-15.022271156311035
1694390712.1607716,969216,-15.022271156311035
1694390737.72425,969984,-15.022271156311035
1694390763.3935115,970752,-15.022271156311035
1694390877.0162437,973440,-15.022271156311035
1694390934.738521,974976,-15.022271156311035
1694390962.2955801,975744,-15.022271156311035
1694390989.428371,976512,-15.022271156311035
1694391018.461032,977280,-15.022271156311035
1694391044.094712,977664,-15.022271156311035
1694391074.1508973,978432,-15.022271156311035
1694391116.7582743,979584,-15.022271156311035
1694391143.9904606,980352,-15.022271156311035
1694391188.3563888,981504,-15.022271156311035
1694391215.719033,982272,-15.022271156311035
1694391269.9507246,983424,-15.022271156311035
1694391284.1066012,983808,-15.022271156311035
1694391297.111898,984192,-15.022271156311035
1694391435.921728,988032,-15.022271156311035
1694391458.9491978,988416,-15.022271156311035
1694391483.306887,989184,-14.823848724365234
1694391495.0634246,989568,-14.823848724365234
1694391506.8628464,989952,-14.823848724365234
1694391519.2384803,990336,-14.823848724365234
1694391555.2258775,991488,-14.823848724365234
1694391567.0076172,991872,-14.823848724365234
1694391590.8596733,992640,-14.823848724365234
1694391638.3467844,993792,-14.823848724365234
1694391663.6287837,994560,-14.823848724365234
1694391688.8396876,995328,-14.823848724365234
1694391714.9590921,996096,-14.823848724365234
1694391855.6687667,999552,-14.823848724365234
1694391870.800606,999936,-14.823848724365234
1694391912.7070274,1001088,-14.823848724365234
1694391942.1607099,1001856,-14.823848724365234
1694391972.1190546,1002624,-14.823848724365234
1694392002.151437,1003392,-14.823848724365234
1694392053.639988,1004160,-14.823848724365234
1694392068.0571387,1004544,-14.823848724365234
1694392108.6501532,1005696,-14.823848724365234
1694392187.5237243,1008000,-14.823848724365234
1694392200.780436,1008384,-14.823848724365234
1694392258.957075,1009920,-14.823848724365234
1694392294.2131426,1011072,-14.823848724365234
1694392330.3725843,1012224,-11.608585357666016
1694392353.8472893,1012992,-11.608585357666016
1694392365.640142,1013376,-11.608585357666016
1694392416.1329744,1014912,-11.608585357666016
1694392476.0613053,1016448,-11.608585357666016
1694392512.8670306,1017600,-11.608585357666016
1694392525.6726763,1017984,-11.608585357666016
1694392538.6906302,1018368,-11.608585357666016
1694392551.9675624,1018752,-11.608585357666016
1694392592.0103755,1019904,-11.608585357666016
1694392670.9602892,1021440,-11.608585357666016
1694392698.5195694,1022208,-11.608585357666016
1694392757.0688107,1023744,-11.608585357666016
1694392771.428593,1024128,-11.608585357666016
1694392799.7486315,1024896,-11.608585357666016
1694392815.4179494,1025280,-11.608585357666016
1694392897.4515362,1027200,-11.608585357666016
1694392940.8493326,1028352,-11.608585357666016
1694392955.45929,1028736,-11.608585357666016
1694392982.8144176,1029504,-11.608585357666016
1694393008.7666583,1030272,-11.608585357666016
1694393034.8573153,1031040,-11.608585357666016
1694393047.8534315,1031424,-11.608585357666016
1694393096.3374965,1032576,-11.608585357666016
1694393108.5281258,1032960,-11.608585357666016
1694393134.7698631,1033728,-11.608585357666016
1694393172.1748872,1034880,-11.698478698730469
1694393185.583799,1035264,-11.698478698730469
1694393210.331085,1036032,-11.698478698730469
1694393295.1453712,1038336,-11.698478698730469
1694393332.678252,1039488,-11.698478698730469
1694393369.0577004,1040640,-11.698478698730469
1694393382.3983104,1041024,-11.698478698730469
1694393434.8709092,1042560,-11.698478698730469
1694393526.6415765,1044864,-11.698478698730469
1694393627.866628,1047552,-11.698478698730469
1694393725.418125,1049856,-11.698478698730469
1694393783.9658184,1051392,-11.698478698730469
1694393811.7917223,1052160,-11.698478698730469
1694393890.2319038,1054080,-11.698478698730469
1694393928.188167,1055232,-11.698478698730469
1694393951.6429484,1056000,-11.698478698730469
1694394000.2350833,1057536,-11.698478698730469
1694394069.875019,1059456,-11.122462272644043
1694394117.9451525,1060992,-11.122462272644043
1694394166.5158796,1062528,-11.122462272644043
1694394205.5806382,1063680,-11.122462272644043
1694394340.8527207,1067136,-11.122462272644043
1694394439.582357,1069440,-11.122462272644043
1694394595.2096348,1073280,-11.122462272644043
1694394610.1190047,1073664,-11.122462272644043
1694394624.3321745,1074048,-11.122462272644043
1694394675.281532,1075200,-11.122462272644043
1694394688.2562563,1075584,-11.122462272644043
1694394749.559654,1077504,-11.122462272644043
1694394774.0204704,1078272,-11.122462272644043
1694394823.5550046,1079808,-11.122462272644043
1694394835.7782557,1080192,-11.122462272644043
1694394848.052361,1080576,-11.122462272644043
1694394874.87455,1080960,-11.103075981140137
1694394888.6996117,1081344,-11.103075981140137
1694394900.9864318,1081728,-11.103075981140137
1694394913.6619778,1082112,-11.103075981140137
1694394939.7689838,1082880,-11.103075981140137
1694395018.8359654,1085184,-11.103075981140137
1694395067.2228549,1086336,-11.103075981140137
1694395146.9199054,1088640,-11.103075981140137
1694395201.845137,1090176,-11.103075981140137
1694395336.8827941,1093632,-11.103075981140137
1694395351.2081096,1094016,-11.103075981140137
1694395365.5822103,1094400,-11.103075981140137
1694395379.297406,1094784,-11.103075981140137
1694395450.802767,1096704,-11.103075981140137
1694395478.8543916,1097472,-11.103075981140137
1694395555.1070757,1099392,-11.103075981140137
1694395593.4487834,1100544,-11.103075981140137
1694395618.8303056,1101312,-11.103075981140137
1694395630.9786043,1101696,-11.103075981140137
1694395654.5446408,1102080,-11.103075981140137
1694395666.6500623,1102464,-11.103075981140137
1694395714.2844536,1104000,-11.215176582336426
1694395808.2631106,1107072,-11.215176582336426
1694395820.185492,1107456,-11.215176582336426
1694395870.6633918,1108608,-11.215176582336426
1694395897.6519861,1109376,-11.215176582336426
1694395909.7798803,1109760,-11.215176582336426
1694395934.8676615,1110528,-11.215176582336426
1694396001.9156475,1112448,-11.215176582336426
1694396083.7651653,1114368,-11.215176582336426
1694396111.0503154,1115136,-11.215176582336426
1694396138.5898163,1115904,-11.215176582336426
1694396181.803175,1117056,-11.215176582336426
1694396209.3997123,1117824,-11.215176582336426
1694396291.8709977,1119744,-11.215176582336426
1694396331.8601646,1120896,-11.215176582336426
1694396369.8179717,1122048,-11.215176582336426
1694396490.9271128,1125504,-11.215176582336426
1694396502.9205844,1125888,-11.215176582336426
1694396537.6212392,1127040,-10.909098625183105
1694396573.7439842,1128192,-10.909098625183105
1694396599.5530522,1128960,-10.909098625183105
1694396612.1343343,1129344,-10.909098625183105
1694396699.579447,1131648,-10.909098625183105
1694396738.7217004,1132800,-10.909098625183105
1694396753.3211591,1133184,-10.909098625183105
1694396781.6952944,1133952,-10.909098625183105
1694396825.3140352,1135104,-10.909098625183105
1694396865.086081,1135872,-10.909098625183105
1694396892.5690048,1136640,-10.909098625183105
1694396936.7177513,1137792,-10.909098625183105
1694396950.182001,1138176,-10.909098625183105
1694396963.4971027,1138560,-10.909098625183105
1694397071.1878366,1141248,-10.909098625183105
1694397139.9772832,1143168,-10.909098625183105
1694397167.834671,1143936,-10.909098625183105
1694397181.3293357,1144320,-10.909098625183105
1694397194.941438,1144704,-10.909098625183105
1694397249.6332817,1146240,-10.909098625183105
1694397263.7327828,1146624,-10.909098625183105
1694397342.7060804,1148544,-10.909098625183105
1694397355.916487,1148928,-10.909098625183105
