step_time,reward,total_stopped,total_wait_time,avg_wait_time,avg_speed,gneJ0_stopped,gneJ0_accumulated_waiting_time,gneJ0_average_speed,gneJ6_stopped,gneJ6_accumulated_waiting_time,gneJ6_average_speed,agents_total_stopped,agents_total_accumulated_waiting_time
5.0,0.0,0,0.0,0.0,9.634867596189007,0,0.0,1.0,0,0.0,0.41255063560140764,0,0.0
10.0,-0.01,1,0.02,0.01,6.410920544086227,0,0.0,1.0,1,2.0,0.48593975932648237,1,2.0
15.0,-0.025,1,0.07,0.035,6.205642006516326,0,0.0,1.0,1,7.0,0.3772125829598098,1,7.0
20.0,-0.08499999999999999,4,0.24,0.12,6.876259709118604,0,0.0,0.9735882833552346,4,24.0,0.2718035815356907,4,24.0
25.0,-0.11499999999999999,5,0.47,0.235,6.488743247568532,0,0.0,1.0,5,47.0,0.2376595411762888,5,47.0
30.0,-0.14,6,0.75,0.375,7.240935722195698,0,0.0,0.8947869889219174,6,75.0,0.37688454179476855,6,75.0
35.0,-0.15000000000000002,6,1.05,0.525,6.137824610417525,0,0.0,0.7964832830829334,6,105.0,0.2773325951739781,6,105.0
40.0,-0.17499999999999993,7,1.4,0.7,7.150100813672773,0,0.0,0.8961033554237551,7,140.0,0.22229829251618885,7,140.0
45.0,-0.15500000000000003,8,1.71,0.855,5.7215901413455,1,1.0,0.5880711493589733,7,170.0,0.24610986534708318,8,171.0
50.0,0.5599999999999999,3,0.59,0.295,6.041087312484582,2,10.0,0.3416563464610949,1,49.0,0.3735245786483472,3,59.0
55.0,0.05499999999999998,3,0.48000000000000004,0.24000000000000002,7.793900305080727,2,20.0,0.4796309591149325,1,28.0,0.44552992380124756,3,48.0
60.0,-0.009999999999999995,4,0.5,0.25,9.416008159385171,2,34.0,0.5252354543728572,2,16.0,0.5064263916711425,4,50.0
65.0,-0.11999999999999998,6,0.74,0.37,8.607318915180711,3,44.0,0.18919786056078672,3,30.0,0.5333351166863207,6,74.0
70.0,-0.14999999999999997,8,1.04,0.52,7.688452526262245,3,57.0,0.23593401524146781,5,47.0,0.32369939187753005,8,104.0
75.0,-0.25500000000000006,11,1.55,0.775,4.836728598276114,4,76.0,4.420541344902885e-06,7,79.0,0.12551623775598314,11,155.0
80.0,-0.2799999999999999,12,2.11,1.055,4.961040505062738,4,96.0,0.0,8,115.0,8.232014451436068e-05,12,211.0
85.0,-0.30000000000000004,12,2.71,1.355,5.318670293114143,4,116.0,0.29900251155484575,8,155.0,0.10182496375748755,12,271.0
90.0,-0.30000000000000004,12,3.31,1.655,5.193243978235571,4,136.0,0.32655172390510173,8,195.0,0.28884908733407455,12,331.0
95.0,0.45500000000000007,10,2.4,1.2,4.27458883497031,2,73.0,0.46744487570599824,8,167.0,0.16618101119239384,10,240.0
100.0,0.30499999999999994,4,1.79,0.895,6.889295774405397,0,25.0,0.48163171740424227,4,154.0,0.27499943702595486,4,179.0
105.0,0.34,3,1.1099999999999999,0.5549999999999999,7.805878695163037,2,12.0,0.49533864389150634,1,99.0,0.231770451030255,3,111.0
110.0,0.20499999999999996,5,0.7000000000000001,0.35000000000000003,7.215342019747686,2,16.0,0.5407413940122228,3,54.0,0.43032750938951125,5,70.0
115.0,0.005000000000000018,6,0.69,0.345,6.957656430706986,3,28.0,0.40778139631070975,3,41.0,0.4259064580016835,6,69.0
120.0,-0.18500000000000003,10,1.06,0.53,6.5610006920643915,6,50.0,0.2034355962517121,4,56.0,0.5951754183995336,10,106.0
125.0,-0.305,13,1.67,0.835,5.093706734646373,9,91.0,0.21712706767301512,4,76.0,0.2689437845989018,13,167.0
130.0,-0.35999999999999993,16,2.3899999999999997,1.1949999999999998,4.387862779041874,11,141.0,0.09973808411058067,5,98.0,0.0005293984927227424,16,239.0
135.0,-0.43499999999999994,19,3.26,1.63,3.673751721202935,14,203.0,0.08033192525917969,5,123.0,0.27055588524217467,19,326.0
140.0,-0.5250000000000001,22,4.3100000000000005,2.1550000000000002,2.497178446721316,17,283.0,0.13911987111106275,5,148.0,0.011401425846102393,22,431.0
145.0,1.44,4,1.43,0.715,4.563678313196926,4,141.0,0.1886057630530389,0,2.0,0.25330272111318924,4,143.0
150.0,0.27499999999999997,2,0.88,0.44,7.897904035666541,2,88.0,0.1315890532451776,0,0.0,0.9870848571009915,2,88.0
155.0,0.09000000000000002,2,0.7,0.35,9.130658636071667,2,69.0,0.2804863130744726,0,1.0,0.954639132682571,2,70.0
160.0,0.15999999999999998,2,0.38,0.19,10.289992489745979,2,35.0,0.3084446905730525,0,3.0,0.7650719821356166,2,38.0
165.0,-0.030000000000000013,4,0.44,0.22,9.284570754523152,3,38.0,0.2420399186492322,1,6.0,0.5846957730404039,4,44.0
170.0,-0.10000000000000002,6,0.64,0.32,6.3933107972116145,4,54.0,0.18458745055393921,2,10.0,0.005948956571046681,6,64.0
175.0,-0.175,7,0.99,0.495,6.46470656513242,4,74.0,0.2367817537988739,3,25.0,0.0,7,99.0
180.0,-0.195,8,1.38,0.69,5.332306059242496,5,98.0,0.1605525426704292,3,40.0,0.22910039327934573,8,138.0
185.0,-0.2,8,1.78,0.89,5.606388652264068,5,123.0,0.35673028715271726,3,55.0,0.13904586460983215,8,178.0
190.0,0.54,2,0.7,0.35,5.141070299011017,1,49.0,0.20440978068204102,1,21.0,0.3519940022926204,2,70.0
195.0,0.29,4,0.12000000000000001,0.060000000000000005,8.0228509054166,2,5.0,0.3046392017975608,2,7.0,0.3197568620299981,4,12.0
200.0,-0.105,3,0.32999999999999996,0.16499999999999998,9.665335495580317,2,18.0,0.570658363474991,1,15.0,0.316659370316557,3,33.0
205.0,-0.08000000000000002,3,0.49,0.245,8.99399311412048,1,22.0,0.5241016086875422,2,27.0,0.4093209577027322,3,49.0
210.0,-0.09999999999999999,8,0.69,0.345,5.816996011800704,4,32.0,0.22345719410384587,4,37.0,0.17325972765357736,8,69.0
215.0,-0.255,11,1.2,0.6,4.448789405968488,6,58.0,0.12150752212683229,5,62.0,0.16673074537107294,11,120.0
220.0,-0.31500000000000006,13,1.83,0.915,3.1709868075114347,7,93.0,0.0010325719975955063,6,90.0,4.060228440787009e-05,13,183.0
225.0,-0.35,14,2.5300000000000002,1.2650000000000001,4.055997392106372,8,133.0,0.19015710318906448,6,120.0,0.13303503520561075,14,253.0
230.0,-0.35,14,3.23,1.615,3.5817602623259046,8,173.0,0.19103053349729282,6,150.0,0.33943603579113124,14,323.0
235.0,-0.36,16,3.95,1.975,2.7731488662475674,8,213.0,0.0,8,182.0,0.23317854387456458,16,395.0
240.0,1.8599999999999999,1,0.23,0.115,6.929962475900237,0,17.0,0.36428429422377906,1,6.0,0.30132953864707773,1,23.0
245.0,0.04000000000000001,3,0.15,0.075,9.357729771599269,0,0.0,0.5296243310162774,3,15.0,0.2396076723365077,3,15.0
250.0,-0.06999999999999999,2,0.29,0.145,10.099737758157891,0,0.0,0.9009610083996752,2,29.0,0.5201302655583611,2,29.0
255.0,-0.04000000000000001,3,0.37,0.185,8.971513826206463,0,0.0,0.9448057683348695,3,37.0,0.33424945986188836,3,37.0
260.0,-0.07500000000000001,3,0.52,0.26,9.390719887208508,0,0.0,0.7465647431288388,3,52.0,0.24047839529486464,3,52.0
265.0,-0.09000000000000001,5,0.7000000000000001,0.35000000000000003,8.805897775613364,2,3.0,0.1584284622925302,3,67.0,0.2045122460309049,5,70.0
270.0,-0.14499999999999996,7,0.99,0.495,7.818618453507562,3,15.0,0.22580310577837662,4,84.0,0.28703502359576916,7,99.0
275.0,-0.18500000000000005,8,1.36,0.68,6.085599757995708,4,32.0,0.28937666424034403,4,104.0,0.18585227478789182,8,136.0
280.0,-0.22,9,1.8,0.9,5.829135634820216,5,56.0,0.2129112929661191,4,124.0,0.24831316844227014,9,180.0
285.0,0.7550000000000001,1,0.29,0.145,6.427338787350476,1,11.0,0.49332568088479206,0,18.0,0.20322827988853506,1,29.0
290.0,0.1,1,0.09,0.045,9.44191454111107,1,9.0,0.6010892941297881,0,0.0,0.5966878172188993,1,9.0
295.0,-0.010000000000000005,1,0.11000000000000001,0.05500000000000001,9.424712152307729,1,7.0,0.540737736483233,0,4.0,0.8048779355337379,1,11.0
300.0,-0.06999999999999999,3,0.25,0.125,8.937349072578227,3,21.0,0.09682422514657976,0,4.0,0.8566185409742062,3,25.0
305.0,-0.115,6,0.48,0.24,7.003015116770956,5,44.0,0.25837889964188904,1,4.0,0.3367048654579507,6,48.0
310.0,-0.22999999999999998,10,0.94,0.47,6.203902089126503,6,72.0,0.3399496318594734,4,22.0,0.3734364010134406,10,94.0
315.0,-0.28500000000000003,12,1.51,0.755,5.159035970158735,7,104.0,0.19618049226811235,5,47.0,0.30197014402176114,12,151.0
320.0,-0.41,18,2.33,1.165,4.70163364524238,9,147.0,0.11310155964074536,9,86.0,0.29558690745026456,18,233.0
325.0,-0.465,19,3.26,1.63,4.748412498116646,10,195.0,0.08322178591064648,9,131.0,0.25489005520708397,19,326.0
330.0,0.79,11,1.6800000000000002,0.8400000000000001,5.063851289808348,5,91.0,0.5228921744986748,6,77.0,0.08939678523121837,11,168.0
335.0,0.615,1,0.45,0.225,6.526213611993845,1,11.0,0.3476091528854255,0,34.0,0.4279263816770101,1,45.0
340.0,0.11000000000000001,5,0.23,0.115,7.39854898706275,5,19.0,0.16292298283016296,0,4.0,0.10514959684900273,5,23.0
345.0,-0.175,5,0.58,0.29,8.3967429575145,4,43.0,0.393454925274415,1,15.0,0.6281215009408828,5,58.0
350.0,-0.085,6,0.75,0.375,8.474347417896798,5,62.0,0.3920997327520675,1,13.0,0.6329540071844508,6,75.0
355.0,-0.15000000000000002,8,1.05,0.525,7.524602001676356,7,91.0,0.15004596006960516,1,14.0,0.31826905902377844,8,105.0
360.0,-0.245,11,1.54,0.77,6.695476020263453,9,131.0,0.18035759355177688,2,23.0,0.1420898025829496,11,154.0
365.0,-0.295,13,2.13,1.065,4.404046798066198,9,176.0,0.1098447898532385,4,37.0,0.47417606885875424,13,213.0
370.0,-0.325,14,2.7800000000000002,1.3900000000000001,3.7583601855024056,10,225.0,0.16143368318260853,4,53.0,0.280594450236473,14,278.0
375.0,-0.39,16,3.56,1.78,4.138951647086022,10,275.0,0.15881508252587415,6,81.0,0.0671497510091337,16,356.0
380.0,1.2,0,1.1600000000000001,0.5800000000000001,6.332962581550883,0,109.0,0.3217998860884789,0,7.0,0.42597900747815665,0,116.0
385.0,0.43500000000000005,4,0.29000000000000004,0.14500000000000002,9.20298486711752,3,27.0,0.38379705156885097,1,2.0,0.6275426784195468,4,29.0
390.0,-0.01999999999999999,5,0.33,0.165,8.622395149524348,3,22.0,0.27242199351711627,2,11.0,0.5347141037616472,5,33.0
395.0,-0.195,8,0.72,0.36,7.385533400070942,5,45.0,0.3278291987399316,3,27.0,0.46672034979440713,8,72.0
400.0,-0.22499999999999998,10,1.17,0.585,4.400909866306699,6,75.0,0.11832923429678771,4,42.0,0.2288309893068683,10,117.0
405.0,-0.36,17,1.89,0.945,3.430347426773348,9,116.0,5.912179518348529e-05,8,73.0,0.19388518236107824,17,189.0
410.0,-0.4800000000000001,20,2.85,1.425,2.6265945409907405,9,161.0,0.09587946709288879,11,124.0,0.07946993345128175,20,285.0
415.0,-0.5,20,3.85,1.925,3.2477223243998705,9,206.0,0.05195765354422159,11,179.0,0.14093079681884296,20,385.0
420.0,-0.5349999999999999,23,4.92,2.46,2.3811884410734323,10,254.0,0.14280738898376924,13,238.0,0.12802637472521802,23,492.0
425.0,1.1099999999999999,8,2.7,1.35,3.5303497403908404,3,121.0,0.11815283678934813,5,149.0,0.115127537965767,8,270.0
430.0,0.8049999999999999,3,1.09,0.545,6.889324498300991,2,56.0,0.10842122521144479,1,53.0,0.287166777028976,3,109.0
435.0,0.27,4,0.55,0.275,9.86646554717822,2,18.0,0.28428027823948426,2,37.0,0.47645683335032557,4,55.0
440.0,-0.04000000000000001,6,0.63,0.315,10.088482013222857,3,34.0,0.6059645215133147,3,29.0,0.5222264438134891,6,63.0
445.0,-0.125,8,0.88,0.44,7.484690238918945,4,49.0,0.26876205932268116,4,39.0,0.30458450723692654,8,88.0
450.0,-0.275,12,1.4300000000000002,0.7150000000000001,5.9261998045947095,6,77.0,0.12459534810568451,6,66.0,0.18819655665928678,12,143.0
455.0,-0.315,14,2.06,1.03,4.859406514058078,7,108.0,0.19983071770990968,7,98.0,0.14794600597681978,14,206.0
460.0,-0.3849999999999999,16,2.83,1.415,4.091096639246754,7,143.0,0.06938818799925267,9,140.0,0.17430845939604495,16,283.0
465.0,-0.4700000000000001,20,3.77,1.885,2.3594522231518855,9,185.0,0.0,11,192.0,0.06673080176532288,20,377.0
470.0,-0.5049999999999999,21,4.779999999999999,2.3899999999999997,2.4881460983573027,9,230.0,0.1,12,248.0,0.13043334988770533,21,478.0
475.0,1.2899999999999998,7,2.2,1.1,4.975220430722286,0,93.0,0.40654142818883426,7,127.0,0.07995090500691532,7,220.0
480.0,0.655,4,0.89,0.445,8.337583839536522,0,27.0,0.6743396683556723,4,62.0,0.22170654216717972,4,89.0
485.0,0.14,3,0.61,0.305,8.985840421780807,0,2.0,0.8720975427440879,3,59.0,0.42993262226375556,3,61.0
490.0,-0.07500000000000001,4,0.76,0.38,7.876500616121429,0,1.0,0.8200963204749934,4,75.0,0.4567632166005114,4,76.0
495.0,-0.12499999999999999,8,1.01,0.505,6.308085179539574,1,3.0,0.3214519360985244,7,98.0,0.35733309626608983,8,101.0
500.0,-0.20999999999999996,17,1.43,0.715,4.507426665359782,6,25.0,0.3162559133279565,11,118.0,0.11972888000932229,17,143.0
505.0,-0.47500000000000003,19,2.38,1.19,4.229437820630434,6,58.0,0.3219859880772252,13,180.0,0.1690192371318735,19,238.0
510.0,-0.51,22,3.4000000000000004,1.7000000000000002,3.798918799347451,9,95.0,0.31535873634251005,13,245.0,0.06568292483995233,22,340.0
515.0,-0.59,25,4.58,2.29,3.1265405809321227,11,144.0,0.17951392065377592,14,314.0,0.13817818946661908,25,458.0
520.0,1.0,6,2.58,1.29,4.828734815401539,4,100.0,0.29781385154566675,2,158.0,0.27243716117794375,6,258.0
525.0,0.775,4,1.03,0.515,7.613837064480116,3,56.0,0.2050881061390095,1,47.0,0.3028843050928635,4,103.0
530.0,0.26,5,0.51,0.255,9.776459032958812,4,42.0,0.4365569333219338,1,9.0,0.5383815498948091,5,51.0
535.0,-0.115,6,0.74,0.37,9.05531395804444,5,60.0,0.0241850427795974,1,14.0,0.5942612392343121,6,74.0
540.0,-0.18000000000000005,8,1.1,0.55,7.098781632381,7,93.0,0.12064544970905418,1,17.0,0.26322154128710396,8,110.0
545.0,-0.255,11,1.61,0.805,4.872411442255461,7,128.0,0.1210310240733732,4,33.0,0.0016926519739766722,11,161.0
550.0,-0.2749999999999999,11,2.16,1.08,5.016310382879577,7,163.0,0.2381612182510274,4,53.0,0.0,11,216.0
555.0,-0.29999999999999993,13,2.76,1.38,4.644857133671347,9,203.0,0.09063999107985478,4,73.0,0.052239703851889474,13,276.0
560.0,-0.3350000000000001,14,3.4299999999999997,1.7149999999999999,4.436378260293727,9,248.0,0.17691878984752238,5,95.0,0.34618404518499635,14,343.0
565.0,1.025,6,1.38,0.69,3.8338070171713543,5,113.0,0.2640698135012515,1,25.0,0.4960814599997689,6,138.0
570.0,0.5349999999999999,3,0.31,0.155,7.023712070789142,2,27.0,0.21103665878394326,1,4.0,0.013354541895945907,3,31.0
575.0,-0.07499999999999998,6,0.45999999999999996,0.22999999999999998,8.418013408156991,3,24.0,0.31696630228266937,3,22.0,0.22765681475491503,6,46.0
580.0,-0.21999999999999997,7,0.8999999999999999,0.44999999999999996,8.60667174269345,4,49.0,0.4790625381031998,3,41.0,0.5808729584670473,7,90.0
585.0,-0.165,8,1.23,0.615,5.451443869583141,4,65.0,0.23593379743511553,4,58.0,0.33166175016011856,8,123.0
590.0,-0.31,15,1.85,0.925,3.581174719645577,7,94.0,0.10576944785658189,8,91.0,0.2088078024120351,15,185.0
595.0,-0.48500000000000004,21,2.8200000000000003,1.4100000000000001,2.4822497897327063,8,134.0,0.0019739752514150964,13,148.0,0.0027613476514759547,21,282.0
600.0,-0.565,23,3.95,1.975,2.728889181401969,9,178.0,0.17112422046294978,14,217.0,0.06548001419669848,23,395.0
605.0,-0.525,23,5.0,2.5,2.00797841878289,9,223.0,0.19619454749379692,14,277.0,0.11716905371989857,23,500.0
610.0,-0.6000000000000001,25,6.2,3.1,2.2084522714000965,10,272.0,0.083379017776326,15,348.0,0.06252519216049333,25,620.0
615.0,1.9050000000000002,3,2.3899999999999997,1.1949999999999998,5.905792931078217,2,101.0,0.3538822505976835,1,138.0,0.11527440960577974,3,239.0
620.0,0.7999999999999999,1,0.79,0.395,9.43964321617769,1,12.0,0.4819150917669239,0,67.0,0.5513461801823375,1,79.0
625.0,0.315,1,0.16,0.08,11.242555670123739,1,14.0,0.7001178380906139,0,2.0,0.9121095014966135,1,16.0
630.0,-0.034999999999999996,3,0.23,0.115,11.281405144072549,1,17.0,0.7061433398751428,2,6.0,0.582640350674435,3,23.0
635.0,-0.065,3,0.36,0.18,8.640124861402304,1,22.0,0.3770462372015818,2,14.0,0.289180333126162,3,36.0
640.0,-0.135,7,0.63,0.315,7.2569402193812,3,33.0,0.3845814899427155,4,30.0,0.22440182648654386,7,63.0
645.0,-0.20500000000000002,9,1.04,0.52,7.646603621630571,4,51.0,0.387987151720402,5,53.0,0.23183387353289778,9,104.0
650.0,-0.24,10,1.52,0.76,6.094316314133667,4,71.0,0.17624203475366776,6,81.0,0.1428600896951879,10,152.0
655.0,-0.27,11,2.06,1.03,5.672672581059405,5,95.0,0.3850453984315026,6,111.0,0.2714699160420447,11,206.0
660.0,0.68,3,0.7,0.35,5.487581159098294,1,21.0,0.18389930277100341,2,49.0,0.19357571916347543,3,70.0
665.0,0.235,5,0.23,0.115,8.15150984763395,2,10.0,0.31147532207093415,3,13.0,0.246062632345231,5,23.0
670.0,-0.185,7,0.6,0.3,8.364869534310586,3,23.0,0.46581514612696084,4,37.0,0.27073166771644325,7,60.0
675.0,-0.175,7,0.95,0.475,7.913663982815275,2,33.0,0.511147804232617,5,62.0,0.35554896117720614,7,95.0
680.0,-0.20500000000000002,10,1.36,0.68,5.968149394607456,3,45.0,0.4552852865974402,7,91.0,0.17723257241542154,10,136.0
685.0,-0.29500000000000004,13,1.9500000000000002,0.9750000000000001,4.833665531132389,4,61.0,0.1603092268602853,9,134.0,0.29175963454845044,13,195.0
690.0,-0.3899999999999999,18,2.73,1.365,2.9539087309622243,5,85.0,0.15982744339030677,13,188.0,0.0862115104963518,18,273.0
695.0,-0.46,19,3.65,1.825,2.874713376482671,5,110.0,0.17699216576887133,14,255.0,0.15318667714532655,19,365.0
700.0,-0.4950000000000001,21,4.640000000000001,2.3200000000000003,3.0958719710858085,5,135.0,0.26703396097679516,16,329.0,0.057730717138600715,21,464.0
705.0,-0.5699999999999998,23,5.779999999999999,2.8899999999999997,2.951600808533434,5,160.0,0.14066979866512158,18,418.0,0.14475332587000755,23,578.0
710.0,2.255,3,1.27,0.635,5.726511208537316,0,2.0,0.667133179794788,3,125.0,0.18794421047615298,3,127.0
715.0,0.42,4,0.43000000000000005,0.21500000000000002,9.319515414106135,2,3.0,0.5043120192986786,2,40.0,0.25216776548301106,4,43.0
720.0,0.010000000000000009,6,0.41000000000000003,0.20500000000000002,9.831952225496963,3,15.0,0.4776923378343154,3,26.0,0.37326613613763504,6,41.0
725.0,-0.13,6,0.6699999999999999,0.33499999999999996,9.960302325661196,3,30.0,0.629806074841623,3,37.0,0.36163089541502225,6,67.0
730.0,-0.14500000000000002,6,0.96,0.48,7.4475490897298195,3,44.0,0.1665207656336747,3,52.0,0.16805056997864276,6,96.0
735.0,-0.24000000000000002,10,1.44,0.72,6.180696172918474,5,68.0,0.02888746643540023,5,76.0,0.35062383089975274,10,144.0
740.0,-0.27499999999999997,12,1.99,0.995,2.180543102156858,6,96.0,4.282373488243904e-05,6,103.0,9.917702927531904e-05,12,199.0
745.0,-0.30000000000000004,12,2.59,1.295,4.056483213622181,6,126.0,0.2437596315592513,6,133.0,1.1929727797788513e-06,12,259.0
750.0,-0.29999999999999993,12,3.19,1.595,4.884241825962531,6,156.0,0.2730000119855993,6,163.0,0.24525051637849724,12,319.0
755.0,0.86,4,1.47,0.735,5.7997188057322,3,46.0,0.28975403606856365,1,101.0,0.3299605194757773,4,147.0
760.0,0.515,5,0.44,0.22,8.094349299969757,3,23.0,0.0,2,21.0,0.5359255612584586,5,44.0
765.0,-0.07999999999999999,5,0.6,0.3,9.404268925687138,3,42.0,0.4745875413611712,2,18.0,0.5019506020252449,5,60.0
770.0,-0.155,7,0.9099999999999999,0.45499999999999996,8.01782440363918,4,62.0,0.4253671589870055,3,29.0,0.38532306786448156,7,91.0
775.0,-0.225,11,1.3599999999999999,0.6799999999999999,6.308053682894073,7,88.0,0.2768003409608299,4,48.0,0.2286571956656626,11,136.0
780.0,-0.34500000000000003,16,2.05,1.025,4.141704426899844,10,132.0,0.12890019434228672,6,73.0,0.2549404498841581,16,205.0
785.0,-0.44999999999999996,20,2.95,1.475,4.077339349256633,12,188.0,0.07072023339177608,8,107.0,0.3059757219784033,20,295.0
790.0,-0.51,21,3.9699999999999998,1.9849999999999999,3.8188984990465733,12,248.0,0.24249007555833724,9,149.0,0.040294410578636,21,397.0
795.0,-0.5499999999999999,23,5.07,2.535,3.78783553096407,13,309.0,0.14803847175684204,10,198.0,8.823360048378551e-06,23,507.0
800.0,1.025,18,3.0199999999999996,1.5099999999999998,2.527490796287415,12,188.0,0.13438262840117107,6,114.0,0.203984730340074,18,302.0
805.0,0.49999999999999983,5,2.02,1.01,5.981287944510237,4,111.0,0.22109040648609365,1,91.0,0.4074936491118761,5,202.0
810.0,0.15500000000000005,3,1.71,0.855,8.343163947874391,3,128.0,0.309280877027521,0,43.0,0.3193750326708099,3,171.0
815.0,0.15000000000000002,6,1.41,0.705,7.87076074741719,4,125.0,0.29232164565871394,2,16.0,0.5164578406732003,6,141.0
820.0,-0.0050000000000000044,9,1.42,0.71,6.291687366151145,7,126.0,0.11922141904028338,2,16.0,0.30331673066628373,9,142.0
825.0,-0.23999999999999994,9,1.9,0.95,5.3624760708899695,7,164.0,0.15476451654981616,2,26.0,0.2977544863260984,9,190.0
830.0,-0.065,10,2.03,1.015,5.297167587580141,8,167.0,0.1622887707080395,2,36.0,0.47683318401417607,10,203.0
835.0,-0.07,10,2.17,1.085,6.231017826378807,7,169.0,0.21546052498478568,3,48.0,0.43157073314890004,10,217.0
840.0,-0.24499999999999994,11,2.6599999999999997,1.3299999999999998,6.242340226272523,8,203.0,0.11113863238268519,3,63.0,0.5697533548036997,11,266.0
845.0,-0.2900000000000002,12,3.24,1.62,6.163031083204858,8,243.0,0.11827997579057277,4,81.0,0.2521994113151103,12,324.0
850.0,1.475,1,0.29,0.145,7.5737801119481025,0,25.0,0.29124094887250235,1,4.0,0.531237408460866,1,29.0
855.0,0.065,3,0.16,0.08,9.45740859739842,2,10.0,0.6050746188166116,1,6.0,0.47612049775352344,3,16.0
860.0,-0.15,7,0.45999999999999996,0.22999999999999998,8.705167927212251,4,22.0,0.3342772862486232,3,24.0,0.4738240635984511,7,46.0
865.0,-0.195,9,0.85,0.425,6.752291701952526,4,41.0,0.40921584207323036,5,44.0,0.3153143958279597,9,85.0
870.0,-0.28500000000000003,14,1.42,0.71,5.024033733883469,6,66.0,0.3325940743469033,8,76.0,0.2315342385843929,14,142.0
875.0,-0.36999999999999994,17,2.16,1.08,3.619600187577292,8,101.0,0.185977931558111,9,115.0,0.12228100231973643,17,216.0
880.0,-0.45999999999999996,21,3.08,1.54,3.6632878743897272,9,143.0,0.28937435376073717,12,165.0,0.1393496911612426,21,308.0
885.0,-0.5599999999999999,23,4.199999999999999,2.0999999999999996,2.965039730314962,9,188.0,0.1433569094250909,14,232.0,0.16175773890008904,23,420.0
890.0,-0.6050000000000002,26,5.41,2.705,2.2067816021276996,11,239.0,0.002340069610024743,15,302.0,0.07559041790375416,26,541.0
895.0,0.9250000000000002,9,3.5599999999999996,1.7799999999999998,3.86739265324204,3,116.0,0.052447864468403306,6,240.0,0.27561510091491537,9,356.0
900.0,1.355,0,0.8500000000000001,0.42500000000000004,8.63249439760219,0,6.0,0.6993796730944122,0,79.0,0.35745606503842153,0,85.0
905.0,0.3350000000000001,0,0.18,0.09,10.542897543064115,0,0.0,0.9174216748499672,0,18.0,0.5530041797753379,0,18.0
910.0,0.039999999999999994,1,0.1,0.05,10.794249380851324,0,0.0,0.949763446018622,1,10.0,0.6091497393097978,1,10.0
915.0,-0.020000000000000004,3,0.14,0.07,9.415538297243232,0,0.0,0.049059597057030946,3,14.0,0.40368962461398694,3,14.0
920.0,-0.09499999999999999,4,0.32999999999999996,0.16499999999999998,9.80103951592603,1,4.0,0.6539438277017193,3,29.0,0.14358454844257085,4,33.0
925.0,-0.11499999999999999,5,0.5599999999999999,0.27999999999999997,7.557686150025905,1,9.0,0.37283725391419287,4,47.0,0.19946166081697358,5,56.0
930.0,-0.16000000000000003,8,0.88,0.44,7.7732516118093455,4,21.0,0.3792160518716012,4,67.0,0.1998614313714728,8,88.0
935.0,-0.19999999999999996,8,1.28,0.64,7.047648532668385,4,41.0,0.47301892941839385,4,87.0,0.19725665286308158,8,128.0
940.0,-0.21500000000000005,10,1.71,0.855,5.592235568354044,6,64.0,0.126632746010516,4,107.0,0.17410376851332532,10,171.0
945.0,0.615,3,0.48,0.24,7.216557997552188,2,24.0,0.2674826186226078,1,24.0,0.5880745147893023,3,48.0
950.0,0.11499999999999999,3,0.25,0.125,9.751081399990943,2,16.0,0.4245645105340275,1,9.0,0.5741414025048208,3,25.0
955.0,-0.10500000000000001,4,0.46,0.23,9.47091487727471,2,26.0,0.5243622653048264,2,20.0,0.5936720204447758,4,46.0
960.0,-0.145,8,0.75,0.375,6.840527472209126,3,39.0,0.38631572363107763,5,36.0,0.3848704768348389,8,75.0
965.0,-0.24,12,1.23,0.615,5.412972416758361,5,58.0,0.1902159017680536,7,65.0,0.21794343644581432,12,123.0
970.0,-0.325,15,1.88,0.94,4.328606666550648,5,83.0,0.37217489556275274,10,105.0,0.20378392281440247,15,188.0
975.0,-0.43,18,2.74,1.37,2.7459790801146404,7,114.0,0.16462222400971824,11,160.0,0.052730263713997846,18,274.0
980.0,-0.5400000000000001,23,3.8200000000000003,1.9100000000000001,3.0619934191820075,10,160.0,0.1460977156090068,13,222.0,8.195428728034094e-06,23,382.0
985.0,-0.5599999999999998,23,4.9399999999999995,2.4699999999999998,3.519421620764552,10,211.0,0.14947930619942243,13,283.0,0.12495785030680055,23,494.0
990.0,0.955,5,3.0300000000000002,1.5150000000000001,4.881769786372018,2,101.0,0.2993455229661224,3,202.0,0.3217781785971654,5,303.0
995.0,0.9800000000000001,4,1.0699999999999998,0.5349999999999999,7.344250394113629,3,48.0,0.21889088619517955,1,59.0,0.3184978630435013,4,107.0
1000.0,0.27999999999999997,6,0.51,0.255,9.448359042735817,4,35.0,0.30697857141072743,2,16.0,0.48672395750049147,6,51.0
1005.0,-0.15000000000000002,6,0.81,0.405,9.439532558710626,4,55.0,0.4988451579963243,2,26.0,0.38076300635635674,6,81.0
1010.0,-0.175,8,1.1600000000000001,0.5800000000000001,7.7254648021666865,5,79.0,0.450722250285681,3,37.0,0.19729271411860072,8,116.0
1015.0,-0.235,10,1.63,0.815,5.1533422251582595,6,106.0,0.04179681755065932,4,57.0,0.29407395491050703,10,163.0
1020.0,-0.315,14,2.26,1.13,4.229369664099402,10,149.0,2.805717666059762e-05,4,77.0,0.21240157170653465,14,226.0
1025.0,-0.345,14,2.95,1.475,5.337109761559827,9,194.0,0.19539899512766912,5,101.0,0.2109855731087903,14,295.0
1030.0,-0.39,16,3.73,1.865,4.805989815285831,10,242.0,0.29452917231939296,6,131.0,0.3164320495426667,16,373.0
1035.0,0.805,12,2.12,1.06,4.212029981218647,8,163.0,0.09081465594326171,4,49.0,0.18509092410118919,12,212.0
1040.0,0.415,3,1.2899999999999998,0.6449999999999999,7.62180725379272,3,114.0,0.31369361472151264,0,15.0,0.4086717613575216,3,129.0
1045.0,0.385,5,0.52,0.26,8.799881480174049,4,43.0,0.30488111656906225,1,9.0,0.6438470712183383,5,52.0
1050.0,-0.115,6,0.75,0.375,8.532011933676564,5,61.0,0.27803380314444787,1,14.0,0.6884408282076024,6,75.0
1055.0,-0.205,9,1.16,0.58,6.340389367458977,6,85.0,0.10316226117607323,3,31.0,0.5665891747855478,9,116.0
1060.0,-0.32500000000000007,14,1.81,0.905,4.929462134345412,9,129.0,0.12153666165051036,5,52.0,0.4163318668975083,14,181.0
1065.0,-0.435,20,2.68,1.34,3.424806803973046,11,180.0,0.2490801208590037,9,88.0,0.08632458887761069,20,268.0
1070.0,-0.5399999999999998,23,3.76,1.88,2.99888597478468,13,238.0,0.08397644527889069,10,138.0,0.01243286923042547,23,376.0
1075.0,-0.6100000000000001,26,4.98,2.49,2.7324701649819896,16,310.0,0.10900850538048047,10,188.0,0.15897459502251993,26,498.0
1080.0,-0.6199999999999999,26,6.22,3.11,1.0874631191558324,16,384.0,0.041714741821205756,10,238.0,0.12211177235602017,26,622.0
1085.0,1.6999999999999997,6,2.8200000000000003,1.4100000000000001,4.348786657637994,4,187.0,0.09884258814361968,2,95.0,0.2343259157596389,6,282.0
1090.0,0.75,6,1.32,0.66,7.8840584037066055,2,93.0,0.35681254904366533,4,39.0,0.203579435516658,6,132.0
1095.0,0.14500000000000002,7,1.03,0.515,8.540578725521176,3,67.0,0.5469605146941333,4,36.0,0.26975734010733626,7,103.0
1100.0,-0.04999999999999999,7,1.13,0.565,8.15527669394869,2,53.0,0.3186653780617409,5,60.0,0.27395908537244046,7,113.0
1105.0,-0.125,10,1.38,0.69,7.470559097368519,4,54.0,0.32242913123911204,6,84.0,0.18458494619348742,10,138.0
1110.0,-0.22500000000000003,9,1.83,0.915,7.834201680126359,4,74.0,0.31685278980485065,5,109.0,0.29750510300483246,9,183.0
1115.0,-0.2649999999999999,11,2.36,1.18,5.6015385504751904,5,98.0,0.2880117939599538,6,138.0,0.13804490384634577,11,236.0
1120.0,-0.31000000000000005,13,2.98,1.49,6.20294885855119,7,130.0,0.2718521924135345,6,168.0,0.21177150030087222,13,298.0
1125.0,-0.355,15,3.69,1.845,6.046954159792729,8,170.0,0.17554529681149403,7,199.0,0.34523022992597113,15,369.0
1130.0,1.295,4,1.1,0.55,5.5718543098827755,3,70.0,0.26092781277062915,1,40.0,0.3020191172742526,4,110.0
1135.0,0.44499999999999995,2,0.21000000000000002,0.10500000000000001,8.456182765411821,2,20.0,0.3376675353918911,0,1.0,0.41238309992253913,2,21.0
1140.0,-0.03499999999999999,2,0.28,0.14,10.836475809773374,2,22.0,0.4793518412401708,0,6.0,0.938757585132113,2,28.0
1145.0,-0.06499999999999999,2,0.41,0.205,9.924034429110215,2,35.0,0.542492369944472,0,6.0,0.7051801202110574,2,41.0
1150.0,-0.11500000000000003,7,0.64,0.32,7.926118947734602,5,54.0,0.3785034100429819,2,10.0,0.5466535405673432,7,64.0
1155.0,-0.27,13,1.1800000000000002,0.5900000000000001,4.432732631522881,9,91.0,0.23593286548790335,4,27.0,0.20296559288052013,13,118.0
1160.0,-0.38999999999999996,16,1.96,0.98,3.7714587976482283,10,140.0,0.13223766566441267,6,56.0,0.27522611031181,16,196.0
1165.0,-0.49499999999999994,20,2.9499999999999997,1.4749999999999999,3.1648857289667816,13,205.0,0.12358773924814305,7,90.0,0.15246653948257224,20,295.0
1170.0,-0.5150000000000001,22,3.9800000000000004,1.9900000000000002,3.9832854140352487,13,270.0,0.07379981251910454,9,128.0,0.1775699453115002,22,398.0
1175.0,-0.5799999999999998,24,5.14,2.57,3.4719893294759197,14,340.0,0.21458671648321465,10,174.0,0.2702840954462432,24,514.0
1180.0,1.625,3,1.89,0.945,5.590336420367325,2,148.0,0.30491102613659665,1,41.0,0.2573372397808247,3,189.0
1185.0,0.415,4,1.06,0.53,7.447680421264209,3,97.0,0.2148439502003241,1,9.0,0.46093081171975353,4,106.0
1190.0,0.09499999999999999,6,0.87,0.435,8.366986777343604,5,74.0,0.2385461046621237,1,13.0,0.6472602453744933,6,87.0
1195.0,0.13,5,0.61,0.305,9.143211184046436,3,40.0,0.36240811253408745,2,21.0,0.6868590671694069,5,61.0
1200.0,-0.09999999999999999,6,0.81,0.405,8.145911622648946,3,50.0,0.2170833712431078,3,31.0,0.3645611978451087,6,81.0
1205.0,-0.19499999999999998,8,1.2,0.6,8.939039407198347,4,70.0,0.32601783207793256,4,50.0,0.45494590654966716,8,120.0
1210.0,-0.21000000000000002,10,1.62,0.81,6.873973265919943,5,90.0,0.3098245761864349,5,72.0,0.3349891612024516,10,162.0
1215.0,-0.25499999999999995,12,2.13,1.065,5.682927357391157,6,115.0,0.24219690271326114,6,98.0,0.21727204355638813,12,213.0
1220.0,-0.3350000000000001,14,2.8,1.4,5.272520204675194,7,148.0,0.19030809401765014,7,132.0,0.2676877684865881,14,280.0
1225.0,0.91,2,0.98,0.49,6.226645994233758,0,51.0,0.280913993808889,2,47.0,0.45571761468945243,2,98.0
1230.0,0.355,4,0.27,0.135,8.341326037566333,0,0.0,0.8323866823232758,4,27.0,0.20161899642818226,4,27.0
1235.0,-0.105,7,0.48,0.24,7.87955722390357,1,3.0,0.7225487937391563,6,45.0,0.10935984470193977,7,48.0
1240.0,-0.24,10,0.96,0.48,7.659883685103688,2,11.0,0.5428586388049866,8,85.0,0.3902728786468142,10,96.0
1245.0,-0.35500000000000004,17,1.67,0.835,4.665549035949479,6,36.0,0.33459880874740766,11,131.0,0.08241538477181645,17,167.0
1250.0,-0.495,21,2.66,1.33,4.116919445833208,7,67.0,0.39926784565593226,14,199.0,0.05959998797027551,21,266.0
1255.0,-0.575,27,3.8099999999999996,1.9049999999999998,4.3589417188692705,12,118.0,0.27409842424225045,15,263.0,0.12277545297430031,27,381.0
1260.0,-0.7250000000000001,31,5.26,2.63,3.6296693617686193,14,184.0,0.13935434613171524,17,342.0,0.17001276578926386,31,526.0
1265.0,-0.8349999999999999,35,6.93,3.465,3.2604183382281824,18,266.0,0.055318050833806844,17,427.0,0.12415767586824941,35,693.0
1270.0,0.9249999999999998,31,5.08,2.54,3.208220622137856,14,185.0,0.16322790735362844,17,323.0,0.2171036781455772,31,508.0
1275.0,1.3599999999999999,5,2.3600000000000003,1.1800000000000002,6.194472111985373,2,111.0,0.3563024361514239,3,125.0,0.3460398219043246,5,236.0
1280.0,0.5900000000000001,11,1.1800000000000002,0.5900000000000001,6.506286647849465,4,65.0,0.3622428985085422,7,53.0,0.15549803441827473,11,118.0
1285.0,-0.24,15,1.6600000000000001,0.8300000000000001,6.861026117284316,8,78.0,0.3641728677322161,7,88.0,0.31466468587381197,15,166.0
1290.0,-0.35500000000000004,21,2.37,1.185,6.891658272398738,14,134.0,0.19213463412669649,7,103.0,0.34808535426630005,21,237.0
1295.0,-0.42499999999999993,22,3.2199999999999998,1.6099999999999999,7.2081988073733845,14,180.0,0.1662428618685382,8,142.0,0.30026219389403813,22,322.0
1300.0,-0.49,24,4.2,2.1,5.587156778016492,15,236.0,0.05414586768736287,9,184.0,0.33745696207380654,24,420.0
1305.0,-0.6450000000000001,27,5.49,2.745,5.6326884821883185,16,316.0,0.18885839344631866,11,233.0,0.3103534162616649,27,549.0
1310.0,-0.6549999999999998,28,6.8,3.4,5.4873135758607905,16,396.0,0.16712578050962076,12,284.0,0.31274910858969357,28,680.0
1315.0,-0.7550000000000003,33,8.31,4.155,3.4657189600624356,18,482.0,0.05042398632531103,15,349.0,0.19928261287022475,33,831.0
1320.0,2.1950000000000003,11,3.92,1.96,5.327031735076674,5,260.0,0.21658892484874523,6,132.0,0.1710551634512505,11,392.0
1325.0,0.5700000000000001,7,2.7800000000000002,1.3900000000000001,7.051372378691692,4,171.0,0.3394006996890714,3,107.0,0.21091662444255882,7,278.0
1330.0,0.47000000000000003,11,1.8399999999999999,0.9199999999999999,7.369268854699206,2,96.0,0.3587844266448027,9,88.0,0.21955120687370203,11,184.0
1335.0,0.13,12,1.58,0.79,7.982409055891104,5,62.0,0.44312726528458796,7,96.0,0.3924392020554603,12,158.0
1340.0,-0.06,12,1.7,0.85,6.737517305216944,5,56.0,0.316482764297029,7,114.0,0.3064491204085098,12,170.0
1345.0,-0.4,21,2.5,1.25,6.609631789417225,10,96.0,0.3819764992893773,11,154.0,0.28292571141281203,21,250.0
1350.0,-0.555,27,3.6100000000000003,1.8050000000000002,5.191519691960261,12,149.0,0.3106335457029849,15,212.0,0.20708711519952058,27,361.0
1355.0,-0.805,38,5.220000000000001,2.6100000000000003,4.196952112737118,16,220.0,0.12104425854322631,22,302.0,0.17077306023203223,38,522.0
1360.0,-1.05,46,7.32,3.66,3.8532913618412445,21,316.0,0.20592316237069735,25,416.0,0.12132196865580695,46,732.0
1365.0,0.52,36,6.28,3.14,2.918902346800701,15,241.0,0.24905566893689818,21,387.0,0.029759445418954485,36,628.0
1370.0,1.2550000000000001,9,3.77,1.885,5.2617237692635594,3,123.0,0.21987765356350342,6,254.0,0.23386061835166436,9,377.0
1375.0,0.38,11,3.01,1.505,6.874713647090272,9,120.0,0.20542446531524555,2,181.0,0.36431016748581224,11,301.0
1380.0,0.25,12,2.51,1.255,7.1121285472839055,10,123.0,0.19137412417456973,2,128.0,0.39131534163862597,12,251.0
1385.0,-0.030000000000000027,13,2.5700000000000003,1.2850000000000001,7.971889802421322,7,129.0,0.3804262996128387,6,128.0,0.3730272608421989,13,257.0
1390.0,0.015000000000000013,12,2.54,1.27,7.568893136013356,7,129.0,0.2803850158680705,5,125.0,0.26267818313519276,12,254.0
1395.0,-0.265,18,3.0700000000000003,1.5350000000000001,6.391339314955935,10,174.0,0.1815329401019896,8,133.0,0.25481454046698715,18,307.0
1400.0,-0.45499999999999996,20,3.98,1.99,5.9021100935219835,12,227.0,0.08210649722494097,8,171.0,0.1754982307767734,20,398.0
1405.0,-0.53,23,5.04,2.52,6.36840141208621,14,296.0,0.22414627011623642,9,208.0,0.27427110786196246,23,504.0
1410.0,-0.6299999999999999,27,6.3,3.15,3.7058301971466805,16,369.0,0.15127345805393858,11,261.0,0.1304575876854579,27,630.0
1415.0,1.18,11,3.94,1.97,4.088325455356234,7,234.0,0.2646534710263765,4,160.0,0.1182243278442979,11,394.0
1420.0,0.395,15,3.15,1.575,5.084927583328356,7,177.0,0.23806557963303943,8,138.0,0.09477516171327756,15,315.0
1425.0,0.16499999999999992,17,2.8200000000000003,1.4100000000000001,6.108123672953464,8,135.0,0.3073803537024222,9,147.0,0.17750229172078782,17,282.0
1430.0,-0.235,21,3.29,1.645,5.510039859501994,12,135.0,0.2696911639352899,9,194.0,0.21051412752434134,21,329.0
1435.0,-0.525,25,4.34,2.17,5.1973140837879805,13,189.0,0.23522482963615085,12,245.0,0.23249519591877105,25,434.0
1440.0,-0.715,32,5.77,2.885,4.2670165856529945,18,263.0,0.095966775219455,14,314.0,0.28945365394300715,32,577.0
1445.0,-0.8900000000000001,38,7.550000000000001,3.7750000000000004,3.667393782427558,22,364.0,0.03881168344780901,16,391.0,0.20949052385480177,38,755.0
1450.0,-1.07,44,9.690000000000001,4.845000000000001,3.243961970703308,23,479.0,0.1139198117161193,21,490.0,0.13040984404667383,44,969.0
1455.0,-1.1799999999999997,49,12.05,6.025,2.2787739486628533,27,606.0,0.09040820236782918,22,599.0,0.15091008125032254,49,1205.0
1460.0,1.4449999999999998,24,9.16,4.58,3.497145741902782,12,478.0,0.15272689313231225,12,438.0,0.14458689331772345,24,916.0
1465.0,2.13,9,4.9,2.45,6.520061133625147,3,120.0,0.3125981891525364,6,370.0,0.2537885875830247,9,490.0
1470.0,0.08000000000000007,13,4.74,2.37,6.49339390689629,8,80.0,0.4181510751067635,5,394.0,0.2531080927333284,13,474.0
1475.0,-0.375,15,5.49,2.745,5.999471508770591,9,99.0,0.30957653024459264,6,450.0,0.2778787167561348,15,549.0
1480.0,-0.03500000000000014,17,5.5600000000000005,2.7800000000000002,5.69398947946873,11,136.0,0.28586530860291826,6,420.0,0.18009422103685055,17,556.0
1485.0,-0.11999999999999988,18,5.8,2.9,5.0326594137830645,15,193.0,0.19893995373749074,3,387.0,0.15893162607421968,18,580.0
1490.0,0.04999999999999993,23,5.7,2.85,5.264886557089628,17,260.0,0.16738573566476397,6,310.0,0.14303685754718526,23,570.0
1495.0,-0.3949999999999998,26,6.49,3.245,4.459660839366538,20,344.0,0.19069981378667042,6,305.0,0.27248266488567036,26,649.0
1500.0,-0.385,29,7.26,3.63,3.744356981141149,23,460.0,0.04297030750993426,6,266.0,0.3071670873995225,29,726.0
1505.0,0.5299999999999998,22,6.2,3.1,3.9006271957688785,16,404.0,0.12250785312588156,6,216.0,0.1649690918611108,22,620.0
1510.0,0.5150000000000001,12,5.17,2.585,4.674680850681963,7,312.0,0.18723672838234104,5,205.0,0.1677953113798769,12,517.0
1515.0,0.3400000000000001,20,4.49,2.245,5.106870125650914,11,242.0,0.2008901191437866,9,207.0,0.15210579695939216,20,449.0
1520.0,-0.3550000000000002,23,5.2,2.6,5.405521264168185,11,260.0,0.1733470041639341,12,260.0,0.24336922514817552,23,520.0
1525.0,-0.25,29,5.7,2.85,4.255735890993267,13,285.0,0.15892714448179146,16,285.0,0.1925465325861082,29,570.0
1530.0,-0.5549999999999999,30,6.8100000000000005,3.4050000000000002,4.309224048075605,14,324.0,0.1928866890006571,16,357.0,0.14908206738405377,30,681.0
1535.0,-0.5499999999999998,35,7.91,3.955,3.7515383113533716,15,340.0,0.164572059626416,20,451.0,0.19762244238308763,35,791.0
1540.0,-0.7350000000000003,41,9.38,4.69,3.0077880686455125,15,372.0,0.17218702483118806,26,566.0,0.005950397884576659,41,938.0
1545.0,-1.1149999999999995,46,11.61,5.805,3.061425410417575,18,455.0,0.1660547694125321,28,706.0,0.05266620086399956,46,1161.0
1550.0,-1.2800000000000002,54,14.17,7.085,2.3509578972411656,22,558.0,0.15986711503190978,32,859.0,0.09828187041047123,54,1417.0
1555.0,1.3699999999999999,26,11.43,5.715,3.282582415142541,7,378.0,0.20583672355753532,19,765.0,0.10426070230002092,26,1143.0
1560.0,1.2449999999999999,14,8.940000000000001,4.470000000000001,5.653424094641675,3,250.0,0.31429156775787004,11,644.0,0.11348937963119339,14,894.0
1565.0,0.40000000000000013,16,8.14,4.07,6.035904918871447,6,232.0,0.3966591915266804,10,582.0,0.2513737878080906,16,814.0
1570.0,-0.1050000000000002,24,8.350000000000001,4.175000000000001,5.379280826046226,10,274.0,0.30028411212095685,14,561.0,0.19410557735658795,24,835.0
1575.0,0.18000000000000038,28,7.99,3.995,5.237487314190737,9,210.0,0.2757650320509612,19,589.0,0.16545498009801912,28,799.0
1580.0,-0.30000000000000004,23,8.59,4.295,5.290925172373428,7,196.0,0.2035456609007573,16,663.0,0.22742876370682386,23,859.0
1585.0,0.05999999999999983,25,8.47,4.235,5.382083188526463,9,239.0,0.25049371267779114,16,608.0,0.21186149677271812,25,847.0
1590.0,0.1299999999999999,25,8.21,4.105,5.662897593374667,10,243.0,0.2647708606814295,15,578.0,0.23184831900420383,25,821.0
1595.0,-0.6199999999999997,29,9.45,4.725,5.176900836139447,13,302.0,0.13531259390574332,16,643.0,0.24215288990379058,29,945.0
1600.0,0.4999999999999999,19,8.45,4.225,4.796100114784066,5,174.0,0.16225225005338376,14,671.0,0.189363042562842,19,845.0
1605.0,0.3700000000000002,14,7.709999999999999,3.8549999999999995,5.489389061020219,3,115.0,0.35805136355583694,11,656.0,0.19932007490433176,14,771.0
1610.0,0.014999999999999791,25,7.68,3.84,5.128355778283334,6,126.0,0.17301725295418666,19,642.0,0.13450584281018557,25,768.0
1615.0,-0.5650000000000002,29,8.81,4.405,5.091309965332465,8,170.0,0.3702420208281744,21,711.0,0.11058074227037419,29,881.0
1620.0,-0.31999999999999973,33,9.45,4.725,3.8309820558235828,11,211.0,0.20938985528285917,22,734.0,0.09514116201592868,33,945.0
1625.0,-0.6500000000000001,35,10.75,5.375,3.43915891333764,11,267.0,0.22790448453481585,24,808.0,0.09669051752939975,35,1075.0
1630.0,-0.7550000000000003,39,12.260000000000002,6.130000000000001,3.717472265703688,14,321.0,0.1664951070647632,25,905.0,0.15930607245754475,39,1226.0
1635.0,-0.9449999999999998,43,14.15,7.075,3.818640625804205,18,400.0,0.15123594345116917,25,1015.0,0.11546069985886293,43,1415.0
1640.0,-1.1150000000000002,47,16.380000000000003,8.190000000000001,4.031286729409491,19,491.0,0.1825945656015368,28,1147.0,0.11820877988214604,47,1638.0
1645.0,-1.15,50,18.68,9.34,3.2662837080454277,21,579.0,0.20197963541247857,29,1289.0,0.15985140818623603,50,1868.0
1650.0,3.2800000000000002,25,12.120000000000001,6.0600000000000005,3.8130227953555913,11,307.0,0.19398684219783685,14,905.0,0.14623959142138393,25,1212.0
1655.0,0.07500000000000018,20,11.97,5.985,4.980291066540534,11,314.0,0.195122127630022,9,883.0,0.185165889314811,20,1197.0
1660.0,0.8200000000000003,22,10.33,5.165,4.741582391127997,11,253.0,0.2648726007522405,11,780.0,0.2445454182352909,22,1033.0
1665.0,0.4399999999999997,28,9.45,4.725,4.232462368759543,16,276.0,0.15930072680745486,12,669.0,0.18822826179777255,28,945.0
1670.0,-0.25,28,9.95,4.975,4.499911587528369,15,312.0,0.10800174320257054,13,683.0,0.22074459336690977,28,995.0
1675.0,-0.6199999999999999,27,11.19,5.595,4.061496864850342,13,378.0,0.15901696135813376,14,741.0,0.11255014060182444,27,1119.0
1680.0,-0.1449999999999998,31,11.48,5.74,4.319463684830197,14,427.0,0.13725518344253332,17,721.0,0.15359204304177482,31,1148.0
1685.0,0.2999999999999998,32,10.879999999999999,5.4399999999999995,4.671298435263401,16,480.0,0.19479009447294462,16,608.0,0.12709954195738407,32,1088.0
1690.0,-0.3899999999999997,34,11.66,5.83,4.568484117680041,17,552.0,0.14893815907185903,17,614.0,0.13660266226520187,34,1166.0
1695.0,1.4899999999999993,20,8.68,4.34,4.73144186226217,14,448.0,0.19339371114071757,6,420.0,0.11515015532103327,20,868.0
1700.0,1.6450000000000002,18,5.390000000000001,2.6950000000000003,5.335919142778891,10,272.0,0.11202039766425692,8,267.0,0.12968729497497214,18,539.0
1705.0,0.21500000000000008,19,4.96,2.48,6.337882595832107,9,216.0,0.289569140715616,10,280.0,0.1993463374211048,19,496.0
1710.0,0.004999999999999893,21,4.95,2.475,6.015276751730352,12,223.0,0.27869158925079834,9,272.0,0.20865666983673858,21,495.0
1715.0,-0.3899999999999999,27,5.73,2.865,5.228792981842299,16,283.0,0.10949648717180588,11,290.0,0.3278008760125739,27,573.0
1720.0,-0.56,34,6.85,3.425,4.94586655676342,18,360.0,0.15002713212698718,16,325.0,0.18506789507415905,34,685.0
1725.0,-0.8649999999999995,39,8.579999999999998,4.289999999999999,4.146305993026723,20,456.0,0.039623186352482014,19,402.0,0.2127739814670736,39,858.0
1730.0,-1.1400000000000006,47,10.86,5.43,3.0483244311079982,22,561.0,0.05395748686686675,25,525.0,0.18164639015485542,47,1086.0
1735.0,-1.1399999999999997,49,13.14,6.57,1.948871615335571,22,655.0,0.013068314011633464,27,659.0,0.009784398942989703,49,1314.0
1740.0,0.6949999999999998,46,11.75,5.875,2.8424598323236316,21,617.0,0.13949417601467123,25,558.0,0.05704499115305263,46,1175.0
1745.0,0.7649999999999997,21,10.22,5.11,4.57182364442094,13,569.0,0.1503934573364274,8,453.0,0.2407170504664595,21,1022.0
1750.0,0.8600000000000003,16,8.5,4.25,6.023319970528136,12,546.0,0.26924694391081233,4,304.0,0.25184402283625446,16,850.0
1755.0,0.31000000000000005,13,7.88,3.94,6.189244405858372,8,496.0,0.26206983140761514,5,292.0,0.32758902685109265,13,788.0
1760.0,0.2400000000000002,17,7.3999999999999995,3.6999999999999997,5.823900174408075,9,510.0,0.2590909101785856,8,230.0,0.23725630221338556,17,740.0
1765.0,0.09499999999999997,20,7.209999999999999,3.6049999999999995,5.265724521230038,6,464.0,0.24094017987020178,14,257.0,0.16065370361807935,20,721.0
1770.0,0.30999999999999983,16,6.59,3.295,5.557342307027749,8,425.0,0.15576820265098082,8,234.0,0.26779800912634744,16,659.0
1775.0,0.10000000000000009,14,6.39,3.195,6.62526553582704,8,410.0,0.27885696078242517,6,229.0,0.25805904846305827,14,639.0
1780.0,0.11499999999999999,14,6.16,3.08,7.301483362167818,8,378.0,0.38856360623645897,6,238.0,0.19925732539809998,14,616.0
1785.0,0.4999999999999999,17,5.16,2.58,5.778872293881034,11,348.0,0.3064955285017968,6,168.0,0.21046442644808724,17,516.0
1790.0,1.225,4,2.71,1.355,5.8522834189553965,3,211.0,0.2723883130935025,1,60.0,0.38045236812837085,4,271.0
1795.0,0.024999999999999967,17,2.66,1.33,5.986425873350624,12,188.0,0.12989937676079916,5,78.0,0.19362705777153844,17,266.0
1800.0,-0.485,24,3.63,1.815,6.253253075736559,17,253.0,0.16311348710405651,7,110.0,0.2975067802642956,24,363.0
1805.0,-0.5200000000000001,24,4.67,2.335,5.070100198971226,16,320.0,0.1361622348695746,8,147.0,0.27125941980440765,24,467.0
1810.0,-0.715,30,6.1,3.05,4.412950931414053,20,407.0,0.14172347247890757,10,203.0,0.23671576149394694,30,610.0
1815.0,-0.9349999999999998,38,7.97,3.985,3.1443868417726457,25,526.0,0.1730748505269765,13,271.0,0.17849752125087992,38,797.0
1820.0,-1.0899999999999999,47,10.149999999999999,5.074999999999999,2.5075397802725257,28,660.0,0.0983152552545106,19,355.0,0.11858475064099054,47,1015.0
1825.0,-1.1400000000000006,49,12.43,6.215,2.51437045963659,32,815.0,0.08547102618590076,17,428.0,0.17482024281818734,49,1243.0
1830.0,-1.3599999999999999,58,15.15,7.575,2.0081415401594302,35,983.0,0.08168190552199807,23,532.0,0.028795024351450843,58,1515.0
1835.0,1.3500000000000003,38,12.45,6.225,2.8194231819891398,24,851.0,0.04829652125928352,14,394.0,0.18395410381462213,38,1245.0
1840.0,2.2800000000000002,6,7.89,3.945,5.691527392311649,6,585.0,0.2149277430134167,0,204.0,0.3175776967942499,6,789.0
1845.0,1.005,12,5.88,2.94,7.517966749777716,7,425.0,0.29700385065954826,5,163.0,0.3117609780055444,12,588.0
1850.0,0.08499999999999996,21,5.71,2.855,6.872579666101901,13,361.0,0.30704454219511423,8,210.0,0.4069585192791598,21,571.0
1855.0,-0.18999999999999995,25,6.09,3.045,5.8078096919465825,16,417.0,0.1918921112575864,9,192.0,0.2548808044255803,25,609.0
1860.0,0.17999999999999994,20,5.73,2.865,5.741623799276855,11,392.0,0.16544491745088247,9,181.0,0.24773400298028872,20,573.0
1865.0,0.18999999999999995,21,5.35,2.675,5.642838513209024,10,313.0,0.15562330092151852,11,222.0,0.1834552247123731,21,535.0
1870.0,0.3700000000000001,19,4.609999999999999,2.3049999999999997,6.173448759918588,10,259.0,0.2476997387566995,9,202.0,0.12745622022241454,19,461.0
1875.0,-0.31000000000000005,23,5.23,2.615,5.104003086237956,12,308.0,0.15304663121415027,11,215.0,0.07887720577440274,23,523.0
1880.0,-0.6000000000000001,24,6.43,3.215,5.207603949846589,13,375.0,0.12806696721451763,11,268.0,0.179242738073251,24,643.0
1885.0,2.23,6,1.9700000000000002,0.9850000000000001,7.097752061679095,4,131.0,0.28343205398221566,2,66.0,0.45805700533859334,6,197.0
1890.0,0.41000000000000003,10,1.15,0.575,7.3400020119576554,5,78.0,0.3150315014253272,5,37.0,0.1616473703445944,10,115.0
1895.0,-0.11499999999999999,15,1.38,0.69,7.436496615819151,8,73.0,0.3452219340118947,7,65.0,0.11408544867489628,15,138.0
1900.0,-0.40499999999999997,18,2.19,1.095,6.2986187287455415,10,115.0,0.19808416233866033,8,104.0,0.33984507341643944,18,219.0
1905.0,-0.515,22,3.2199999999999998,1.6099999999999999,5.391869759765069,12,175.0,0.15537961634896483,10,147.0,0.2792594460851265,22,322.0
1910.0,-0.6250000000000001,29,4.470000000000001,2.2350000000000003,3.3823906397748633,16,243.0,0.11860407153562884,13,204.0,0.19179639034214147,29,447.0
1915.0,-0.8049999999999999,34,6.08,3.04,2.6010652202969173,16,323.0,0.08281273737879774,18,285.0,0.18000325326472147,34,608.0
1920.0,-0.925,38,7.93,3.965,2.445608215420541,18,412.0,0.04839189936735176,20,381.0,0.05539575998942555,38,793.0
1925.0,-0.9699999999999995,40,9.87,4.935,2.476697724577204,18,502.0,0.09213997135006136,22,485.0,0.041453959713493756,40,987.0
1930.0,1.2799999999999998,12,7.31,3.655,3.8828970584571803,4,353.0,0.23799262877545438,8,378.0,0.19983426798699516,12,731.0
1935.0,1.7249999999999996,5,3.8600000000000003,1.9300000000000002,6.825315089786538,1,170.0,0.2229088533603029,4,216.0,0.19154263576234645,5,386.0
1940.0,-0.03499999999999992,8,3.9299999999999997,1.9649999999999999,7.990506610748288,4,191.0,0.3880211801182438,4,202.0,0.2931257897240712,8,393.0
1945.0,0.6499999999999999,8,2.63,1.315,8.120998291200564,4,159.0,0.4014239227955043,4,104.0,0.42135033884523454,8,263.0
1950.0,-0.039999999999999925,14,2.71,1.355,7.116887539683708,9,196.0,0.2476996368021584,5,75.0,0.4020708092402949,14,271.0
1955.0,-0.27,15,3.25,1.625,7.237336816209581,10,244.0,0.12895825848411227,5,81.0,0.4877308728913021,15,325.0
1960.0,-0.44000000000000006,20,4.13,2.065,5.220243911823945,12,302.0,0.053734580744382976,8,111.0,0.30222547304576763,20,413.0
1965.0,-0.04500000000000004,18,4.220000000000001,2.1100000000000003,6.079846195311883,8,266.0,0.1769095081019232,10,156.0,0.26020999115046867,18,422.0
1970.0,-0.10999999999999988,18,4.4399999999999995,2.2199999999999998,6.5134183398121905,8,241.0,0.33522455882937596,10,203.0,0.2549192316061069,18,444.0
1975.0,1.1349999999999998,14,2.17,1.085,5.128195417343857,6,109.0,0.20996804052322973,8,108.0,0.2576164554481292,14,217.0
1980.0,0.4650000000000001,6,1.24,0.62,7.212065942670642,4,78.0,0.3659555454097703,2,46.0,0.24162671428721152,6,124.0
1985.0,0.07500000000000001,9,1.09,0.545,7.5141353078097435,6,75.0,0.2960036722591538,3,34.0,0.3380305510869983,9,109.0
1990.0,-0.33999999999999997,15,1.77,0.885,6.765578981874687,8,117.0,0.3342345016813081,7,60.0,0.33559563592964164,15,177.0
1995.0,-0.3600000000000001,18,2.49,1.245,5.012184870169628,10,161.0,0.2932021531300639,8,88.0,0.2337192304720209,18,249.0
2000.0,-0.605,29,3.7,1.85,3.7881090732108706,16,235.0,0.14234895885751495,13,135.0,0.15729730703980782,29,370.0
2005.0,-0.8099999999999998,35,5.32,2.66,3.5914345381312804,20,330.0,0.0967675617613394,15,202.0,0.1596011674818833,35,532.0
2010.0,-0.9400000000000002,40,7.2,3.6,3.6260601464387263,23,440.0,0.13408230164847282,17,280.0,0.15881186366129943,40,720.0
2015.0,-1.04,44,9.280000000000001,4.640000000000001,3.5450439350623957,27,566.0,0.18739769372903625,17,362.0,0.08648323367072357,44,928.0
2020.0,-1.0750000000000002,48,11.43,5.715,4.009566718826759,32,715.0,0.12107188640105389,16,428.0,0.2188683084489906,48,1143.0
2025.0,2.8500000000000005,14,5.7299999999999995,2.8649999999999998,4.5323275410043715,13,430.0,0.1482725036511224,1,143.0,0.37936602953445886,14,573.0
2030.0,1.115,12,3.5,1.75,6.363120733588809,9,292.0,0.17969191646627566,3,58.0,0.2887891727602735,12,350.0
2035.0,-0.10000000000000003,20,3.7,1.85,6.7938178940636025,15,323.0,0.15422881588919,5,47.0,0.3066257884750521,20,370.0
2040.0,0.040000000000000036,19,3.62,1.81,6.906946415469907,14,292.0,0.2370434943847046,5,70.0,0.3282650349365924,19,362.0
2045.0,0.04999999999999993,14,3.52,1.76,5.8416330661311076,9,252.0,0.21498657068895677,5,100.0,0.24525985908205525,14,352.0
2050.0,-0.009999999999999953,20,3.54,1.77,5.382121838949143,12,263.0,0.14853073991258334,8,91.0,0.18634421803062093,20,354.0
2055.0,-0.5050000000000001,26,4.55,2.275,5.402139185862731,19,329.0,0.0878721708388004,7,126.0,0.28515829036119605,26,455.0
2060.0,-0.31499999999999995,26,5.18,2.59,5.6999820306127305,15,344.0,0.09893335192699242,11,174.0,0.3246765425762784,26,518.0
2065.0,-0.6100000000000002,28,6.4,3.2,5.012370085585838,15,403.0,0.10707700571524198,13,237.0,0.2114204575156934,28,640.0
2070.0,1.1150000000000002,14,4.17,2.085,4.203010554897894,6,263.0,0.17098998211369565,8,154.0,0.20012714264970208,14,417.0
2075.0,0.9949999999999999,8,2.18,1.09,5.360144636127623,4,137.0,0.18138595410150074,4,81.0,0.1923084803053984,8,218.0
2080.0,0.28000000000000014,11,1.6199999999999999,0.8099999999999999,6.307085863006807,9,116.0,0.2753101447602935,2,46.0,0.3701620111769941,11,162.0
2085.0,-0.22,15,2.06,1.03,6.254995295226706,10,143.0,0.2066897929209197,5,63.0,0.2747085878464263,15,206.0
2090.0,-0.25500000000000006,15,2.5700000000000003,1.2850000000000001,7.433207418011617,10,185.0,0.2094377892675974,5,72.0,0.4456214399679093,15,257.0
2095.0,-0.35,20,3.27,1.635,5.9581240953681665,13,248.0,0.17315929983551992,7,79.0,0.3514564262015715,20,327.0
2100.0,-0.6300000000000001,29,4.53,2.265,4.678199858020107,16,324.0,0.19623498446569365,13,129.0,0.2597539164936084,29,453.0
2105.0,-0.8549999999999998,36,6.24,3.12,4.2079316376722,19,413.0,0.14176674922210095,17,211.0,0.22642879024133256,36,624.0
2110.0,-1.03,43,8.3,4.15,3.3074375388442667,21,518.0,0.2111955996742774,22,312.0,0.07848718956335379,43,830.0
2115.0,-1.1349999999999998,47,10.57,5.285,3.3569926274076662,23,626.0,0.172658952033369,24,431.0,0.16893326860001306,47,1057.0
2120.0,2.3749999999999996,11,5.82,2.91,4.998678847569386,10,391.0,0.21125186649789252,1,191.0,0.28369310069700937,11,582.0
2125.0,0.54,13,4.74,2.37,6.636386103739237,9,383.0,0.204078218917781,4,91.0,0.356071446362301,13,474.0
2130.0,-0.010000000000000009,13,4.76,2.38,7.360387591554382,7,412.0,0.16601329019476607,6,64.0,0.4646039716738574,13,476.0
2135.0,0.20500000000000013,15,4.35,2.175,6.723531862502541,5,332.0,0.2699268846200318,10,103.0,0.34964319970014485,15,435.0
2140.0,-0.06999999999999995,18,4.49,2.245,6.482631885728559,5,307.0,0.32341438294750013,13,142.0,0.23979346136699242,18,449.0
2145.0,-0.2250000000000001,22,4.9399999999999995,2.4699999999999998,5.908410001414677,5,293.0,0.39362100991464766,17,201.0,0.12757379163990534,22,494.0
2150.0,-0.405,26,5.75,2.875,5.81459328282272,6,276.0,0.3295992536330429,20,299.0,0.0318564202629409,26,575.0
2155.0,-0.6700000000000002,28,7.09,3.545,4.398264876720711,8,310.0,0.2712685997594679,20,399.0,0.10723334436811137,28,709.0
2160.0,-0.7949999999999997,36,8.68,4.34,2.5787539300914073,13,363.0,0.10895627960621679,23,505.0,0.047225985882276306,36,868.0
2165.0,0.6599999999999999,18,7.359999999999999,3.6799999999999997,3.800925500093602,8,289.0,0.13477339114693646,10,447.0,0.20186039830215907,18,736.0
2170.0,1.31,10,4.74,2.37,5.7925247792347,7,215.0,0.21351985937086138,3,259.0,0.28547650863396834,10,474.0
2175.0,0.47499999999999987,17,3.79,1.895,6.34810428098076,10,233.0,0.2812780783793687,7,146.0,0.21424979340889097,17,379.0
2180.0,-0.475,20,4.74,2.37,6.258268629550888,12,290.0,0.2790605437747687,8,184.0,0.26330996432783116,20,474.0
2185.0,-0.3350000000000001,22,5.41,2.705,6.122707666259862,14,354.0,0.20405106118146596,8,187.0,0.39004732864664615,22,541.0
2190.0,-0.21500000000000008,29,5.84,2.92,5.382244661572495,17,424.0,0.11722008523985904,12,160.0,0.2747089648315202,29,584.0
2195.0,-0.71,34,7.26,3.63,4.534680881551709,18,512.0,0.16698633518676187,16,214.0,0.24459894423017928,34,726.0
2200.0,-0.9850000000000001,44,9.23,4.615,3.1964246039594766,23,615.0,0.0613519511812118,21,308.0,0.16184106852673943,44,923.0
2205.0,-1.2049999999999996,52,11.64,5.82,2.7235526849680176,26,739.0,0.03690228790909779,26,425.0,0.08680442524453152,52,1164.0
2210.0,0.34999999999999964,44,10.940000000000001,5.470000000000001,2.276894639552701,23,675.0,0.10466675514417113,21,419.0,0.11129301446276453,44,1094.0
2215.0,0.9550000000000001,26,9.030000000000001,4.515000000000001,3.9253638454919813,15,570.0,0.15641266291136477,11,333.0,0.0836582875971676,26,903.0
2220.0,0.3150000000000004,19,8.399999999999999,4.199999999999999,5.526802506175054,11,581.0,0.2546215649093578,8,259.0,0.08565735115984907,19,840.0
2225.0,0.20499999999999974,19,7.99,3.995,6.524428215477739,13,613.0,0.22403978609131855,6,186.0,0.46959270858801805,19,799.0
2230.0,0.2550000000000001,23,7.4799999999999995,3.7399999999999998,5.852861179392334,16,593.0,0.11379263166281127,7,155.0,0.33646733726787165,23,748.0
2235.0,-0.10000000000000009,22,7.68,3.84,5.157106848763258,13,609.0,0.1785136258457878,9,159.0,0.11991001852709739,22,768.0
2240.0,0.050000000000000155,20,7.58,3.79,6.0334724473089985,10,564.0,0.270713757971354,10,194.0,0.316056913886226,20,758.0
2245.0,-0.5150000000000003,30,8.61,4.305,5.6482139082327665,17,619.0,0.19736483752227535,13,242.0,0.2884929860492538,30,861.0
2250.0,-0.5149999999999999,28,9.64,4.82,4.917760815298521,14,654.0,0.18853803513462952,14,310.0,0.2188155383806746,28,964.0
2255.0,-0.7550000000000001,34,11.15,5.575,3.779688381147296,18,728.0,0.1720761938129671,16,387.0,0.059476881742596015,34,1115.0
2260.0,1.3400000000000003,15,8.469999999999999,4.234999999999999,4.67602829369835,8,652.0,0.14655666762270766,7,195.0,0.13995846699332976,15,847.0
2265.0,0.48499999999999976,16,7.5,3.75,5.903619975333086,12,600.0,0.16340604884084714,4,150.0,0.3375895417637893,16,750.0
2270.0,0.34000000000000014,20,6.819999999999999,3.4099999999999997,6.297438619377614,13,597.0,0.25672876781403303,7,85.0,0.29774594408894917,20,682.0
2275.0,-0.3399999999999999,26,7.5,3.75,5.059402571583165,18,627.0,0.18366671525162817,8,123.0,0.26379356555631633,26,750.0
2280.0,-0.745,34,8.99,4.495,4.257292581878907,25,735.0,0.09999678137115565,9,164.0,0.2980648785255334,34,899.0
2285.0,-0.6099999999999999,35,10.209999999999999,5.1049999999999995,3.866604628563938,27,853.0,0.12515356117538465,8,168.0,0.3051395493535896,35,1021.0
2290.0,-1.02,48,12.25,6.125,2.967236476448325,32,1002.0,0.10910651312287259,16,223.0,0.1751733692364372,48,1225.0
2295.0,-1.3400000000000003,55,14.93,7.465,3.146230582268682,36,1174.0,0.03155543017031009,19,319.0,0.21996675322206055,55,1493.0
2300.0,-1.4549999999999994,62,17.84,8.92,2.5043801548207445,39,1362.0,0.03855021045740682,23,422.0,0.11156887065718393,62,1784.0
2305.0,1.075,49,15.69,7.845,2.808538509037582,30,1212.0,0.08071860346132213,19,357.0,0.0845079103246435,49,1569.0
2310.0,1.2449999999999999,23,13.2,6.6,4.341456029005078,17,1070.0,0.14466590882699532,6,250.0,0.22738061282311414,23,1320.0
2315.0,0.39999999999999947,14,12.4,6.2,4.871017551508103,11,1082.0,0.23389009891476725,3,158.0,0.2889041117156539,14,1240.0
2320.0,0.4299999999999997,24,11.540000000000001,5.7700000000000005,4.319139004360066,15,996.0,0.11767085563480138,9,158.0,0.2725702701877487,24,1154.0
2325.0,0.7750000000000005,23,9.99,4.995,4.814912172366471,13,858.0,0.23294662835051003,10,141.0,0.24140776542606543,23,999.0
2330.0,0.6599999999999998,20,8.67,4.335,5.656347479816297,10,690.0,0.2840363922577873,10,177.0,0.22222899890119324,20,867.0
2335.0,0.19500000000000006,20,8.280000000000001,4.140000000000001,6.090474477747311,10,607.0,0.3032265453258453,10,221.0,0.08314652816187561,20,828.0
2340.0,-0.10499999999999998,22,8.49,4.245,5.899573483597546,11,574.0,0.2429536460808774,11,275.0,0.25925258700408477,22,849.0
2345.0,-0.34999999999999964,23,9.19,4.595,5.823218601562798,11,585.0,0.2119964463059193,12,334.0,0.10105182580205643,23,919.0
2350.0,-0.8600000000000003,31,10.91,5.455,4.241523462796449,15,684.0,0.09650159134954696,16,407.0,0.10760452766760187,31,1091.0
2355.0,1.7400000000000002,9,7.43,3.715,5.190127677995577,5,505.0,0.1483014284544886,4,238.0,0.1818793676765314,9,743.0
2360.0,0.8849999999999999,9,5.66,2.83,7.094348962232486,6,409.0,0.15764755748541254,3,157.0,0.33434112260493337,9,566.0
2365.0,0.3749999999999999,13,4.91,2.455,7.775950569858824,11,441.0,0.23232569186306146,2,50.0,0.5940767004038954,13,491.0
2370.0,-0.14500000000000002,14,5.2,2.6,7.314725389482519,12,499.0,0.2680267014503916,2,21.0,0.6071314312631285,14,520.0
2375.0,-0.45500000000000007,22,6.11,3.055,5.733359131841474,14,565.0,0.282398250319936,8,46.0,0.3327858850819621,22,611.0
2380.0,-0.6499999999999999,29,7.41,3.705,4.098904549353252,18,649.0,0.20633919041874876,11,92.0,0.22930586346966064,29,741.0
2385.0,-0.8849999999999998,40,9.18,4.59,3.8712549786161694,26,760.0,0.09583780586998575,14,158.0,0.16243521324997764,40,918.0
2390.0,-1.1099999999999997,47,11.399999999999999,5.699999999999999,3.2328253497031634,31,904.0,0.1016949311418382,16,236.0,0.2165194732225614,47,1140.0
2395.0,-1.2450000000000006,52,13.89,6.945,2.622357365397614,34,1066.0,0.12743503331234105,18,323.0,0.14986805787806592,52,1389.0
2400.0,0.8350000000000002,31,12.219999999999999,6.109999999999999,3.1845561804350635,26,1009.0,0.04957954238981543,5,213.0,0.1936354460087088,31,1222.0
2405.0,1.105,17,10.01,5.005,5.523324432158993,16,918.0,0.11085179370503304,1,83.0,0.37398018113185383,17,1001.0
2410.0,0.22499999999999942,15,9.56,4.78,6.7932306515941665,13,871.0,0.23739935078602803,2,85.0,0.5364310816075438,15,956.0
2415.0,0.7850000000000006,15,7.989999999999999,3.9949999999999997,6.676654276310505,14,760.0,0.132168058992791,1,39.0,0.4778242211302066,15,799.0
2420.0,0.27,17,7.449999999999999,3.7249999999999996,6.375789208592503,11,710.0,0.1805719528780316,6,35.0,0.13180448948913448,17,745.0
2425.0,0.23499999999999976,14,6.98,3.49,6.062330804818342,8,633.0,0.2308808470393316,6,65.0,0.2271668612410187,14,698.0
2430.0,0.15000000000000002,14,6.68,3.34,5.267662950497117,8,575.0,0.1479363102987384,6,93.0,0.13439085404963164,14,668.0
2435.0,0.4799999999999999,16,5.720000000000001,2.8600000000000003,6.1766036466549075,10,449.0,0.19186065792833779,6,123.0,0.31065089125800494,16,572.0
2440.0,-0.39500000000000013,17,6.510000000000001,3.2550000000000003,5.6820059105374865,11,498.0,0.21434866064372024,6,153.0,0.30139095477274275,17,651.0
2445.0,1.2000000000000002,10,4.109999999999999,2.0549999999999997,5.6990166462212954,8,355.0,0.15142316106723047,2,56.0,0.2596260601887446,10,411.0
2450.0,0.47,7,3.17,1.585,7.661290630622315,6,288.0,0.27492209170041343,1,29.0,0.6144777283979262,7,317.0
2455.0,0.385,8,2.4,1.2,8.528673896170483,7,230.0,0.2460688506851668,1,10.0,0.6855599768038567,8,240.0
2460.0,0.014999999999999819,9,2.37,1.185,8.689816722423828,8,222.0,0.33627690013254996,1,15.0,0.7739549446168266,9,237.0
2465.0,-0.10499999999999987,14,2.58,1.29,5.653191306653294,12,242.0,0.0818240671304037,2,16.0,0.60687084879805,14,258.0
2470.0,-0.3600000000000001,17,3.3000000000000003,1.6500000000000001,3.8890046219374246,13,308.0,0.10921098369529758,4,22.0,0.35580338328564026,17,330.0
2475.0,-0.395,18,4.09,2.045,3.826718452636937,14,368.0,0.003447883101485516,4,41.0,0.16374401372858302,18,409.0
2480.0,-0.5299999999999999,21,5.15,2.575,4.14412802150375,15,442.0,0.17328339094372022,6,73.0,0.15390886859089978,21,515.0
2485.0,-0.585,23,6.32,3.16,3.5495500632417816,15,517.0,0.16549361554697534,8,115.0,0.19183006520959475,23,632.0
2490.0,-0.6250000000000001,25,7.57,3.785,2.852913082398464,17,600.0,0.086756923142457,8,157.0,0.2467546666387437,25,757.0
2495.0,1.695,5,4.18,2.09,4.982854142099374,5,367.0,0.2248172120625313,0,51.0,0.42336113236827705,5,418.0
2500.0,0.77,2,2.64,1.32,7.494189985499008,1,250.0,0.28093180260124234,1,14.0,0.39948911707315327,2,264.0
2505.0,0.45,3,1.74,0.87,8.573833484643764,2,152.0,0.346751347207746,1,22.0,0.5268950324315508,3,174.0
2510.0,0.18,5,1.38,0.69,7.509673910529411,3,125.0,0.330168304538448,2,13.0,0.3203824507776739,5,138.0
2515.0,0.044999999999999984,7,1.29,0.645,7.595985229959704,4,103.0,0.15952085226182616,3,26.0,0.48154894058913805,7,129.0
2520.0,0.06500000000000003,9,1.16,0.58,5.609468508187847,5,70.0,0.08467321139848373,4,46.0,0.2650667039840602,9,116.0
2525.0,-0.30500000000000005,13,1.77,0.885,4.9244886228359,7,102.0,1.2901964931628695e-05,6,75.0,0.16940530708367038,13,177.0
2530.0,-0.3500000000000001,14,2.47,1.235,4.445721555797694,7,137.0,0.23972235735376093,7,110.0,0.16770952454178523,14,247.0
2535.0,-0.3599999999999999,15,3.19,1.595,3.533344674958236,8,174.0,0.13099025597242647,7,145.0,0.1343323329502036,15,319.0
2540.0,0.9299999999999999,5,1.33,0.665,4.284043795930483,2,66.0,0.06836028113322545,3,67.0,0.18872030556692646,5,133.0
2545.0,0.46,2,0.41000000000000003,0.20500000000000002,8.020398643096316,0,26.0,0.5284068372483808,2,15.0,0.48242523876519383,2,41.0
2550.0,0.08,2,0.25,0.125,11.470856691223977,0,0.0,0.38459924596051087,2,25.0,0.6511112802888367,2,25.0
2555.0,-0.11000000000000001,3,0.47000000000000003,0.23500000000000001,9.735373801381172,1,8.0,0.7814282823002365,2,39.0,0.49821154227437103,3,47.0
2560.0,-0.11500000000000002,6,0.7000000000000001,0.35000000000000003,7.191421276301291,1,14.0,0.4281589774081411,5,56.0,0.24068081577793654,6,70.0
2565.0,-0.21,10,1.12,0.56,5.9404975207275825,5,31.0,0.3489422662157103,5,81.0,0.007479445317894959,10,112.0
2570.0,-0.2899999999999999,12,1.7,0.85,4.978311439232465,5,56.0,0.13339980989219016,7,114.0,0.2762554128612896,12,170.0
2575.0,-0.33,14,2.36,1.18,4.4477217864655785,6,86.0,0.14017210409041875,8,150.0,0.08642375339765304,14,236.0
2580.0,-0.38999999999999996,17,3.1399999999999997,1.5699999999999998,3.813505647543077,7,119.0,0.27682236557860573,10,195.0,0.21409760992311389,17,314.0
2585.0,-0.42500000000000016,17,3.99,1.995,3.7573259555360448,7,154.0,0.2541645636968015,10,245.0,0.19821017284452852,17,399.0
2590.0,1.52,2,0.95,0.475,6.3147346835035565,1,43.0,0.28167989382705855,1,52.0,0.3834992070299305,2,95.0
2595.0,0.355,5,0.24000000000000002,0.12000000000000001,9.534264783916194,3,10.0,0.11554618367478615,2,14.0,0.33313920165058486,5,24.0
2600.0,-0.12499999999999999,5,0.49,0.245,10.029201743418474,3,25.0,0.0,2,24.0,0.5844500144813426,5,49.0
2605.0,-0.12500000000000003,5,0.74,0.37,9.65043572285252,3,40.0,0.0,2,34.0,0.6185029283155031,5,74.0
2610.0,-0.13999999999999999,7,1.02,0.51,6.009719298267631,3,55.0,0.0,4,47.0,0.18223255943095507,7,102.0
2615.0,-0.175,7,1.37,0.685,5.439139361734051,3,70.0,0.0,4,67.0,0.3318173799172074,7,137.0
2620.0,-0.175,7,1.72,0.86,6.195938399470876,3,85.0,0.2207272272971767,4,87.0,0.27788959270441443,7,172.0
2625.0,-0.19500000000000006,8,2.1100000000000003,1.0550000000000002,5.490510858116474,3,100.0,0.3917659132993761,5,111.0,0.1601634203382218,8,211.0
2630.0,-0.21499999999999997,9,2.54,1.27,4.937816248081332,4,118.0,0.3475458353888588,5,136.0,0.23396279505417725,9,254.0
2635.0,0.925,1,0.69,0.345,6.8136207734563845,1,43.0,0.3402355342784916,0,26.0,0.18385921652426931,1,69.0
2640.0,0.28500000000000003,2,0.12,0.06,8.91001604887953,2,12.0,0.12683015121866217,0,0.0,0.952772264941941,2,12.0
2645.0,-0.07500000000000001,3,0.27,0.135,10.473659132093456,3,27.0,0.2542492387680213,0,0.0,0.862378975204567,3,27.0
2650.0,-0.11,6,0.49,0.245,7.85774560528691,5,46.0,0.3972713014490608,1,3.0,0.3956808256218715,6,49.0
2655.0,-0.15499999999999997,7,0.7999999999999999,0.39999999999999997,6.071173706551407,5,71.0,0.3064978051726233,2,9.0,0.31142208328334425,7,80.0
2660.0,-0.2,9,1.2,0.6,4.653623412304471,7,101.0,0.00135490879819813,2,19.0,0.47578755383095095,9,120.0
2665.0,-0.2899999999999999,12,1.7799999999999998,0.8899999999999999,3.800879451257313,8,141.0,0.18667909207592165,4,37.0,0.24081925254456146,12,178.0
2670.0,-0.31000000000000005,13,2.4,1.2,3.303626510173142,8,181.0,0.18870144653160298,5,59.0,0.17502336302148472,13,240.0
2675.0,-0.3400000000000001,14,3.08,1.54,3.7501845549186896,9,224.0,0.20079630197460005,5,84.0,0.0017415345815041813,14,308.0
2680.0,0.895,7,1.29,0.645,3.316010505834687,6,109.0,0.1442054638398607,1,20.0,0.0,7,129.0
2685.0,0.365,2,0.56,0.28,6.858729316511846,2,56.0,0.3490989820844586,0,0.0,0.16340161209208434,2,56.0
2690.0,-0.009999999999999953,2,0.58,0.29,9.185236753154252,2,58.0,0.3868494924540414,0,0.0,0.7199158292042502,2,58.0
2695.0,0.059999999999999984,5,0.45999999999999996,0.22999999999999998,9.044374879134546,4,37.0,0.40063693880192897,1,9.0,0.7736555802878511,5,46.0
2700.0,-0.06,5,0.58,0.29,8.326314247686405,4,48.0,0.18737264361686384,1,10.0,0.7051439113020851,5,58.0
2705.0,-0.10500000000000004,5,0.79,0.395,7.104641241568489,4,68.0,0.19099045650447383,1,11.0,0.462501146520974,5,79.0
2710.0,-0.12499999999999997,5,1.04,0.52,7.340879215576492,4,88.0,0.19879421879519368,1,16.0,0.0,5,104.0
2715.0,-0.12500000000000003,5,1.29,0.645,7.814900335036111,4,108.0,0.32897934813917545,1,21.0,0.6632502701459764,5,129.0
2720.0,-0.12499999999999999,5,1.54,0.77,8.218657597968301,4,128.0,0.3228635463202549,1,26.0,0.6451055863383018,5,154.0
2725.0,-0.12999999999999998,6,1.8,0.9,6.861997695497283,5,149.0,0.21235723084504846,1,31.0,0.5326951410476227,6,180.0
2730.0,0.7100000000000001,2,0.38,0.19,8.357924252177167,1,35.0,0.5096379973731475,1,3.0,0.6281900294589167,2,38.0
2735.0,0.10499999999999998,3,0.16999999999999998,0.08499999999999999,9.187384928713747,1,6.0,0.7011172570222238,2,11.0,0.5651036239739664,3,17.0
2740.0,-0.10500000000000001,5,0.38,0.19,7.636065818925116,2,14.0,0.32304483931360795,3,24.0,0.5084617466273462,5,38.0
2745.0,-0.17500000000000002,9,0.73,0.365,6.339975106347551,3,28.0,0.3637457392322034,6,45.0,0.1891027260580988,9,73.0
2750.0,-0.285,11,1.3,0.65,6.2856817202017226,4,45.0,0.2624717916253658,7,85.0,0.3031892433236704,11,130.0
2755.0,-0.31999999999999995,13,1.94,0.97,5.3536036853492,5,72.0,0.3155088657132568,8,122.0,0.24338151698699984,13,194.0
2760.0,-0.3350000000000001,15,2.6100000000000003,1.3050000000000002,4.074595886526769,6,99.0,0.16533017291894506,9,162.0,0.1166539847227075,15,261.0
2765.0,-0.42500000000000004,18,3.46,1.73,3.9855207546568816,7,132.0,0.25826163370256133,11,214.0,0.21225774951093676,18,346.0
2770.0,-0.46499999999999997,19,4.390000000000001,2.1950000000000003,3.348962132340851,7,167.0,0.0422616658378066,12,272.0,0.17443238621367785,19,439.0
2775.0,1.0550000000000002,5,2.2800000000000002,1.1400000000000001,4.663438642847641,2,78.0,0.32186447441622346,3,150.0,0.17751103199729387,5,228.0
2780.0,0.9600000000000001,0,0.36,0.18,9.872649908709809,0,0.0,0.7180048950353153,0,36.0,0.5750321692754465,0,36.0
2785.0,0.11499999999999999,2,0.13,0.065,10.648042884790677,2,13.0,0.5566052957318414,0,0.0,0.7186524757298663,2,13.0
2790.0,-0.065,4,0.26,0.13,10.031023723322638,3,21.0,0.5034884397827747,1,5.0,0.4855670668252634,4,26.0
2795.0,-0.09999999999999999,6,0.45999999999999996,0.22999999999999998,8.601082393568268,4,35.0,0.204314176131466,2,11.0,0.3119756415910207,6,46.0
2800.0,-0.185,8,0.83,0.415,8.403343880253413,6,62.0,0.31489436366205753,2,21.0,0.3046536745241027,8,83.0
2805.0,-0.2,8,1.23,0.615,6.679431094966519,6,92.0,0.1257365749421107,2,31.0,0.40847908806701455,8,123.0
2810.0,-0.255,11,1.74,0.87,6.201259463320794,8,128.0,0.3076003033096722,3,46.0,0.24779064435535386,11,174.0
2815.0,-0.2899999999999999,12,2.32,1.16,4.911301584447223,9,171.0,0.17850571065336418,3,61.0,0.23017246161989827,12,232.0
2820.0,-0.3200000000000001,13,2.96,1.48,5.661921766916027,10,220.0,0.22706363630561593,3,76.0,0.2855343806133334,13,296.0
2825.0,1.1,3,0.76,0.38,6.422046253545239,2,73.0,0.25179581658232864,1,3.0,0.5268048324918516,3,76.0
2830.0,0.07999999999999999,7,0.6,0.3,8.103090135839926,4,50.0,0.32639376545733323,3,10.0,0.46918160356977895,7,60.0
2835.0,-0.045,8,0.69,0.345,7.955788372225479,5,43.0,0.320445976168271,3,26.0,0.30748228247745973,8,69.0
2840.0,-0.24499999999999997,10,1.18,0.59,7.907363437432283,6,71.0,0.28549014036196807,4,47.0,0.5069014627775231,10,118.0
2845.0,-0.29000000000000004,15,1.76,0.88,4.841362672169202,8,107.0,0.1895841349109772,7,69.0,0.31010754278648744,15,176.0
2850.0,-0.4,18,2.56,1.28,4.505829874472483,9,149.0,0.2233968592629332,9,107.0,0.23604243900667637,18,256.0
2855.0,-0.505,22,3.5700000000000003,1.7850000000000001,3.140204649671907,11,200.0,0.0791515075962376,11,157.0,0.2434701313810322,22,357.0
2860.0,-0.57,23,4.71,2.355,2.863160515865426,11,255.0,0.13356362884826037,12,216.0,0.01873544452142018,23,471.0
2865.0,-0.625,27,5.96,2.98,2.160448782495979,13,314.0,0.09815436271813677,14,282.0,0.07101648953349489,27,596.0
2870.0,1.5,7,2.96,1.48,3.6270458830412684,3,153.0,0.18081720253308378,4,143.0,0.24868882057456987,7,296.0
2875.0,0.905,1,1.15,0.575,6.927149826754122,1,55.0,0.19046481861303358,0,60.0,0.29366758343275795,1,115.0
2880.0,0.08000000000000004,4,0.99,0.495,8.954659043236278,1,41.0,0.342806322229905,3,58.0,0.4187645626448669,4,99.0
2885.0,0.024999999999999953,4,0.9400000000000001,0.47000000000000003,9.355117754973765,1,17.0,0.625036589850277,3,77.0,0.38909276704736667,4,94.0
2890.0,0.07000000000000003,4,0.7999999999999999,0.39999999999999997,8.882991266695512,1,22.0,0.602815823081023,3,58.0,0.29784867488314404,4,80.0
2895.0,-0.07500000000000002,7,0.95,0.475,7.68950021350203,2,30.0,0.30371336958635936,5,65.0,0.13300853779556004,7,95.0
2900.0,-0.095,8,1.1400000000000001,0.5700000000000001,7.422018396261427,2,40.0,0.5862836875736221,6,74.0,0.2759366380392512,8,114.0
2905.0,-0.22500000000000003,10,1.59,0.795,5.035711501756104,2,50.0,0.37404166171326547,8,109.0,0.09149938138023005,10,159.0
2910.0,-0.19,13,1.9700000000000002,0.9850000000000001,5.063905919401542,4,65.0,0.1925749716939878,9,132.0,0.10139836655516075,13,197.0
2915.0,0.555,6,0.86,0.43,5.139335390498666,1,0.0,0.448255504363078,5,86.0,0.232944058168159,6,86.0
2920.0,0.175,1,0.51,0.255,8.097623139525327,1,3.0,0.45251456299319587,0,48.0,0.29752966698793265,1,51.0
2925.0,0.12,3,0.27,0.135,9.308534188424279,3,15.0,0.3716602484399515,0,12.0,0.41746623631660407,3,27.0
2930.0,-0.07500000000000001,4,0.42000000000000004,0.21000000000000002,9.433376676770168,4,34.0,0.3706025981772765,0,8.0,0.7122782723722216,4,42.0
2935.0,-0.12999999999999995,6,0.6799999999999999,0.33999999999999997,8.178796026252726,5,57.0,0.35452009997934175,1,11.0,0.5869466608560018,6,68.0
2940.0,-0.23000000000000004,12,1.1400000000000001,0.5700000000000001,6.724620839599289,7,86.0,0.33097572680354204,5,28.0,0.3977001833862445,12,114.0
2945.0,-0.35000000000000003,17,1.84,0.92,4.078919487144527,11,130.0,0.2698421428407641,6,54.0,0.13441789017120276,17,184.0
2950.0,-0.455,21,2.75,1.375,2.881417403613366,12,185.0,0.06978533321937024,9,90.0,0.1756659795413764,21,275.0
2955.0,-0.5549999999999999,23,3.86,1.93,2.7193482461370695,14,251.0,0.12140327067447948,9,135.0,0.07453923646219238,23,386.0
2960.0,-0.5800000000000001,24,5.02,2.51,3.3748114003949,14,321.0,0.08574951484163079,10,181.0,0.1448023570815465,24,502.0
2965.0,1.4300000000000002,2,2.16,1.08,5.817290768843537,2,192.0,0.19921254466739519,0,24.0,0.49079046310907903,2,216.0
2970.0,0.565,3,1.03,0.515,8.04968924044359,2,103.0,0.24693063551191202,1,0.0,0.3139265179151808,3,103.0
2975.0,0.35,3,0.33,0.165,9.74743769840295,2,27.0,0.5688716648531451,1,6.0,0.5011470489150428,3,33.0
2980.0,-0.10499999999999998,6,0.54,0.27,8.88113997037523,2,36.0,0.2199282791650624,4,18.0,0.15945518840334075,6,54.0
2985.0,-0.17,8,0.88,0.44,7.097485720394717,3,48.0,0.37804326279146416,5,40.0,0.16033825381713937,8,88.0
2990.0,-0.21500000000000002,9,1.31,0.655,5.472046216083941,3,63.0,0.32124807642941555,6,68.0,0.136636800863,9,131.0
2995.0,-0.26999999999999996,11,1.85,0.925,6.51508521399096,4,82.0,0.31885443421040105,7,103.0,0.11977887253935011,11,185.0
3000.0,-0.27499999999999997,11,2.4,1.2,5.15379004498802,4,102.0,0.38344846734367216,7,138.0,0.12992695250879807,11,240.0
3005.0,-0.32500000000000007,16,3.05,1.525,4.0357998060061515,6,127.0,0.2723411974016361,10,178.0,0.18820372399804594,16,305.0
3010.0,0.8899999999999999,7,1.27,0.635,3.559864634729576,3,34.0,0.07392102497350725,4,93.0,0.24436697965540413,7,127.0
3015.0,0.4050000000000001,3,0.45999999999999996,0.22999999999999998,7.010975013640573,2,15.0,0.27016977834309375,1,31.0,0.25401421292625787,3,46.0
3020.0,0.0049999999999999906,4,0.45,0.225,9.865968416884156,2,26.0,0.2732768905459554,2,19.0,0.6061231733855356,4,45.0
3025.0,-0.13999999999999999,5,0.73,0.365,9.511718361676623,3,44.0,0.5665539295929304,2,29.0,0.5034394321894305,5,73.0
3030.0,-0.20500000000000002,11,1.1400000000000001,0.5700000000000001,5.348452557650575,5,64.0,0.3657816462444115,6,50.0,0.24565171245157866,11,114.0
3035.0,-0.34500000000000003,17,1.83,0.915,3.311895259015797,6,91.0,0.22698333116190864,11,92.0,0.0036035939553640847,17,183.0
3040.0,-0.45999999999999996,20,2.75,1.375,2.891219654820046,8,125.0,0.10817219908208803,12,150.0,0.13491521859072889,20,275.0
3045.0,-0.5,20,3.75,1.875,2.719582160767488,8,165.0,0.06834481883923829,12,210.0,0.1816022687419439,20,375.0
3050.0,-0.5549999999999999,25,4.859999999999999,2.4299999999999997,2.3323925037075237,10,209.0,0.22181612594955374,15,277.0,0.00010083267363861219,25,486.0
3055.0,-0.635,26,6.13,3.065,2.443151548851767,11,261.0,0.1985392581375196,15,352.0,0.0,26,613.0
3060.0,1.915,2,2.3,1.15,5.166071263783938,1,53.0,0.18167373436208906,1,177.0,0.22139168760605482,2,230.0
3065.0,0.85,4,0.6,0.3,7.87649077180179,3,21.0,0.22324842807315343,1,39.0,0.27093806985301383,4,60.0
3070.0,0.05500000000000001,5,0.49,0.245,9.73013321681377,4,38.0,0.31944414864787385,1,11.0,0.6094086076006007,5,49.0
3075.0,-0.12499999999999997,5,0.74,0.37,10.550446408059674,4,58.0,0.32116006979911815,1,16.0,0.0,5,74.0
3080.0,-0.12000000000000002,5,0.98,0.49,9.32168776773399,4,77.0,0.3115349061687004,1,21.0,0.0,5,98.0
3085.0,-0.12499999999999999,5,1.23,0.615,7.312875947458247,4,97.0,0.17088714567062122,1,26.0,0.1141471983062312,5,123.0
3090.0,-0.145,6,1.52,0.76,7.7085358642454445,5,121.0,0.34932218736063086,1,31.0,0.6012959452552153,6,152.0
3095.0,-0.19500000000000003,10,1.9100000000000001,0.9550000000000001,3.6240528834115686,7,151.0,0.06417914093616406,3,40.0,0.33980647622817256,10,191.0
3100.0,-0.28500000000000003,12,2.48,1.24,3.619725497095865,7,186.0,0.12053128465874964,5,62.0,0.00048030553873502235,12,248.0
3105.0,0.9800000000000001,0,0.52,0.26,6.469495047580485,0,39.0,0.32321260511026445,0,13.0,0.6666807426002974,0,52.0
3110.0,0.255,1,0.01,0.005,8.973160140657535,0,0.0,0.8067832289511844,1,1.0,0.22166370450368247,1,1.0
3115.0,-0.065,3,0.14,0.07,9.083133757983449,0,0.0,0.591653988824077,3,14.0,0.38279389910705847,3,14.0
3120.0,-0.085,4,0.31,0.155,8.800818967939012,1,4.0,0.5291303885319899,3,27.0,0.2673424664721316,4,31.0
3125.0,-0.16999999999999998,6,0.65,0.325,7.222389419784492,2,13.0,0.43187694068689675,4,52.0,0.4069877832314588,6,65.0
3130.0,-0.225,10,1.1,0.55,5.56730515797456,4,31.0,0.27146999930892596,6,79.0,0.4044638214074176,10,110.0
3135.0,-0.355,17,1.81,0.905,4.049904443603181,7,62.0,0.11539530357536662,10,119.0,0.09490960842665933,17,181.0
3140.0,-0.425,17,2.66,1.33,5.17745746691813,7,97.0,0.26477267862388093,10,169.0,0.08349025828216582,17,266.0
3145.0,-0.42500000000000004,17,3.51,1.755,5.498566735637685,7,132.0,0.4122545402529685,10,219.0,0.21830280581100986,17,351.0
3150.0,0.85,11,1.81,0.905,4.421969630213582,5,79.0,0.357263078635257,6,102.0,0.2612910245095542,11,181.0
3155.0,0.7050000000000001,3,0.4,0.2,8.091402225907878,1,28.0,0.30522671402789014,2,12.0,0.24338042580488756,3,40.0
3160.0,-0.015,5,0.43000000000000005,0.21500000000000002,9.623813721581277,2,16.0,0.4078058042078327,3,27.0,0.6057362346936334,5,43.0
3165.0,-0.18,8,0.79,0.395,9.609187147487631,4,31.0,0.3573936709337518,4,48.0,0.5623034034515094,8,79.0
3170.0,-0.19000000000000003,11,1.17,0.585,7.905774031029852,5,50.0,0.25952680317692783,6,67.0,0.21107332353841177,11,117.0
3175.0,-0.29,12,1.75,0.875,4.994653381106836,5,75.0,0.24844704581528065,7,100.0,0.00015792086637114126,12,175.0
3180.0,-0.31500000000000006,13,2.38,1.19,5.279288645865735,6,103.0,0.23506630258081443,7,135.0,0.20783626666447183,13,238.0
3185.0,-0.32499999999999996,13,3.0300000000000002,1.5150000000000001,4.852774344217997,6,133.0,0.13920995146878476,7,170.0,0.27182188616583763,13,303.0
3190.0,-0.35499999999999987,15,3.7399999999999998,1.8699999999999999,5.53490615788944,6,163.0,0.24550349805930066,9,211.0,0.23959766383280456,15,374.0
3195.0,-0.39,16,4.52,2.26,4.782511724918244,6,193.0,0.3446362071136111,10,259.0,0.17624762597860674,16,452.0
3200.0,2.0149999999999997,1,0.49,0.245,5.729158260209804,0,24.0,0.46318141310773076,1,25.0,0.2835113822637597,1,49.0
3205.0,0.105,3,0.28,0.14,8.6396167227221,2,9.0,0.3037266260749852,1,19.0,0.23170885164422755,3,28.0
3210.0,-0.05500000000000001,5,0.39,0.195,10.12984903541878,3,20.0,0.49678511415385845,2,19.0,0.543665828587663,5,39.0
3215.0,-0.15999999999999998,7,0.71,0.355,8.557858973683691,5,41.0,0.36014240360842914,2,30.0,0.5883297306175858,7,71.0
3220.0,-0.28,13,1.27,0.635,5.644387687945748,7,73.0,0.2771576436067626,6,54.0,0.377581611797683,13,127.0
3225.0,-0.39499999999999996,18,2.06,1.03,4.705026321714131,9,114.0,0.15095494673066118,9,92.0,0.2925413554518059,18,206.0
3230.0,-0.49999999999999994,22,3.0599999999999996,1.5299999999999998,4.006488700434009,12,167.0,0.18575593018762368,10,139.0,0.20112756008932,22,306.0
3235.0,-0.5850000000000001,24,4.23,2.115,2.7466867036583746,12,227.0,0.07070038555335732,12,196.0,0.07205015890143963,24,423.0
3240.0,-0.655,27,5.54,2.77,2.3946222616101394,13,292.0,0.17123938066907654,14,262.0,0.0766652923367781,27,554.0
3245.0,0.9200000000000002,16,3.6999999999999997,1.8499999999999999,3.11383624504512,9,228.0,0.09350024171840196,7,142.0,0.15885699518617438,16,370.0
3250.0,0.9299999999999999,3,1.8399999999999999,0.9199999999999999,5.927306100271418,2,125.0,0.26850121004853245,1,59.0,0.254112564793415,3,184.0
3255.0,0.44,4,0.96,0.48,8.361574493372064,3,70.0,0.5041112833887961,1,26.0,0.32112850511310126,4,96.0
3260.0,0.255,4,0.44999999999999996,0.22499999999999998,8.866720688134393,2,29.0,0.3501336396339308,2,16.0,0.4124747543773307,4,45.0
3265.0,-0.08,7,0.61,0.305,9.262835970247487,4,31.0,0.3108275628234239,3,30.0,0.3918037606340684,7,61.0
3270.0,-0.17500000000000002,7,0.96,0.48,8.074312169685221,4,51.0,0.313799176405478,3,45.0,0.3558303948943745,7,96.0
3275.0,-0.18499999999999997,8,1.33,0.665,7.183082662631981,4,71.0,0.19869497457640348,4,62.0,0.19587305021640347,8,133.0
3280.0,-0.2,8,1.73,0.865,6.74455463279443,4,91.0,0.18289744474212427,4,82.0,0.40014432480499934,8,173.0
3285.0,-0.22000000000000008,9,2.17,1.085,6.9326021484035145,4,111.0,0.32369694503655744,5,106.0,0.3384018309589499,9,217.0
3290.0,-0.24,11,2.6500000000000004,1.3250000000000002,5.421220588610173,5,133.0,0.00018880604474879806,6,132.0,0.18918966438340232,11,265.0
3295.0,1.27,0,0.11,0.055,9.108716840991935,0,0.0,1.0,0,11.0,0.5430199955361925,0,11.0
3300.0,0.055,0,0.0,0.0,11.2807741963069,0,0.0,0.9457361321132456,0,0.0,0.6574764778879026,0,0.0
3305.0,-0.01,0,0.02,0.01,12.174566060790385,0,1.0,0.9585547559164945,0,1.0,0.9136755126835275,0,2.0
3310.0,-0.005,0,0.03,0.015,10.654039644415002,0,2.0,0.7816492317033252,0,1.0,0.796699001512409,0,3.0
3315.0,-0.07,5,0.16999999999999998,0.08499999999999999,7.8798435446050075,3,9.0,0.37641788183389,2,8.0,0.31600089696560557,5,17.0
3320.0,-0.165,8,0.5,0.25,7.486800888406761,6,32.0,0.21704442054510154,2,18.0,0.624123617591385,8,50.0
3325.0,-0.23500000000000001,11,0.97,0.485,5.592977011444618,8,68.0,0.2642097424201927,3,29.0,0.24986369850532372,11,97.0
3330.0,-0.31000000000000005,14,1.59,0.795,3.9617923352525652,9,108.0,0.13134277944992898,5,51.0,0.0003248369724148437,14,159.0
3335.0,-0.38,16,2.35,1.175,4.202187130646973,11,159.0,0.2483291216809804,5,76.0,0.16124706818227377,16,235.0
3340.0,0.685,2,0.98,0.49,4.782337646668286,2,74.0,0.22088228706951943,0,24.0,0.393826433391813,2,98.0
3345.0,0.29,4,0.4,0.2,8.196817853300463,4,40.0,0.04579286637238087,0,0.0,0.7590560883497122,4,40.0
3350.0,-0.019999999999999983,5,0.44,0.22,9.195088712545102,5,42.0,0.15336360921173134,0,2.0,0.6852096062808805,5,44.0
3355.0,-0.15500000000000003,6,0.75,0.375,9.136809597146973,5,67.0,0.297444815067173,1,8.0,0.7675581921828126,6,75.0
3360.0,-0.135,7,1.02,0.51,7.995465195821799,5,92.0,0.2764273576226313,2,10.0,0.31331823294667455,7,102.0
3365.0,-0.235,11,1.49,0.745,7.31270284747826,8,126.0,0.05476650147528607,3,23.0,0.6348625538269468,11,149.0
3370.0,-0.29,12,2.07,1.035,5.916617488021164,9,169.0,0.23053403412093057,3,38.0,0.18282871965561562,12,207.0
3375.0,-0.32500000000000007,14,2.72,1.36,5.047618428489799,9,214.0,0.1807068062356957,5,58.0,0.24695537702170484,14,272.0
3380.0,-0.3699999999999999,15,3.46,1.73,5.717818996850112,9,259.0,0.0,6,87.0,0.18550539732160087,15,346.0
3385.0,0.94,7,1.58,0.79,6.240061266121832,4,110.0,0.27675716326766464,3,48.0,0.3407707318001074,7,158.0
3390.0,0.665,1,0.25,0.125,8.359820708479292,0,19.0,0.6364246498681618,1,6.0,0.576075336437846,1,25.0
3395.0,-0.065,3,0.38,0.19,8.64450294307927,1,21.0,0.39744616526519355,2,17.0,0.41433361861640783,3,38.0
3400.0,-0.075,6,0.53,0.265,7.843630803232893,4,21.0,0.19259190523139633,2,32.0,0.5791596023315441,6,53.0
3405.0,-0.16999999999999998,8,0.87,0.435,5.927958097745078,4,41.0,0.450983271194949,4,46.0,0.34750266954329917,8,87.0
3410.0,-0.20999999999999996,11,1.29,0.645,5.4804035604996315,5,57.0,0.2691539381761651,6,72.0,0.1043208758348617,11,129.0
3415.0,-0.355,15,2.0,1.0,3.042688568341871,7,86.0,0.013168025676905344,8,114.0,0.22887957967611128,15,200.0
3420.0,-0.3950000000000001,17,2.79,1.395,2.7622352380647794,7,121.0,0.19651742461853822,10,158.0,0.08642745337843011,17,279.0
3425.0,-0.43500000000000005,18,3.66,1.83,3.3211794032954125,8,158.0,1.4048752677585867e-05,10,208.0,0.136319288905802,18,366.0
3430.0,-0.45499999999999985,19,4.57,2.285,2.9173841012919524,8,198.0,0.12887255627872277,11,259.0,2.488903986196887e-05,19,457.0
3435.0,1.2349999999999999,3,2.1,1.05,5.816637865403401,1,87.0,0.4433447411726041,2,123.0,0.33196761744588005,3,210.0
3440.0,0.625,4,0.8500000000000001,0.42500000000000004,7.754363452346372,3,29.0,0.15981135455788475,1,56.0,0.4597708327498459,4,85.0
3445.0,0.24,3,0.37,0.185,10.111459083424062,2,20.0,0.4626929882972988,1,17.0,0.7091883008667779,3,37.0
3450.0,-0.08999999999999998,6,0.55,0.275,9.63360447010261,3,31.0,0.04291475153254219,3,24.0,0.24137659428525984,6,55.0
3455.0,-0.16,7,0.87,0.435,8.206390593320975,4,50.0,0.1772528127953183,3,37.0,0.0,7,87.0
3460.0,-0.185,8,1.24,0.62,5.154915145824623,5,72.0,0.16442063074764535,3,52.0,0.0,8,124.0
3465.0,-0.20500000000000002,9,1.65,0.825,4.440430317420004,6,98.0,0.07578929217905857,3,67.0,0.0,9,165.0
3470.0,-0.235,10,2.12,1.06,4.543331298034678,7,130.0,0.21605064114654526,3,82.0,0.24392294053794897,10,212.0
3475.0,-0.26499999999999996,11,2.65,1.325,5.310829188463637,7,165.0,0.3117878861597579,4,100.0,0.1937379432343377,11,265.0
3480.0,0.565,6,1.52,0.76,6.137742564016069,5,113.0,0.21996020992311854,1,39.0,0.6372678460316286,6,152.0
3485.0,0.33999999999999997,4,0.84,0.42,6.901079724488128,3,82.0,0.23113446390621972,1,2.0,0.5009056963230628,4,84.0
3490.0,0.019999999999999955,5,0.8,0.4,9.022295303149678,3,68.0,0.5270242589584221,2,12.0,4.593789207902201e-05,5,80.0
3495.0,-0.029999999999999985,5,0.86,0.43,7.736831660016539,3,64.0,0.4696540184884306,2,22.0,0.39877295056285345,5,86.0
3500.0,-0.10000000000000002,8,1.06,0.53,7.213635510870762,4,68.0,0.2650207070971996,4,38.0,0.4438405212287131,8,106.0
3505.0,-0.245,13,1.55,0.775,5.82992003079665,8,103.0,0.18671663944197658,5,52.0,0.27994035012592783,13,155.0
3510.0,-0.29,13,2.13,1.065,5.414841554092871,7,130.0,0.2753347875687549,6,83.0,0.3373617973687851,13,213.0
3515.0,-0.36999999999999994,17,2.87,1.435,4.125364936808436,8,170.0,0.14982833845496601,9,117.0,0.17812783313269814,17,287.0
3520.0,-0.4950000000000001,21,3.8600000000000003,1.9300000000000002,4.2591553751875,9,216.0,0.09506709510573033,12,170.0,0.23296096713469452,21,386.0
3525.0,-0.5299999999999999,21,4.92,2.46,2.6274187045183686,9,261.0,0.10763178201184932,12,231.0,0.1702948038873572,21,492.0
3530.0,1.6349999999999998,4,1.65,0.825,5.954341193718406,1,68.0,0.30179367686072517,3,97.0,0.22672831057632165,4,165.0
3535.0,0.5700000000000001,5,0.51,0.255,7.942710811809752,1,11.0,0.5338230026752465,4,40.0,0.27888057728187376,5,51.0
3540.0,-0.145,7,0.8,0.4,7.686870696677996,2,17.0,0.4844583347347939,5,63.0,0.31220055414352016,7,80.0
3545.0,-0.185,9,1.17,0.585,7.105017703702557,3,32.0,0.32278329132014927,6,85.0,0.12134181355139366,9,117.0
3550.0,-0.23499999999999996,10,1.64,0.82,7.807525877811347,3,47.0,0.3812396611197135,7,117.0,0.2017471379843152,10,164.0
3555.0,-0.26000000000000006,11,2.16,1.08,7.359653819536144,3,62.0,0.4671810889670404,8,154.0,0.11402708948725755,11,216.0
3560.0,-0.295,12,2.75,1.375,5.304802084847222,3,77.0,0.009480631059008308,9,198.0,0.13367335175907927,12,275.0
3565.0,-0.3650000000000001,16,3.4800000000000004,1.7400000000000002,3.9262849817845877,6,101.0,0.20137239795775658,10,247.0,1.5816520522817752e-06,16,348.0
3570.0,-0.39,16,4.26,2.13,4.627800289119389,6,129.0,0.21080397804980433,10,297.0,0.15641983879430277,16,426.0
3575.0,0.9200000000000002,4,2.42,1.21,4.958371653614218,2,74.0,0.08265051308236258,2,168.0,0.1665643592788581,4,242.0
3580.0,1.0150000000000001,3,0.39,0.195,8.624084648425498,2,20.0,0.15925327657212773,1,19.0,0.44126524700563596,3,39.0
3585.0,0.0050000000000000044,3,0.38,0.19,10.029154719992212,2,26.0,0.5616425581887625,1,12.0,0.732982277572145,3,38.0
3590.0,-0.075,3,0.53,0.265,9.471466322307645,2,36.0,0.45014966825673736,1,17.0,0.6878635102663088,3,53.0
3595.0,-0.14999999999999997,8,0.83,0.415,7.239478359706917,5,58.0,0.2743104028706443,3,25.0,0.47105149886590625,8,83.0
3600.0,-0.32000000000000006,17,1.4700000000000002,0.7350000000000001,3.123383827159398,7,91.0,0.29828575303740057,10,56.0,0.15586744247690973,17,147.0
3605.0,-0.425,19,2.3200000000000003,1.1600000000000001,3.276031691116296,7,121.0,0.24398263149738333,12,111.0,0.07520603400947826,19,232.0
3610.0,-0.5099999999999999,21,3.34,1.67,3.503240589422833,9,163.0,0.09931856203683648,12,171.0,0.017199549505955914,21,334.0
3615.0,-0.53,22,4.4,2.2,2.1904125298281296,9,208.0,0.09430125287616867,13,232.0,0.00042738587078298734,22,440.0
3620.0,0.845,13,2.71,1.355,2.120038964621226,4,95.0,0.003060381890991189,9,176.0,0.09205190164528596,13,271.0
3625.0,0.5750000000000001,0,1.5599999999999998,0.7799999999999999,6.302321011009607,0,42.0,0.2139509265794216,0,114.0,0.3986428497054213,0,156.0
3630.0,0.6,0,0.36,0.18,9.644694641343806,0,17.0,0.24954542122243975,0,19.0,0.42966456427814315,0,36.0
3635.0,0.16,0,0.04,0.02,11.470338924386224,0,0.0,1.0,0,4.0,0.9914830079000018,0,4.0
3640.0,0.02,0,0.0,0.0,11.55340362959533,0,0.0,1.0,0,0.0,1.0,0,0.0
3645.0,0.0,0,0.0,0.0,12.481275793193996,0,0.0,1.0,0,0.0,1.0,0,0.0
3650.0,0.0,0,0.0,0.0,11.814288965177022,0,0.0,1.0,0,0.0,1.0,0,0.0
3655.0,0.0,0,0.0,0.0,12.326227034640572,0,0.0,1.0,0,0.0,1.0,0,0.0
3660.0,0.0,0,0.0,0.0,,0,0.0,1.0,0,0.0,1.0,0,0.0
3665.0,0.0,0,0.0,0.0,,0,0.0,1.0,0,0.0,1.0,0,0.0
