step_time,reward,total_stopped,total_wait_time,avg_wait_time,avg_speed,gneJ2_stopped,gneJ2_accumulated_waiting_time,gneJ2_average_speed,agents_total_stopped,agents_total_accumulated_waiting_time
5.0,0.0,0,0.0,0.0,12.28019817638947,0,0.0,0.921774331431266,0,0.0
10.0,0.0,0,0.0,0.0,10.200556740341904,0,0.0,0.655815327592287,0,0.0
15.0,-0.06,2,0.06,0.06,7.223597524492085,2,6.0,0.0545056584745939,2,6.0
20.0,-0.13,3,0.19,0.19,8.755189399244014,3,19.0,0.529501251666239,3,19.0
25.0,-0.15000000000000002,3,0.34,0.34,7.522731567711525,3,34.0,0.5045633384527198,3,34.0
30.0,-0.24999999999999994,6,0.59,0.59,7.602261960717224,6,59.0,0.41189520956069,6,59.0
35.0,-0.33000000000000007,7,0.92,0.92,6.798700063717092,7,92.0,0.20770355028291398,7,92.0
40.0,-0.41000000000000003,11,1.33,1.33,5.258752807032254,11,133.0,0.1441017198082073,11,133.0
45.0,-0.54,12,1.87,1.87,3.4413635835508023,12,187.0,0.08407016722370575,12,187.0
50.0,1.58,3,0.29,0.29,5.616833831534676,3,29.0,0.36416945375295834,3,29.0
55.0,-0.040000000000000036,3,0.33,0.33,7.859018536363976,3,33.0,0.16425869028691278,3,33.0
60.0,-0.18,5,0.51,0.51,8.79089223882633,5,51.0,0.27128691621755824,5,51.0
65.0,-0.25,5,0.76,0.76,9.121037612280603,5,76.0,0.06832553180769516,5,76.0
70.0,-0.29000000000000004,6,1.05,1.05,8.171750019901234,6,105.0,0.36703744227132024,6,105.0
75.0,-0.30000000000000004,6,1.35,1.35,5.816057116377686,6,135.0,0.2653587683808922,6,135.0
80.0,-0.34999999999999987,7,1.7,1.7,6.572278778728081,7,170.0,0.12416555075611334,7,170.0
85.0,-0.34999999999999987,7,2.05,2.05,6.62641187929893,7,205.0,0.3422056600564305,7,205.0
90.0,-0.3600000000000003,8,2.41,2.41,6.371216562457483,8,241.0,0.3216908607966445,8,241.0
95.0,2.06,3,0.35,0.35,6.5353863079318675,3,35.0,0.41183116190213087,3,35.0
100.0,0.0,7,0.35,0.35,7.7558494087429946,7,35.0,0.33718122874778406,7,35.0
105.0,-0.35,7,0.7,0.7,6.584324506358179,7,70.0,0.20024609601319374,7,70.0
110.0,-0.3700000000000001,9,1.07,1.07,5.6858921889492855,9,107.0,0.07127988073795545,9,107.0
115.0,-0.45999999999999996,10,1.53,1.53,3.9112006963389834,10,153.0,0.08765901634611957,10,153.0
120.0,-0.5900000000000001,12,2.12,2.12,5.343963649872242,12,212.0,0.19939334142575973,12,212.0
125.0,-0.6299999999999999,14,2.75,2.75,3.6798697510166134,14,275.0,0.22978459058954473,14,275.0
130.0,-0.81,19,3.56,3.56,1.182857075954195,19,356.0,0.05150749433961569,19,356.0
135.0,-1.0799999999999996,23,4.64,4.64,0.976010587483808,23,464.0,0.03886148460190372,23,464.0
140.0,3.0999999999999996,4,1.54,1.54,5.511502970422642,4,154.0,0.3726920437920327,4,154.0
145.0,0.41000000000000014,5,1.13,1.13,6.359734307972674,5,113.0,0.2972939863032299,5,113.0
150.0,-0.040000000000000036,9,1.17,1.17,7.0018846417475595,9,117.0,0.18634387019436963,9,117.0
155.0,0.1399999999999999,8,1.03,1.03,7.9091926901517935,8,103.0,0.3098623441660332,8,103.0
160.0,-0.3699999999999999,8,1.4,1.4,6.807081946599294,8,140.0,0.15233380487472958,8,140.0
165.0,-0.48,10,1.88,1.88,5.242205612118851,10,188.0,0.13598768989289192,10,188.0
170.0,-0.5300000000000002,12,2.41,2.41,4.8737700234908266,12,241.0,0.2076927850084321,12,241.0
175.0,-0.5999999999999996,12,3.01,3.01,2.6536842422052795,12,301.0,0.045222810354772894,12,301.0
180.0,-0.7000000000000002,14,3.71,3.71,3.4874004291267857,14,371.0,0.13081543201483775,14,371.0
185.0,2.86,1,0.85,0.85,6.159479397709399,1,85.0,0.3267821592878475,1,85.0
190.0,0.6699999999999999,2,0.18,0.18,10.440328707544253,2,18.0,0.46752343533261487,2,18.0
195.0,-0.10000000000000003,2,0.28,0.28,11.325231177472492,2,28.0,0.6044396230676143,2,28.0
200.0,-0.10999999999999999,3,0.39,0.39,7.961771878825061,3,39.0,0.3453352486063483,3,39.0
205.0,-0.22999999999999998,5,0.62,0.62,7.461077104457324,5,62.0,0.24880199480976065,5,62.0
210.0,-0.25,5,0.87,0.87,5.748741211373077,5,87.0,0.3424577149893336,5,87.0
215.0,-0.30999999999999994,7,1.18,1.18,3.5561379693747006,7,118.0,0.1745436267086401,7,118.0
220.0,-0.51,12,1.69,1.69,3.3997050738096193,12,169.0,0.1560443311506892,12,169.0
225.0,-0.6299999999999999,13,2.32,2.32,3.00522507865781,13,232.0,0.17695760199431299,13,232.0
230.0,1.9899999999999998,4,0.33,0.33,5.724145031829503,4,33.0,0.26665294296503705,4,33.0
235.0,-0.23000000000000004,5,0.56,0.56,8.949830174185308,5,56.0,0.21227807833656903,5,56.0
240.0,-0.2899999999999999,6,0.85,0.85,9.04817223321896,6,85.0,0.4078069542929053,6,85.0
245.0,-0.29999999999999993,6,1.15,1.15,7.939216079617018,6,115.0,0.3735150434622528,6,115.0
250.0,-0.3900000000000001,9,1.54,1.54,7.619017518334085,9,154.0,0.21160536328680427,9,154.0
255.0,-0.5499999999999998,13,2.09,2.09,4.934928079597693,13,209.0,0.12641429770757273,13,209.0
260.0,-0.6699999999999999,14,2.76,2.76,4.177797759246201,14,276.0,0.07095683405783794,14,276.0
265.0,-0.8000000000000003,17,3.56,3.56,3.236689102464988,17,356.0,0.05250438916060504,17,356.0
270.0,-0.8500000000000001,17,4.41,4.41,4.0232058851664005,17,441.0,0.10174450264510988,17,441.0
275.0,2.9400000000000004,0,1.47,1.47,6.890481085452183,0,147.0,0.3831780577179557,0,147.0
280.0,0.83,1,0.64,0.64,8.616669391651415,1,64.0,0.33830249647305877,1,64.0
285.0,0.37,4,0.27,0.27,8.937312389020908,4,27.0,0.27516499516942344,4,27.0
290.0,-0.25,6,0.52,0.52,8.766674916077314,6,52.0,0.1571951407736812,6,52.0
295.0,-0.19999999999999996,6,0.72,0.72,8.998514199974654,6,72.0,0.3538140382812458,6,72.0
300.0,-0.32000000000000006,7,1.04,1.04,6.080834820691802,7,104.0,0.20225409898637833,7,104.0
305.0,-0.42999999999999994,9,1.47,1.47,5.5828454600434245,9,147.0,0.14216454509604173,9,147.0
310.0,-0.48,10,1.95,1.95,5.700710061618989,10,195.0,0.3464508497363725,10,195.0
315.0,-0.5200000000000002,12,2.47,2.47,3.6139672246038894,12,247.0,0.06860681039774108,12,247.0
320.0,1.9500000000000002,5,0.52,0.52,6.704242209397008,5,52.0,0.26689592919969984,5,52.0
325.0,0.050000000000000044,6,0.47,0.47,7.56166210421591,6,47.0,0.1769300920529132,6,47.0
330.0,-0.35,7,0.82,0.82,7.757943698015845,7,82.0,0.35239154075348106,7,82.0
335.0,-0.4800000000000001,11,1.3,1.3,5.25221040648484,11,130.0,0.1256458710838257,11,130.0
340.0,-0.5899999999999999,12,1.89,1.89,5.2696934923622765,12,189.0,0.2603172248425613,12,189.0
345.0,-0.6399999999999999,13,2.53,2.53,5.039133085129801,13,253.0,0.2667615321075945,13,253.0
350.0,-0.7200000000000002,16,3.25,3.25,5.028741315181372,16,325.0,0.18141024681161935,16,325.0
355.0,-0.8399999999999999,19,4.09,4.09,4.599462696828861,19,409.0,0.14379827076899274,19,409.0
360.0,-1.0099999999999998,23,5.1,5.1,2.0908138141630324,23,510.0,0.10222334531344808,23,510.0
365.0,3.1099999999999994,3,1.99,1.99,4.32044794644615,3,199.0,0.24036677697165623,3,199.0
370.0,1.4100000000000001,6,0.58,0.58,6.200402677146927,6,58.0,0.1218759071161087,6,58.0
375.0,-0.06000000000000005,5,0.64,0.64,7.640345195396731,5,64.0,0.28969109320457126,5,64.0
380.0,-0.13,6,0.77,0.77,8.645979205846036,6,77.0,0.3091135589776377,6,77.0
385.0,-0.3699999999999999,8,1.14,1.14,7.747011523863007,8,114.0,0.18243261700438385,8,114.0
390.0,-0.44000000000000017,9,1.58,1.58,8.006589944253383,9,158.0,0.37939046919101155,9,158.0
395.0,-0.44999999999999973,9,2.03,2.03,6.5285819716155835,9,203.0,0.31397459846180187,9,203.0
400.0,-0.52,12,2.55,2.55,4.425279713552955,12,255.0,0.14265792303803593,12,255.0
405.0,-0.73,17,3.28,3.28,2.6027120894929987,17,328.0,0.06962408121672807,17,328.0
410.0,2.71,5,0.57,0.57,5.641649026964462,5,57.0,0.2162976447489478,5,57.0
415.0,-0.06000000000000005,7,0.63,0.63,7.449532828855325,7,63.0,0.2792704513144835,7,63.0
420.0,-0.31999999999999995,7,0.95,0.95,7.1962999664746645,7,95.0,0.10643836663236188,7,95.0
425.0,-0.43999999999999995,9,1.39,1.39,6.147550375863868,9,139.0,0.19889566254202104,9,139.0
430.0,-0.41000000000000014,9,1.8,1.8,6.115282363600917,9,180.0,0.08093571631443391,9,180.0
435.0,-0.5199999999999998,12,2.32,2.32,4.826515893728446,12,232.0,0.21420318101498168,12,232.0
440.0,-0.6400000000000001,13,2.96,2.96,4.188011784274578,13,296.0,0.18638301849047823,13,296.0
445.0,-0.69,15,3.65,3.65,2.784228855962902,15,365.0,0.10235017752027509,15,365.0
450.0,-0.8500000000000001,17,4.5,4.5,3.6638570585218058,17,450.0,0.15758280245649806,17,450.0
455.0,2.5700000000000003,2,1.93,1.93,6.380773321059808,2,193.0,0.4149719242371814,2,193.0
460.0,1.67,4,0.26,0.26,8.653497734890326,4,26.0,0.4046925758649568,4,26.0
465.0,-0.25,5,0.51,0.51,8.540334747685645,5,51.0,0.2973614312430677,5,51.0
470.0,-0.31999999999999995,8,0.83,0.83,8.904155271360159,8,83.0,0.20599191412591705,8,83.0
475.0,-0.44000000000000006,9,1.27,1.27,7.999878791805264,9,127.0,0.14163488536915853,9,127.0
480.0,-0.45999999999999996,10,1.73,1.73,6.628561215587126,10,173.0,0.2842719165076781,10,173.0
485.0,-0.5800000000000001,14,2.31,2.31,5.145460938364159,14,231.0,0.19253066012852024,14,231.0
490.0,-0.71,15,3.02,3.02,2.363723600182044,15,302.0,0.09274830394267324,15,302.0
495.0,-0.8500000000000001,18,3.87,3.87,1.3178295028797238,18,387.0,1.9910558682743003e-05,18,387.0
500.0,2.6500000000000004,0,1.22,1.22,6.194077184883102,0,122.0,0.25293855138309734,0,122.0
505.0,0.97,0,0.25,0.25,9.749556649335636,0,25.0,0.6025828389946527,0,25.0
510.0,0.21,1,0.04,0.04,9.885806678935364,1,4.0,0.46784743300096204,1,4.0
515.0,-0.13,3,0.17,0.17,9.951055371502386,3,17.0,0.43512945949673787,3,17.0
520.0,-0.17999999999999997,4,0.35,0.35,9.084067294595886,4,35.0,0.38639327022615444,4,35.0
525.0,-0.21000000000000008,5,0.56,0.56,6.778257749236501,5,56.0,0.1362802439310198,5,56.0
530.0,-0.25,5,0.81,0.81,8.367951036377365,5,81.0,0.1645057777874415,5,81.0
535.0,-0.25,5,1.06,1.06,7.7756096706557,5,106.0,0.16123887490014277,5,106.0
540.0,-0.29000000000000004,7,1.35,1.35,6.905059755442427,7,135.0,0.38350683346551295,7,135.0
545.0,1.31,1,0.04,0.04,8.660302241595726,1,4.0,0.6616523444042821,1,4.0
550.0,-0.049999999999999996,1,0.09,0.09,10.920250481913275,1,9.0,0.45907174445141397,1,9.0
555.0,-0.05000000000000002,1,0.14,0.14,10.502814048254407,1,14.0,0.007148885835167983,1,14.0
560.0,-0.09999999999999998,2,0.24,0.24,10.488317067291312,2,24.0,0.6427200140405716,2,24.0
565.0,-0.12,3,0.36,0.36,8.325911313383887,3,36.0,0.49906792653619064,3,36.0
570.0,-0.17000000000000004,4,0.53,0.53,7.3134972791622666,4,53.0,0.4134374824383481,4,53.0
575.0,-0.19999999999999996,4,0.73,0.73,6.469741932439133,4,73.0,0.21026314975122373,4,73.0
580.0,-0.24,5,0.97,0.97,7.530984299465104,5,97.0,0.35418291948727154,5,97.0
585.0,-0.30000000000000004,6,1.27,1.27,6.332267702971751,6,127.0,0.3372955079452781,6,127.0
590.0,1.03,5,0.24,0.24,6.749312389022973,5,24.0,0.26198878435585915,5,24.0
595.0,-0.28,6,0.52,0.52,8.790314112618653,6,52.0,0.3860248650416434,6,52.0
600.0,-0.30999999999999994,7,0.83,0.83,6.891352297290166,7,83.0,0.3331559834488798,7,83.0
605.0,-0.39,8,1.22,1.22,4.613054169806891,8,122.0,0.05629675364865114,8,122.0
610.0,-0.41999999999999993,9,1.64,1.64,3.4013373277112255,9,164.0,0.14703682658798595,9,164.0
615.0,-0.4800000000000002,10,2.12,2.12,4.853214764002432,10,212.0,0.10554847584150379,10,212.0
620.0,-0.5299999999999998,11,2.65,2.65,4.108656875356143,11,265.0,0.139643788073765,11,265.0
625.0,-0.5500000000000003,11,3.2,3.2,4.099491583673089,11,320.0,0.20896243776736334,11,320.0
630.0,-0.5799999999999996,12,3.78,3.78,3.0932806868809735,12,378.0,0.1816578374642655,12,378.0
635.0,2.86,2,0.92,0.92,6.270177978353696,2,92.0,0.4275466545504256,2,92.0
640.0,0.54,4,0.38,0.38,7.603442597069429,4,38.0,0.365290916409521,4,38.0
645.0,0.03999999999999998,4,0.34,0.34,9.118247471979815,4,34.0,0.45145972636197523,4,34.0
650.0,-0.21000000000000002,6,0.55,0.55,9.006752468396853,6,55.0,0.11611214241676704,6,55.0
655.0,-0.35,7,0.9,0.9,7.972707528005967,7,90.0,0.17912068058035582,7,90.0
660.0,-0.41000000000000003,9,1.31,1.31,7.0964580859894815,9,131.0,0.17215663905767975,9,131.0
665.0,-0.44999999999999996,9,1.76,1.76,6.551497539421692,9,176.0,0.24490650818860657,9,176.0
670.0,-0.4999999999999998,12,2.26,2.26,3.23325108455817,12,226.0,0.13009822325224632,12,226.0
675.0,-0.6000000000000001,12,2.86,2.86,2.832985922898311,12,286.0,0.11122583991056352,12,286.0
680.0,2.51,2,0.35,0.35,4.884121411962107,2,35.0,0.29356414929821073,2,35.0
685.0,-0.11000000000000004,4,0.46,0.46,7.98039744636236,4,46.0,0.42957024633266405,4,46.0
690.0,-0.24999999999999994,5,0.71,0.71,7.401046171484284,5,71.0,0.2328966511461893,5,71.0
695.0,-0.28,5,0.99,0.99,7.883571322237205,5,99.0,0.2261247847324851,5,99.0
700.0,0.18999999999999995,4,0.8,0.8,9.058395281162456,4,80.0,0.3814158464250317,4,80.0
705.0,-0.19999999999999996,4,1.0,1.0,7.049739452241592,4,100.0,0.3709121755458408,4,100.0
710.0,-0.27,6,1.27,1.27,5.820114754145601,6,127.0,0.25526344463649525,6,127.0
715.0,-0.3999999999999999,9,1.67,1.67,5.5197770048078,9,167.0,0.2232923664817471,9,167.0
720.0,-0.48,10,2.15,2.15,3.089320894216743,10,215.0,0.15285697954713615,10,215.0
725.0,1.8299999999999998,3,0.32,0.32,6.77629307244117,3,32.0,0.1018766973091068,3,32.0
730.0,0.0,4,0.32,0.32,10.217308827707113,4,32.0,0.4017193905386866,4,32.0
735.0,-0.2,4,0.52,0.52,10.937704657985492,4,52.0,0.47653849650968805,4,52.0
740.0,-0.20999999999999996,5,0.73,0.73,7.307882618734186,5,73.0,0.27403085102753766,5,73.0
745.0,-0.33000000000000007,7,1.06,1.06,5.273778907594747,7,106.0,0.21150475955113335,7,106.0
750.0,-0.42999999999999994,9,1.49,1.49,4.493983367358687,9,149.0,0.2219844254379232,9,149.0
755.0,-0.45999999999999996,10,1.95,1.95,6.219033855133706,10,195.0,0.2979398289279034,10,195.0
760.0,-0.5000000000000002,10,2.45,2.45,4.82598235788151,10,245.0,0.30560691459152795,10,245.0
765.0,-0.71,16,3.16,3.16,2.564121210692949,16,316.0,0.122279649776707,16,316.0
770.0,2.04,3,1.12,1.12,4.244135341143999,3,112.0,0.17764982068245236,3,112.0
775.0,0.7600000000000001,2,0.36,0.36,7.768926204278673,2,36.0,0.28872331226661146,2,36.0
780.0,-0.020000000000000018,3,0.38,0.38,9.160585764697128,3,38.0,0.3052006685945556,3,38.0
785.0,-0.16000000000000003,4,0.54,0.54,8.457222344822872,4,54.0,0.39712562994467876,4,54.0
790.0,-0.25,6,0.79,0.79,7.644962725091047,6,79.0,0.28020421334369633,6,79.0
795.0,-0.43999999999999995,10,1.23,1.23,7.406031561664334,10,123.0,0.2644683484547363,10,123.0
800.0,-0.51,11,1.74,1.74,5.134710874980523,11,174.0,0.05382378514425571,11,174.0
805.0,-0.5999999999999999,13,2.34,2.34,4.976928579543297,13,234.0,0.06929068896681458,13,234.0
810.0,-0.6500000000000004,13,2.99,2.99,4.919276755627929,13,299.0,0.15988241660716399,13,299.0
815.0,2.29,3,0.7,0.7,5.961042391792452,3,70.0,0.41820173450743764,3,70.0
820.0,0.10999999999999999,2,0.59,0.59,9.248800488369373,2,59.0,0.24312031259528746,2,59.0
825.0,0.07999999999999996,3,0.51,0.51,8.91570689401687,3,51.0,0.2106495462708469,3,51.0
830.0,-0.040000000000000036,4,0.55,0.55,9.64853511357452,4,55.0,0.38626234053430236,4,55.0
835.0,-0.21999999999999997,5,0.77,0.77,8.775235505996816,5,77.0,0.3384409617246534,5,77.0
840.0,-0.28,6,1.05,1.05,6.442822164548485,6,105.0,0.2928760181211535,6,105.0
845.0,-0.33999999999999986,7,1.39,1.39,5.9095317906820695,7,139.0,0.16471247266780253,7,139.0
850.0,-0.4800000000000002,10,1.87,1.87,5.683928281036227,10,187.0,0.1550472423775577,10,187.0
855.0,-0.5800000000000001,12,2.45,2.45,5.72405074754892,12,245.0,0.2706723340207485,12,245.0
860.0,2.2,3,0.25,0.25,5.795685122751569,3,25.0,0.3737677750660042,3,25.0
865.0,-0.06,4,0.31,0.31,8.503947163657077,4,31.0,0.10315527879490516,4,31.0
870.0,-0.2,4,0.51,0.51,9.35361997788023,4,51.0,0.4067544673749633,4,51.0
875.0,-0.20999999999999996,5,0.72,0.72,9.087451328965448,5,72.0,0.34132460395998343,5,72.0
880.0,-0.31000000000000005,8,1.03,1.03,6.733875139885531,8,103.0,0.2708878005355679,8,103.0
885.0,-0.3999999999999999,8,1.43,1.43,6.252749719852691,8,143.0,0.16652655873480793,8,143.0
890.0,-0.49,10,1.92,1.92,6.0340104012577696,10,192.0,0.2134747216665657,10,192.0
895.0,-0.5300000000000002,11,2.45,2.45,3.207824400873509,11,245.0,0.1063402628692868,11,245.0
900.0,-0.6199999999999997,13,3.07,3.07,2.3549439469751725,13,307.0,0.031696158659068455,13,307.0
905.0,2.59,3,0.48,0.48,7.264040615022514,3,48.0,0.39558357184067994,3,48.0
910.0,0.019999999999999962,4,0.46,0.46,8.378991072120192,4,46.0,0.2913894914085461,4,46.0
915.0,-0.21000000000000002,5,0.67,0.67,8.87374981252009,5,67.0,0.4441704673857786,5,67.0
920.0,-0.26,7,0.93,0.93,7.250903797865019,7,93.0,0.30687612753568055,7,93.0
925.0,-0.35,7,1.28,1.28,7.8730680156125095,7,128.0,0.2665750347495754,7,128.0
930.0,-0.42999999999999994,9,1.71,1.71,6.0054527935536335,9,171.0,0.16296485014754605,9,171.0
935.0,-0.4900000000000002,10,2.2,2.2,4.906161059840265,10,220.0,0.17179709431026974,10,220.0
940.0,-0.5999999999999996,13,2.8,2.8,2.321830097024213,13,280.0,0.12025861121344762,13,280.0
945.0,-0.6600000000000001,14,3.46,3.46,2.8976369247190465,14,346.0,0.17153863029030908,14,346.0
950.0,2.74,2,0.72,0.72,6.99104340975172,2,72.0,0.47349832813831694,2,72.0
955.0,0.49,3,0.23,0.23,8.674214973284919,3,23.0,0.40296558742053695,3,23.0
960.0,-0.13999999999999999,3,0.37,0.37,9.927722089875209,3,37.0,0.35649340114308165,3,37.0
965.0,-0.15000000000000002,3,0.52,0.52,9.894784911907392,3,52.0,0.49060612896801103,3,52.0
970.0,-0.16999999999999993,4,0.69,0.69,8.208117309680379,4,69.0,0.21632559105540533,4,69.0
975.0,-0.25,5,0.94,0.94,8.554248125166993,5,94.0,0.36498661272939936,5,94.0
980.0,-0.25,5,1.19,1.19,7.922832263071583,5,119.0,0.3793418550013398,5,119.0
985.0,-0.30000000000000004,8,1.49,1.49,3.8129751020449425,8,149.0,0.22617482447396525,8,149.0
990.0,-0.51,12,2.0,2.0,2.080304504425554,12,200.0,0.08922151140537958,12,200.0
995.0,1.74,3,0.26,0.26,7.1848661190272285,3,26.0,0.45887773579564967,3,26.0
1000.0,-0.13,3,0.39,0.39,8.579124016717268,3,39.0,0.4360565401045961,3,39.0
1005.0,-0.14,5,0.53,0.53,7.626784318650605,5,53.0,0.3103570530243733,5,53.0
1010.0,-0.28,6,0.81,0.81,7.161665911025159,6,81.0,0.35643384838981684,6,81.0
1015.0,-0.34999999999999987,7,1.16,1.16,6.614794668344722,7,116.0,0.24595425240520238,7,116.0
1020.0,-0.3900000000000001,9,1.55,1.55,5.520348170514683,9,155.0,0.24518409802090912,9,155.0
1025.0,-0.5199999999999998,12,2.07,2.07,3.214066218884161,12,207.0,0.10904422122044159,12,207.0
1030.0,-0.6300000000000003,13,2.7,2.7,3.235915819555524,13,270.0,0.1263810853032895,13,270.0
1035.0,-0.69,15,3.39,3.39,3.6878770471258324,15,339.0,0.09907033340317868,15,339.0
1040.0,2.68,2,0.71,0.71,6.101826824354161,2,71.0,0.32194234965728635,2,71.0
1045.0,0.48,3,0.23,0.23,8.562066980622594,3,23.0,0.2961053433021948,3,23.0
1050.0,-0.05000000000000002,4,0.28,0.28,8.92325412373518,4,28.0,0.40668084167683005,4,28.0
1055.0,-0.21999999999999997,5,0.5,0.5,7.96426707259811,5,50.0,0.36680006007554566,5,50.0
1060.0,-0.28,7,0.78,0.78,8.462257945195287,7,78.0,0.4020011514953351,7,78.0
1065.0,-0.3899999999999999,10,1.17,1.17,6.064898021280134,10,117.0,0.10121893589690863,10,117.0
1070.0,-0.52,11,1.69,1.69,4.850227876086975,11,169.0,0.1361186005263739,11,169.0
1075.0,-0.6000000000000001,12,2.29,2.29,5.172147484270164,12,229.0,0.21819872057398376,12,229.0
1080.0,-0.7199999999999998,15,3.01,3.01,3.772830209513206,15,301.0,0.1348199800580589,15,301.0
1085.0,2.44,0,0.57,0.57,7.157357471347316,0,57.0,0.501506913527376,0,57.0
1090.0,0.41999999999999993,3,0.15,0.15,8.301381609338236,3,15.0,0.4572056789933003,3,15.0
1095.0,-0.06,3,0.21,0.21,8.142589898627175,3,21.0,0.2550888262244414,3,21.0
1100.0,-0.17,5,0.38,0.38,9.055052129379668,5,38.0,0.5076098978717829,5,38.0
1105.0,-0.27,7,0.65,0.65,7.52723482492957,7,65.0,0.26138394684917127,7,65.0
1110.0,-0.42000000000000004,9,1.07,1.07,7.073394150102462,9,107.0,0.2755155250189121,9,107.0
1115.0,-0.48,10,1.55,1.55,6.117571913636593,10,155.0,0.1272317845556208,10,155.0
1120.0,-0.5999999999999999,14,2.15,2.15,5.818170563667943,14,215.0,0.2017254266550319,14,215.0
1125.0,-0.7200000000000002,15,2.87,2.87,3.7428151939995824,15,287.0,0.16443212392346315,15,287.0
1130.0,1.82,3,1.05,1.05,5.127547335251907,3,105.0,0.26377868327215953,3,105.0
1135.0,0.14,6,0.91,0.91,6.832812437716061,6,91.0,0.28652895916999294,6,91.0
1140.0,0.07000000000000006,8,0.84,0.84,7.006194339418784,8,84.0,0.21115225808037563,8,84.0
1145.0,-0.2600000000000001,12,1.1,1.1,6.242576793692577,12,110.0,0.13894145627036195,12,110.0
1150.0,-0.5999999999999999,12,1.7,1.7,5.44531261914246,12,170.0,0.18856374413650728,12,170.0
1155.0,-0.6199999999999999,13,2.32,2.32,5.358356108434738,13,232.0,0.24164160029026513,13,232.0
1160.0,-0.7200000000000002,16,3.04,3.04,4.656606529984971,16,304.0,0.2201061154561709,16,304.0
1165.0,-0.7999999999999998,16,3.84,3.84,3.239757367119679,16,384.0,0.16534021016051037,16,384.0
1170.0,-0.8399999999999999,18,4.68,4.68,2.1318967955955315,18,468.0,0.045627734046117474,18,468.0
1175.0,3.3199999999999994,1,1.36,1.36,6.111223524640301,1,136.0,0.35676962271862006,1,136.0
1180.0,0.5700000000000001,3,0.79,0.79,8.864737928164411,3,79.0,0.4734762287537567,3,79.0
1185.0,0.24,3,0.55,0.55,9.388880657723204,3,55.0,0.4741299855306007,3,55.0
1190.0,0.17000000000000004,4,0.38,0.38,9.592456522721257,4,38.0,0.32976156996139344,4,38.0
1195.0,-0.19999999999999996,4,0.58,0.58,9.455766885984772,4,58.0,0.4796989592761666,4,58.0
1200.0,-0.20000000000000007,4,0.78,0.78,8.254191787602092,4,78.0,0.2167354286976552,4,78.0
1205.0,-0.27,6,1.05,1.05,7.9110384153079565,6,105.0,0.303127070461544,6,105.0
1210.0,-0.34999999999999987,8,1.4,1.4,7.785451911767699,8,140.0,0.3249284162689433,8,140.0
1215.0,-0.44000000000000017,10,1.84,1.84,7.077720962868318,10,184.0,0.33498113516777767,10,184.0
1220.0,1.58,4,0.26,0.26,8.732753769622331,4,26.0,0.39104081923831835,4,26.0
1225.0,-0.22999999999999998,7,0.49,0.49,7.715879178822527,7,49.0,0.3273431376515355,7,49.0
1230.0,-0.42000000000000004,9,0.91,0.91,7.151520650753218,9,91.0,0.2967288513733055,9,91.0
1235.0,-0.57,13,1.48,1.48,7.205399545578996,13,148.0,0.21619074431946858,13,148.0
1240.0,-0.7000000000000002,15,2.18,2.18,5.201539304885489,15,218.0,0.17039649269832713,15,218.0
1245.0,-0.8399999999999999,18,3.02,3.02,5.052289374084726,18,302.0,0.20700034774638462,18,302.0
1250.0,-1.0399999999999996,24,4.06,4.06,4.747104486739764,24,406.0,0.2145748967936575,24,406.0
1255.0,-1.2300000000000004,26,5.29,5.29,3.8666174768334955,26,529.0,0.16099942438910375,26,529.0
1260.0,-1.54,34,6.83,6.83,3.5202531441448195,34,683.0,0.1322937201755508,34,683.0
1265.0,3.11,14,3.72,3.72,4.307620704496367,14,372.0,0.19382366426318232,14,372.0
1270.0,0.9100000000000001,14,2.81,2.81,5.830708604858859,14,281.0,0.1874527784375239,14,281.0
1275.0,0.20000000000000018,16,2.61,2.61,6.17519205031031,16,261.0,0.18861176076778982,16,261.0
1280.0,-0.18999999999999995,17,2.8,2.8,7.132479325520388,17,280.0,0.24371391577168952,17,280.0
1285.0,-0.6900000000000004,21,3.49,3.49,5.706746952048506,21,349.0,0.15470193462640022,21,349.0
1290.0,-1.0199999999999996,24,4.51,4.51,5.000717399367554,24,451.0,0.15962230530108823,24,451.0
1295.0,-1.2400000000000002,27,5.75,5.75,3.8694245341060496,27,575.0,0.0412812947985236,27,575.0
1300.0,-0.7800000000000002,26,6.53,6.53,4.6083462880005515,26,653.0,0.04608848399800343,26,653.0
1305.0,-1.21,27,7.74,7.74,4.699380176716345,27,774.0,0.12348842995150965,27,774.0
1310.0,3.91,6,3.83,3.83,5.563562986976088,6,383.0,0.2744543047276671,6,383.0
1315.0,2.08,4,1.75,1.75,7.0494384224723925,4,175.0,0.3569914746623714,4,175.0
1320.0,0.69,5,1.06,1.06,7.940126506467531,5,106.0,0.3925982155952822,5,106.0
1325.0,0.39,7,0.67,0.67,7.919190121403855,7,67.0,0.31480861811126887,7,67.0
1330.0,-0.17999999999999994,9,0.85,0.85,6.720337852061737,9,85.0,0.18769816421789137,9,85.0
1335.0,-0.37,10,1.22,1.22,7.334649637023553,10,122.0,0.2860084982895748,10,122.0
1340.0,-0.51,11,1.73,1.73,7.935477867737928,11,173.0,0.31194161052300357,11,173.0
1345.0,-0.5899999999999999,14,2.32,2.32,6.428068735018361,14,232.0,0.17466501936173756,14,232.0
1350.0,-0.79,19,3.11,3.11,5.531971533832961,19,311.0,0.1395694810346986,19,311.0
1355.0,2.2199999999999998,7,0.89,0.89,6.800942898439125,7,89.0,0.3808498803408864,7,89.0
1360.0,-0.44000000000000006,11,1.33,1.33,6.466597648009856,11,133.0,0.29885154623892024,11,133.0
1365.0,-0.6599999999999999,14,1.99,1.99,5.765943529265775,14,199.0,0.17737979923653124,14,199.0
1370.0,-0.17000000000000015,13,2.16,2.16,5.5987191139977295,13,216.0,0.22224914329590448,13,216.0
1375.0,-0.48,13,2.64,2.64,5.522098495242162,13,264.0,0.17903302620108252,13,264.0
1380.0,-0.3599999999999999,13,3.0,3.0,6.05313809483833,13,300.0,0.24903045565030876,13,300.0
1385.0,-0.7200000000000002,16,3.72,3.72,6.155857998664745,16,372.0,0.21341422172903243,16,372.0
1390.0,-0.8299999999999996,18,4.55,4.55,5.088101871774454,18,455.0,0.1900749340542871,18,455.0
1395.0,-1.0499999999999998,22,5.6,5.6,4.322255850629674,22,560.0,0.15334170126993657,22,560.0
1400.0,3.1999999999999997,10,2.4,2.4,5.822571918152986,10,240.0,0.2996128112076331,10,240.0
1405.0,0.6199999999999999,14,1.78,1.78,6.548819906706102,14,178.0,0.2273666031349628,14,178.0
1410.0,-0.17999999999999994,12,1.96,1.96,6.996052906731234,12,196.0,0.31627653241546383,12,196.0
1415.0,-0.6400000000000001,19,2.6,2.6,6.6153093694564555,19,260.0,0.1858728823185644,19,260.0
1420.0,-1.12,25,3.72,3.72,5.976814321126071,25,372.0,0.14472512274303892,25,372.0
1425.0,-1.3199999999999998,28,5.04,5.04,5.0205271524866655,28,504.0,0.18310731734063057,28,504.0
1430.0,-1.5,31,6.54,6.54,3.670870472570459,31,654.0,0.09622208015209208,31,654.0
1435.0,-1.6499999999999995,35,8.19,8.19,3.421718259718877,35,819.0,0.08955002333994369,35,819.0
1440.0,-1.8200000000000003,38,10.01,10.01,3.5652389986019712,38,1001.0,0.13796177978299728,38,1001.0
1445.0,3.8199999999999994,19,6.19,6.19,4.790113471418568,19,619.0,0.204808190624207,19,619.0
1450.0,2.16,14,4.03,4.03,5.291731931767383,14,403.0,0.2175757930225069,14,403.0
1455.0,-0.17999999999999972,26,4.21,4.21,5.462331864134256,26,421.0,0.18686567359485728,26,421.0
1460.0,0.33999999999999986,25,3.87,3.87,5.359885555916376,25,387.0,0.13760660097797983,25,387.0
1465.0,-0.5999999999999996,23,4.47,4.47,5.7132295637034005,23,447.0,0.15742243905805664,23,447.0
1470.0,-0.6000000000000005,27,5.07,5.07,5.723615319767857,27,507.0,0.16135321802134026,27,507.0
1475.0,-1.2699999999999996,28,6.34,6.34,5.150323089024894,28,634.0,0.18508003841415874,28,634.0
1480.0,-1.4800000000000004,33,7.82,7.82,4.751772425617255,33,782.0,0.09932034386159036,33,782.0
1485.0,-1.7199999999999989,37,9.54,9.54,3.8869911544535927,37,954.0,0.11606705874016048,37,954.0
1490.0,3.5199999999999996,14,6.02,6.02,5.198047219380563,14,602.0,0.20164948982879854,14,602.0
1495.0,1.92,12,4.1,4.1,5.918149321137225,12,410.0,0.22451911619507656,12,410.0
1500.0,0.4199999999999995,21,3.68,3.68,5.543946016838094,21,368.0,0.22669815729457124,21,368.0
1505.0,0.56,18,3.12,3.12,6.458059327003895,18,312.0,0.22030454755424078,18,312.0
1510.0,-0.21999999999999975,21,3.34,3.34,6.230662767153623,21,334.0,0.23031290674503352,21,334.0
1515.0,-1.1100000000000003,23,4.45,4.45,6.317072966553884,23,445.0,0.20110903784302683,23,445.0
1520.0,-1.3199999999999994,28,5.77,5.77,5.557161382354708,28,577.0,0.21880437782834772,28,577.0
1525.0,-1.5100000000000007,32,7.28,7.28,3.8875422511714866,32,728.0,0.12085152125374897,32,728.0
1530.0,-1.8099999999999996,40,9.09,9.09,3.5983279433449433,40,909.0,0.10492881406409882,40,909.0
1535.0,3.08,25,6.01,6.01,4.297353985586631,25,601.0,0.12922998521863116,25,601.0
1540.0,1.3899999999999997,16,4.62,4.62,5.762391705254692,16,462.0,0.23564345027956776,16,462.0
1545.0,0.8300000000000001,18,3.79,3.79,5.32860469317171,18,379.0,0.20205970717475452,18,379.0
1550.0,-0.020000000000000018,19,3.81,3.81,5.153152004677315,19,381.0,0.1433184007834416,19,381.0
1555.0,-0.98,22,4.79,4.79,5.2066947580395615,22,479.0,0.15931112433524813,22,479.0
1560.0,-0.8899999999999997,25,5.68,5.68,4.698239028854674,25,568.0,0.08355399163894954,25,568.0
1565.0,-0.9400000000000004,26,6.62,6.62,3.874366551802766,26,662.0,0.12461649360181544,26,662.0
1570.0,-1.04,25,7.66,7.66,5.243776217523428,25,766.0,0.16762299959613752,25,766.0
1575.0,-1.1799999999999997,29,8.84,8.84,4.666782101759196,29,884.0,0.16355686351329723,29,884.0
1580.0,3.6399999999999997,13,5.2,5.2,4.9172535019754555,13,520.0,0.16544776667771685,13,520.0
1585.0,1.46,15,3.74,3.74,4.6472976607308665,15,374.0,0.17487763255113706,15,374.0
1590.0,-0.3700000000000001,22,4.11,4.11,4.770931583020158,22,411.0,0.15638413261740625,22,411.0
1595.0,-0.96,23,5.07,5.07,5.227093481288784,23,507.0,0.14508641827588134,23,507.0
1600.0,0.2400000000000002,17,4.83,4.83,5.635606119836484,17,483.0,0.21893707571681129,17,483.0
1605.0,-0.33999999999999986,19,5.17,5.17,4.745266804636328,19,517.0,0.09637243703382377,19,517.0
1610.0,-0.21999999999999975,18,5.39,5.39,5.422058889449205,18,539.0,0.18708185354363327,18,539.0
1615.0,-0.3600000000000003,20,5.75,5.75,5.400152253514868,20,575.0,0.16884258649813433,20,575.0
1620.0,-0.6699999999999999,25,6.42,6.42,5.013789146036575,25,642.0,0.1740725358631422,25,642.0
1625.0,3.57,9,2.85,2.85,5.650529278379049,9,285.0,0.2892430557400415,9,285.0
1630.0,0.7600000000000002,14,2.09,2.09,6.633600788149815,14,209.0,0.30988512092430726,14,209.0
1635.0,-0.41999999999999993,18,2.51,2.51,5.850778921067997,18,251.0,0.11925585495141687,18,251.0
1640.0,-0.8500000000000001,21,3.36,3.36,6.758070970549716,21,336.0,0.2485630077884087,21,336.0
1645.0,-0.8000000000000003,17,4.16,4.16,6.592352967134734,17,416.0,0.2617486534725939,17,416.0
1650.0,-1.0099999999999998,22,5.17,5.17,5.158432943401247,22,517.0,0.20800989841108655,22,517.0
1655.0,-1.4000000000000004,30,6.57,6.57,4.332676967361624,30,657.0,0.12824022579519515,30,657.0
1660.0,-1.1999999999999993,31,7.77,7.77,3.7842887535791645,31,777.0,0.12163431357986332,31,777.0
1665.0,-1.7599999999999998,38,9.53,9.53,2.626560658201574,38,953.0,0.00942618734748625,38,953.0
1670.0,3.919999999999999,14,5.61,5.61,4.8542015309368995,14,561.0,0.204177624261468,14,561.0
1675.0,1.0,10,4.61,4.61,6.526210870854494,10,461.0,0.3006606418879968,10,461.0
1680.0,1.0400000000000005,15,3.57,3.57,6.965118984945669,15,357.0,0.2003656914874128,15,357.0
1685.0,0.11999999999999966,14,3.45,3.45,7.399010804933688,14,345.0,0.25617276660874105,14,345.0
1690.0,0.40000000000000036,13,3.05,3.05,7.782638112905312,13,305.0,0.23557481205628725,13,305.0
1695.0,-0.0900000000000003,15,3.14,3.14,6.664504891877622,15,314.0,0.2592758214133401,15,314.0
1700.0,-0.6000000000000001,19,3.74,3.74,5.216435258742716,19,374.0,0.20791448233140578,19,374.0
1705.0,-1.0899999999999999,24,4.83,4.83,4.561714158990559,24,483.0,0.11420295094239646,24,483.0
1710.0,-1.3899999999999997,29,6.22,6.22,3.4311040315457357,29,622.0,0.12755309232309134,29,622.0
1715.0,2.16,15,4.06,4.06,4.036117242048555,15,406.0,0.16046069128859064,15,406.0
1720.0,0.21999999999999975,14,3.84,3.84,5.289129249226314,14,384.0,0.1509830464134182,14,384.0
1725.0,-0.29000000000000004,17,4.13,4.13,6.551549257440453,17,413.0,0.2635304949307086,17,413.0
1730.0,-0.4800000000000004,20,4.61,4.61,5.657191034347858,20,461.0,0.18071352406501154,20,461.0
1735.0,0.05000000000000071,22,4.56,4.56,5.421847026310779,22,456.0,0.13418104882172766,22,456.0
1740.0,-0.23000000000000043,25,4.79,4.79,5.344483312647431,25,479.0,0.1349211675369706,25,479.0
1745.0,-0.5300000000000002,26,5.32,5.32,4.637134958983992,26,532.0,0.11483658580703657,26,532.0
1750.0,-1.0199999999999996,27,6.34,6.34,4.717449048706059,27,634.0,0.1900108868436937,27,634.0
1755.0,-0.9900000000000002,34,7.33,7.33,2.681315937401974,34,733.0,0.10025564083797342,34,733.0
1760.0,2.4400000000000004,20,4.89,4.89,3.4545091041721427,20,489.0,0.12313450488185629,20,489.0
1765.0,0.4399999999999995,20,4.45,4.45,5.187947637865008,20,445.0,0.2058803033715875,20,445.0
1770.0,-0.16999999999999993,24,4.62,4.62,4.995432500835624,24,462.0,0.19639282388365317,24,462.0
1775.0,-0.9500000000000002,28,5.57,5.57,5.038449116044983,28,557.0,0.18621832847460515,28,557.0
1780.0,-1.2799999999999994,30,6.85,6.85,4.912229278339542,30,685.0,0.14133093908166455,30,685.0
1785.0,-1.4700000000000006,32,8.32,8.32,4.673837600525507,32,832.0,0.14807254381812818,32,832.0
1790.0,-1.7400000000000002,37,10.06,10.06,4.354817243125587,37,1006.0,0.16096402115054428,37,1006.0
1795.0,-1.0299999999999994,40,11.09,11.09,4.285415766929671,40,1109.0,0.10971140914582785,40,1109.0
1800.0,-1.9800000000000004,42,13.07,13.07,3.487730147195083,42,1307.0,0.07698867613044331,42,1307.0
1805.0,3.7300000000000004,23,9.34,9.34,4.103719723362804,23,934.0,0.19508795521565156,23,934.0
1810.0,1.7699999999999996,16,7.57,7.57,4.89130213524822,16,757.0,0.186938871047692,16,757.0
1815.0,0.4900000000000002,23,7.08,7.08,5.601682858555497,23,708.0,0.1917046111556859,23,708.0
1820.0,-1.0199999999999996,29,8.1,8.1,5.754257789551913,29,810.0,0.1665511942067922,29,810.0
1825.0,-0.33000000000000007,23,8.43,8.43,5.493609941937464,23,843.0,0.2132507169780664,23,843.0
1830.0,-0.9500000000000011,30,9.38,9.38,4.886928921418804,30,938.0,0.19718952573556403,30,938.0
1835.0,-1.67,36,11.05,11.05,4.420672551739936,36,1105.0,0.17009924744443436,36,1105.0
1840.0,-1.6399999999999988,38,12.69,12.69,3.7941637886220705,38,1269.0,0.08645338587944111,38,1269.0
1845.0,-1.0600000000000005,42,13.75,13.75,3.3658738666184718,42,1375.0,0.06193439893949994,42,1375.0
1850.0,3.3100000000000005,25,10.44,10.44,3.287638476698398,25,1044.0,0.07908321595930791,25,1044.0
1855.0,0.6399999999999988,24,9.8,9.8,5.337439311161928,24,980.0,0.17256464750853018,24,980.0
1860.0,-0.2699999999999996,29,10.07,10.07,6.1248994066766445,29,1007.0,0.22606603411964155,29,1007.0
1865.0,-1.379999999999999,31,11.45,11.45,5.97080678404355,31,1145.0,0.16377636995311634,31,1145.0
1870.0,-0.8399999999999999,30,12.29,12.29,5.044150280472299,30,1229.0,0.09249518618967077,30,1229.0
1875.0,-0.6800000000000015,34,12.97,12.97,4.167550877133078,34,1297.0,0.15483390864431174,34,1297.0
1880.0,-1.2400000000000002,37,14.21,14.21,3.297678483520578,37,1421.0,0.08629844308551628,37,1421.0
1885.0,-1.5299999999999994,40,15.74,15.74,3.184169492758821,40,1574.0,0.07168967585551238,40,1574.0
1890.0,-2.049999999999999,42,17.79,17.79,3.1537556893704393,42,1779.0,0.08212973793700803,42,1779.0
1895.0,5.229999999999999,25,12.56,12.56,3.3369018021314947,25,1256.0,0.10419888983692459,25,1256.0
1900.0,2.5700000000000003,17,9.99,9.99,5.342071451614968,17,999.0,0.2075410874226001,17,999.0
1905.0,0.6600000000000001,19,9.33,9.33,5.084505873474625,19,933.0,0.15051429269557348,19,933.0
1910.0,-0.7300000000000004,27,10.06,10.06,4.9410435632423955,27,1006.0,0.09499288733689726,27,1006.0
1915.0,-0.40000000000000036,24,10.46,10.46,4.6143483212136465,24,1046.0,0.14239756663147812,24,1046.0
1920.0,0.28000000000000114,29,10.18,10.18,4.3699155396453095,29,1018.0,0.13985573436366436,29,1018.0
1925.0,-0.6899999999999995,29,10.87,10.87,3.5091156693519294,29,1087.0,0.11931314805190958,29,1087.0
1930.0,0.17999999999999972,30,10.69,10.69,3.4177175239640425,30,1069.0,0.11762458722722648,30,1069.0
1935.0,-0.33999999999999986,32,11.03,11.03,3.2171604853480757,32,1103.0,0.12836535490335685,32,1103.0
1940.0,3.1999999999999993,18,7.83,7.83,4.125760056949926,18,783.0,0.12881339735614422,18,783.0
1945.0,0.4500000000000002,25,7.38,7.38,4.535197886609456,25,738.0,0.1216613621023083,25,738.0
1950.0,-0.5300000000000002,28,7.91,7.91,4.120995123830687,28,791.0,0.06148029315955673,28,791.0
1955.0,-0.75,27,8.66,8.66,4.131740852853274,27,866.0,0.07068176180426139,27,866.0
1960.0,-1.3699999999999992,28,10.03,10.03,5.20285567089892,28,1003.0,0.09795088639272083,28,1003.0
1965.0,-1.450000000000001,31,11.48,11.48,5.381108528962625,31,1148.0,0.14940002511790795,31,1148.0
1970.0,-1.629999999999999,37,13.11,13.11,3.5322555251574657,37,1311.0,0.09031982009369793,37,1311.0
1975.0,-1.9100000000000001,39,15.02,15.02,2.51420303174753,39,1502.0,0.08430108085424264,39,1502.0
1980.0,-2.039999999999999,43,17.06,17.06,1.849810608979858,43,1706.0,0.09316554202240375,43,1706.0
1985.0,4.6899999999999995,20,12.37,12.37,3.180984680026662,20,1237.0,0.09186832677562548,20,1237.0
1990.0,1.8699999999999992,11,10.5,10.5,5.7092408533183825,11,1050.0,0.2555694057402461,11,1050.0
1995.0,1.0500000000000007,17,9.45,9.45,6.213107598558665,17,945.0,0.2392774297905614,17,945.0
2000.0,-0.46000000000000085,26,9.91,9.91,5.6551434630766515,26,991.0,0.24329183207080993,26,991.0
2005.0,-0.009999999999999787,23,9.92,9.92,5.181647136263977,23,992.0,0.2018782093588082,23,992.0
2010.0,-1.1899999999999995,26,11.11,11.11,5.116244552417642,26,1111.0,0.1558722827086533,26,1111.0
2015.0,-1.370000000000001,29,12.48,12.48,4.879772443519444,29,1248.0,0.158343773499134,29,1248.0
2020.0,0.16000000000000014,24,12.32,12.32,4.015961957732782,24,1232.0,0.11212813745631474,24,1232.0
2025.0,0.08000000000000007,23,12.24,12.24,4.803606512153257,23,1224.0,0.20880765911753515,23,1224.0
2030.0,2.8499999999999996,15,9.39,9.39,5.0240319856592714,15,939.0,0.18246688719083512,15,939.0
2035.0,0.030000000000001137,24,9.36,9.36,4.989293728361635,24,936.0,0.18909047671985957,24,936.0
2040.0,-1.3200000000000003,30,10.68,10.68,4.761791335314141,30,1068.0,0.17198967342281837,30,1068.0
2045.0,-1.6600000000000001,36,12.34,12.34,3.9983149659324018,36,1234.0,0.10680419965274598,36,1234.0
2050.0,-1.9700000000000006,41,14.31,14.31,3.904529260656802,41,1431.0,0.06831283378273428,41,1431.0
2055.0,-2.179999999999998,45,16.49,16.49,2.8384132885817865,45,1649.0,0.0731930388903336,45,1649.0
2060.0,-2.3500000000000014,47,18.84,18.84,2.1351626377006285,47,1884.0,0.023907262367281672,47,1884.0
2065.0,-2.4200000000000017,49,21.26,21.26,2.311312621668,49,2126.0,0.05247514951994271,49,2126.0
2070.0,-2.5299999999999976,52,23.79,23.79,1.827557794761067,52,2379.0,0.0807087325588311,52,2379.0
2075.0,7.23,31,16.56,16.56,2.6190036688753784,31,1656.0,0.08948688412333988,31,1656.0
2080.0,2.9499999999999993,16,13.61,13.61,4.699145039636408,16,1361.0,0.16328965057282205,16,1361.0
2085.0,4.049999999999999,17,9.56,9.56,6.182354545839857,17,956.0,0.24694199850439905,17,956.0
2090.0,1.5600000000000005,21,8.0,8.0,6.01124942877157,21,800.0,0.22449154780223962,21,800.0
2095.0,0.9500000000000002,23,7.05,7.05,6.153368680600982,23,705.0,0.21632314878897327,23,705.0
2100.0,0.96,24,6.09,6.09,6.343838463050299,24,609.0,0.20223352656086366,24,609.0
2105.0,0.8399999999999999,25,5.25,5.25,5.855883530973185,25,525.0,0.20353043461419643,25,525.0
2110.0,-1.0099999999999998,31,6.26,6.26,4.828953717047776,31,626.0,0.13513922667450973,31,626.0
2115.0,-1.2200000000000006,37,7.48,7.48,4.380005160010952,37,748.0,0.12499472633684197,37,748.0
2120.0,3.0200000000000005,20,4.46,4.46,4.3131507221033525,20,446.0,0.18421570507512616,20,446.0
2125.0,0.3799999999999999,27,4.08,4.08,4.819535900207242,27,408.0,0.18904136809162544,27,408.0
2130.0,-1.0499999999999998,33,5.13,5.13,5.033542937830059,33,513.0,0.13500994951023457,33,513.0
2135.0,-0.9100000000000001,32,6.04,6.04,5.393183766794121,32,604.0,0.15229167029292262,32,604.0
2140.0,-1.25,34,7.29,7.29,4.391135414746931,34,729.0,0.12459489966100375,34,729.0
2145.0,-1.79,39,9.08,9.08,3.698158173600166,39,908.0,0.11379512323925242,39,908.0
2150.0,-1.9900000000000002,42,11.07,11.07,3.423355527898285,42,1107.0,0.0612353065286304,42,1107.0
2155.0,-2.039999999999999,43,13.11,13.11,3.1834661797099346,43,1311.0,0.048594066960893335,43,1311.0
2160.0,-2.200000000000001,45,15.31,15.31,2.407043798385112,45,1531.0,0.09772361797947743,45,1531.0
2165.0,3.4000000000000004,25,11.91,11.91,3.298953981577321,25,1191.0,0.14489201889879277,25,1191.0
2170.0,1.5199999999999996,20,10.39,10.39,4.51869714230829,20,1039.0,0.1253298745502991,20,1039.0
2175.0,1.1400000000000006,28,9.25,9.25,5.644956343476875,28,925.0,0.21617924794690882,28,925.0
2180.0,-0.15000000000000036,30,9.4,9.4,5.098531189408222,30,940.0,0.218212292390993,30,940.0
2185.0,-0.02999999999999936,31,9.43,9.43,5.295147504748813,31,943.0,0.15066091386535008,31,943.0
2190.0,0.4800000000000004,32,8.95,8.95,4.764308384140768,32,895.0,0.13717048972169285,32,895.0
2195.0,-0.9000000000000004,32,9.85,9.85,4.234433476222616,32,985.0,0.11690700849569464,32,985.0
2200.0,-1.7599999999999998,39,11.61,11.61,3.550573719517696,39,1161.0,0.08612019708719805,39,1161.0
2205.0,-0.620000000000001,44,12.23,12.23,3.0879001138678714,44,1223.0,0.049567151746035945,44,1223.0
2210.0,2.9400000000000013,17,9.29,9.29,4.029302823942832,17,929.0,0.16650084275792693,17,929.0
2215.0,1.339999999999999,17,7.95,7.95,4.085563867359607,17,795.0,0.13842404069474276,17,795.0
2220.0,-0.27000000000000046,28,8.22,8.22,4.640745260851333,28,822.0,0.11645714793793953,28,822.0
2225.0,-1.1399999999999988,34,9.36,9.36,4.671629980179588,34,936.0,0.09655838005997737,34,936.0
2230.0,-0.9000000000000004,34,10.26,10.26,5.686647588469738,34,1026.0,0.16710938698175623,34,1026.0
2235.0,-1.1400000000000006,32,11.4,11.4,5.69234591574421,32,1140.0,0.19236240241638705,32,1140.0
2240.0,-1.7199999999999989,38,13.12,13.12,4.757583470222509,38,1312.0,0.08501612594221791,38,1312.0
2245.0,-1.0700000000000003,38,14.19,14.19,3.70670188519338,38,1419.0,0.09323014576509416,38,1419.0
2250.0,-2.0600000000000005,44,16.25,16.25,3.2558504805728004,44,1625.0,0.05730332912608734,44,1625.0
2255.0,3.3200000000000003,27,12.93,12.93,3.9363935986855,27,1293.0,0.14599494840573246,27,1293.0
2260.0,0.5800000000000001,16,12.35,12.35,5.337874578889859,16,1235.0,0.2481806264052071,16,1235.0
2265.0,0.7699999999999996,24,11.58,11.58,4.988302241322092,24,1158.0,0.13643163075350748,24,1158.0
2270.0,-0.7400000000000002,33,12.32,12.32,5.097423667893768,33,1232.0,0.13247789603576576,33,1232.0
2275.0,2.450000000000001,29,9.87,9.87,4.884720635802662,29,987.0,0.18643400562635062,29,987.0
2280.0,-1.1500000000000004,31,11.02,11.02,4.375181554136261,31,1102.0,0.15440894256269053,31,1102.0
2285.0,0.02999999999999936,34,10.99,10.99,3.4719294612116816,34,1099.0,0.10841875836953468,34,1099.0
2290.0,-1.2799999999999994,39,12.27,12.27,3.425509636736564,39,1227.0,0.09952544916388759,39,1227.0
2295.0,-1.790000000000001,41,14.06,14.06,3.071830694355496,41,1406.0,0.08640191987991014,41,1406.0
2300.0,4.35,18,9.71,9.71,3.4403427180629493,18,971.0,0.15043997455430994,18,971.0
2305.0,1.120000000000001,19,8.59,8.59,4.346821608331265,19,859.0,0.15885680475197908,19,859.0
2310.0,0.11999999999999922,31,8.47,8.47,4.330965009341073,31,847.0,0.13007465146583025,31,847.0
2315.0,-0.8599999999999994,34,9.33,9.33,4.470569968391719,34,933.0,0.1391309895263144,34,933.0
2320.0,-1.2200000000000006,35,10.55,10.55,4.163432734972979,35,1055.0,0.09976696875013624,35,1055.0
2325.0,-1.8199999999999985,39,12.37,12.37,4.157734520109017,39,1237.0,0.07719890403710682,39,1237.0
2330.0,-2.030000000000001,40,14.4,14.4,3.036217564036565,40,1440.0,0.07425729923671885,40,1440.0
2335.0,-1.4800000000000004,45,15.88,15.88,3.228396339870578,45,1588.0,0.10167271663545545,45,1588.0
2340.0,-2.209999999999999,49,18.09,18.09,2.823486204427216,49,1809.0,0.04997508939376483,49,1809.0
2345.0,4.24,30,13.85,13.85,3.4002053427102696,30,1385.0,0.1362062626546441,30,1385.0
2350.0,1.7799999999999994,20,12.07,12.07,4.737833060534641,20,1207.0,0.1936159758637416,20,1207.0
2355.0,0.7900000000000009,24,11.28,11.28,5.314784418228927,24,1128.0,0.20140453129704194,24,1128.0
2360.0,0.5,30,10.78,10.78,4.928593785737598,30,1078.0,0.17030708084742427,30,1078.0
2365.0,1.5899999999999999,29,9.19,9.19,4.283194106992934,29,919.0,0.14514835961699615,29,919.0
2370.0,-1.450000000000001,30,10.64,10.64,4.530478836844033,30,1064.0,0.15059046019927208,30,1064.0
2375.0,-1.5899999999999999,32,12.23,12.23,4.798595743802911,32,1223.0,0.1606161004121289,32,1223.0
2380.0,-1.5899999999999999,40,13.82,13.82,3.621715082737911,40,1382.0,0.09777340397224052,40,1382.0
2385.0,-0.16999999999999993,43,13.99,13.99,2.748426158210187,43,1399.0,0.0751216737910858,43,1399.0
2390.0,3.41,20,10.58,10.58,4.1680613969705425,20,1058.0,0.1533227983576932,20,1058.0
2395.0,1.17,23,9.41,9.41,4.679652916579869,23,941.0,0.11962991581533608,23,941.0
2400.0,-0.7599999999999998,33,10.17,10.17,4.663359272169932,33,1017.0,0.15343803766535338,33,1017.0
2405.0,-0.040000000000000924,30,10.21,10.21,4.20323459647568,30,1021.0,0.18194869474484454,30,1021.0
2410.0,-1.42,37,11.63,11.63,3.8244909427474902,37,1163.0,0.134594685626634,37,1163.0
2415.0,-1.6899999999999995,41,13.32,13.32,3.4206345466765096,41,1332.0,0.05678733921414302,41,1332.0
2420.0,-1.6899999999999995,41,15.01,15.01,3.4288891909606822,41,1501.0,0.06906530897763495,41,1501.0
2425.0,-1.5099999999999998,44,16.52,16.52,3.207121703780496,44,1652.0,0.039988592177604095,44,1652.0
2430.0,-2.0199999999999996,46,18.54,18.54,3.07744933774345,46,1854.0,0.027916908186818915,46,1854.0
2435.0,5.26,22,13.28,13.28,4.312660620305957,22,1328.0,0.1404496562204072,22,1328.0
2440.0,2.08,8,11.2,11.2,5.131280363405107,8,1120.0,0.12645166608992836,8,1120.0
2445.0,1.3899999999999988,14,9.81,9.81,5.564869128615432,14,981.0,0.14137870824879112,14,981.0
2450.0,3.6000000000000005,9,6.21,6.21,6.408369416993738,9,621.0,0.21898577643069014,9,621.0
2455.0,0.71,6,5.5,5.5,6.7094137634129885,6,550.0,0.33308471654436084,6,550.0
2460.0,1.0700000000000003,9,4.43,4.43,6.168765338709593,9,443.0,0.2017752743843248,9,443.0
2465.0,1.2499999999999996,11,3.18,3.18,5.556930986330613,11,318.0,0.12085276786721894,11,318.0
2470.0,0.45999999999999996,10,2.72,2.72,6.513125740550856,10,272.0,0.22677434670715468,10,272.0
2475.0,-0.1499999999999999,11,2.87,2.87,5.422345998165991,11,287.0,0.13566279656157215,11,287.0
2480.0,2.0,3,0.87,0.87,7.547041328227236,3,87.0,0.32660136696199876,3,87.0
2485.0,0.24,7,0.63,0.63,8.490615988446207,7,63.0,0.27776929914324966,7,63.0
2490.0,-0.38,9,1.01,1.01,7.287283946865706,9,101.0,0.23324072930850212,9,101.0
2495.0,-0.3799999999999999,8,1.39,1.39,7.223386831581234,8,139.0,0.2583583494327545,8,139.0
2500.0,-0.41000000000000014,9,1.8,1.8,6.5289287817285055,9,180.0,0.2585585306250848,9,180.0
2505.0,-0.4999999999999998,11,2.3,2.3,5.797669536343387,11,230.0,0.1801496566691197,11,230.0
2510.0,-0.6400000000000001,15,2.94,2.94,4.319772358907444,15,294.0,0.14397508117482252,15,294.0
2515.0,-0.7600000000000002,17,3.7,3.7,2.5687680094216776,17,370.0,0.016753443179978494,17,370.0
2520.0,-0.8199999999999994,17,4.52,4.52,3.5809681548801984,17,452.0,0.19803035110802644,17,452.0
2525.0,2.63,3,1.89,1.89,5.562985715403966,3,189.0,0.29621818329986255,3,189.0
2530.0,0.5899999999999999,8,1.3,1.3,7.1654737836453,8,130.0,0.2709988213223465,8,130.0
2535.0,0.62,8,0.68,0.68,8.45706679512992,8,68.0,0.32623323612321403,8,68.0
2540.0,-0.37,8,1.05,1.05,7.297166208347496,8,105.0,0.18670360387215995,8,105.0
2545.0,-0.47,11,1.52,1.52,7.29922097871684,11,152.0,0.2828758935692038,11,152.0
2550.0,-0.6200000000000001,14,2.14,2.14,6.158535619849659,14,214.0,0.10105234589625459,14,214.0
2555.0,-0.7599999999999998,16,2.9,2.9,4.89857518566197,16,290.0,0.14846911309540817,16,290.0
2560.0,-0.8200000000000003,17,3.72,3.72,4.455733962786471,17,372.0,0.21648793960791263,17,372.0
2565.0,-0.9599999999999995,20,4.68,4.68,4.068882565354289,20,468.0,0.14603152780167028,20,468.0
2570.0,2.65,6,2.03,2.03,5.622842837689037,6,203.0,0.27675628519518786,6,203.0
2575.0,1.0999999999999996,3,0.93,0.93,8.13843630195485,3,93.0,0.39338271896403776,3,93.0
2580.0,0.3500000000000001,6,0.58,0.58,8.708025411216855,6,58.0,0.37233763669657005,6,58.0
2585.0,-0.10000000000000009,8,0.68,0.68,8.03679497993838,8,68.0,0.09954164728896468,8,68.0
2590.0,-0.1499999999999999,6,0.83,0.83,9.05924224743677,6,83.0,0.32906193942197304,6,83.0
2595.0,-0.29999999999999993,6,1.13,1.13,7.866645984892124,6,113.0,0.25314851177079695,6,113.0
2600.0,-0.43000000000000016,9,1.56,1.56,7.0404861605381575,9,156.0,0.1219705004843417,9,156.0
2605.0,-0.48999999999999977,11,2.05,2.05,5.221697138611674,11,205.0,0.13542438978868018,11,205.0
2610.0,-0.6100000000000003,13,2.66,2.66,4.617005087291057,13,266.0,0.06854301628685412,13,266.0
2615.0,2.1,2,0.56,0.56,7.740117424372789,2,56.0,0.5012822145221946,2,56.0
2620.0,-0.12,4,0.68,0.68,7.206395092018837,4,68.0,0.28039181986732065,4,68.0
2625.0,0.09000000000000008,6,0.59,0.59,7.988105697406229,6,59.0,0.3247460236405279,6,59.0
2630.0,-0.25,8,0.84,0.84,6.069582846511222,8,84.0,0.23694316315851413,8,84.0
2635.0,-0.38,9,1.22,1.22,6.681830065095816,9,122.0,0.16405855789971094,9,122.0
2640.0,-0.44999999999999996,9,1.67,1.67,6.059092268872962,9,167.0,0.22310431797914057,9,167.0
2645.0,-0.4900000000000002,10,2.16,2.16,4.460519805285317,10,216.0,0.1398488930480002,10,216.0
2650.0,-0.6199999999999997,14,2.78,2.78,4.123627344459111,14,278.0,0.2116234815592489,14,278.0
2655.0,-0.7100000000000004,15,3.49,3.49,3.6845855764365147,15,349.0,0.11825434064967995,15,349.0
2660.0,2.75,2,0.74,0.74,6.076220924263022,2,74.0,0.32502120076782764,2,74.0
2665.0,0.43,2,0.31,0.31,10.132290254957944,2,31.0,0.6309131026353282,2,31.0
2670.0,0.020000000000000018,3,0.29,0.29,9.216861240731282,3,29.0,0.48345760368551105,3,29.0
2675.0,-0.24000000000000005,6,0.53,0.53,7.868745788660369,6,53.0,0.3652339291712338,6,53.0
2680.0,-0.30999999999999994,7,0.84,0.84,7.3010561933781055,7,84.0,0.3108988150217565,7,84.0
2685.0,-0.4,8,1.24,1.24,5.45953608194766,8,124.0,0.17900217507452626,8,124.0
2690.0,-0.51,12,1.75,1.75,4.461839740222289,12,175.0,0.12476159354865494,12,175.0
2695.0,-0.6299999999999999,14,2.38,2.38,4.597300876771262,14,238.0,0.11963125210071575,14,238.0
2700.0,-0.73,16,3.11,3.11,3.956110710053766,16,311.0,0.15146374086055686,16,311.0
2705.0,2.07,2,1.04,1.04,6.339333964975242,2,104.0,0.3380162990216102,2,104.0
2710.0,0.6200000000000001,3,0.42,0.42,8.387780961970806,3,42.0,0.3333419850805353,3,42.0
2715.0,-0.14999999999999997,5,0.57,0.57,9.035280569020506,5,57.0,0.21603139346249456,5,57.0
2720.0,-0.30000000000000004,6,0.87,0.87,9.50692517247299,6,87.0,0.3256576675608712,6,87.0
2725.0,-0.33999999999999997,8,1.21,1.21,6.665821222493495,8,121.0,0.16821517210716333,8,121.0
2730.0,-0.41999999999999993,9,1.63,1.63,4.980589724170165,9,163.0,0.21922738499972963,9,163.0
2735.0,-0.5300000000000002,12,2.16,2.16,4.647688943170082,12,216.0,0.23959201966646967,12,216.0
2740.0,-0.56,13,2.72,2.72,4.151421600706301,13,272.0,0.22905762901779608,13,272.0
2745.0,-0.6699999999999999,15,3.39,3.39,4.96528378834788,15,339.0,0.22616909930268003,15,339.0
2750.0,2.63,5,0.76,0.76,5.964109977700997,5,76.0,0.2703687231617942,5,76.0
2755.0,-0.15000000000000002,7,0.91,0.91,6.702869552941612,7,91.0,0.1969476420049072,7,91.0
2760.0,-0.08999999999999997,7,1.0,1.0,7.440764893665732,7,100.0,0.22701884641896314,7,100.0
2765.0,-0.3899999999999999,9,1.39,1.39,6.522199816039238,9,139.0,0.1940195798260942,9,139.0
2770.0,-0.4500000000000002,9,1.84,1.84,6.975816920719569,9,184.0,0.11106515609742146,9,184.0
2775.0,-0.53,11,2.37,2.37,6.681694511821763,11,237.0,0.23891203352986398,11,237.0
2780.0,-0.56,12,2.93,2.93,4.436107031336721,12,293.0,0.15828724763634458,12,293.0
2785.0,-0.6199999999999997,13,3.55,3.55,4.342945839773258,13,355.0,0.23549167031704069,13,355.0
2790.0,-0.8700000000000001,18,4.42,4.42,2.2871991423192,18,442.0,0.11457881256756805,18,442.0
2795.0,3.01,3,1.41,1.41,5.895964802274642,3,141.0,0.18472943563810595,3,141.0
2800.0,0.7799999999999999,2,0.63,0.63,10.36736248074599,2,63.0,0.5561070231530046,2,63.0
2805.0,0.39,2,0.24,0.24,10.151248454554613,2,24.0,0.46002107199209963,2,24.0
2810.0,-0.19,5,0.43,0.43,9.644678632816584,5,43.0,0.30624168977624944,5,43.0
2815.0,-0.29,6,0.72,0.72,7.551709694425879,6,72.0,0.21141259743929677,6,72.0
2820.0,-0.3500000000000001,7,1.07,1.07,6.762930323702445,7,107.0,0.16578961470804543,7,107.0
2825.0,-0.42999999999999994,9,1.5,1.5,4.675691711215906,9,150.0,0.18112765297682104,9,150.0
2830.0,-0.54,12,2.04,2.04,4.18505693123281,12,204.0,0.22224407320421405,12,204.0
2835.0,-0.6299999999999999,14,2.67,2.67,2.9275516732457114,14,267.0,0.17940533878130363,14,267.0
2840.0,1.97,3,0.7,0.7,6.166533928113448,3,70.0,0.44430985848559523,3,70.0
2845.0,0.35,4,0.35,0.35,7.3665764399591,4,35.0,0.3179869067804516,4,35.0
2850.0,-0.20000000000000007,7,0.55,0.55,6.073655209683158,7,55.0,0.17276006102164015,7,55.0
2855.0,-0.4099999999999999,9,0.96,0.96,4.802837721656601,9,96.0,0.06409166104340834,9,96.0
2860.0,-0.44999999999999996,9,1.41,1.41,4.287340386146982,9,141.0,0.15512518688488489,9,141.0
2865.0,-0.52,11,1.93,1.93,4.282751080396239,11,193.0,0.07861251253325932,11,193.0
2870.0,-0.5600000000000003,12,2.49,2.49,4.881272246201739,12,249.0,0.24973618432294717,12,249.0
2875.0,-0.5799999999999996,12,3.07,3.07,5.252133475939608,12,307.0,0.2679726326870997,12,307.0
2880.0,-0.6500000000000004,15,3.72,3.72,2.992040354231537,15,372.0,0.15550344029004928,15,372.0
2885.0,2.71,1,1.01,1.01,5.7675809705344765,1,101.0,0.27823735193160853,1,101.0
2890.0,0.28,2,0.73,0.73,8.22693018151661,2,73.0,0.2152062667184452,2,73.0
2895.0,0.43,3,0.3,0.3,9.965238073612404,3,30.0,0.5422295435820907,3,30.0
2900.0,-0.15000000000000002,3,0.45,0.45,8.389685856769187,3,45.0,0.4514762898483971,3,45.0
2905.0,-0.19,4,0.64,0.64,7.419551626993182,4,64.0,0.16935949739716638,4,64.0
2910.0,-0.24,5,0.88,0.88,8.668049500986543,5,88.0,0.5005734668141464,5,88.0
2915.0,-0.2499999999999999,5,1.13,1.13,7.498607204421946,5,113.0,0.260172263721718,5,113.0
2920.0,-0.3400000000000001,10,1.47,1.47,5.288630993976563,10,147.0,0.16143575583101133,10,147.0
2925.0,-0.5399999999999998,11,2.01,2.01,2.2576074656840612,11,201.0,0.11518236113460928,11,201.0
2930.0,1.5899999999999999,5,0.42,0.42,4.357098008901503,5,42.0,0.15863302817482347,5,42.0
2935.0,-0.04999999999999999,5,0.47,0.47,7.8788065784563805,5,47.0,0.1610373438369137,5,47.0
2940.0,-0.25,5,0.72,0.72,9.10752864865494,5,72.0,0.46292098964178935,5,72.0
2945.0,-0.25,5,0.97,0.97,8.891761354321247,5,97.0,0.40748920838744046,5,97.0
2950.0,-0.25,5,1.22,1.22,6.237816406009013,5,122.0,0.28509497879701073,5,122.0
2955.0,-0.26,6,1.48,1.48,7.777903225436426,6,148.0,0.3235252646195167,6,148.0
2960.0,-0.32000000000000006,7,1.8,1.8,6.895829591621673,7,180.0,0.18934018908099523,7,180.0
2965.0,-0.40000000000000013,8,2.2,2.2,7.342332801949825,8,220.0,0.2836903596930823,8,220.0
2970.0,-0.48,11,2.68,2.68,4.580129982292295,11,268.0,0.13853355549464957,11,268.0
2975.0,2.39,1,0.29,0.29,6.488965598891073,1,29.0,0.38589931803272226,1,29.0
2980.0,0.08999999999999997,4,0.2,0.2,8.834192625103363,4,20.0,0.39116828851834873,4,20.0
2985.0,-0.19,5,0.39,0.39,9.033854774815168,5,39.0,0.3584014347669502,5,39.0
2990.0,-0.28,6,0.67,0.67,8.172349508674403,6,67.0,0.37225244833695537,6,67.0
2995.0,-0.29999999999999993,6,0.97,0.97,6.932587118468999,6,97.0,0.2119410481367929,6,97.0
3000.0,-0.42999999999999994,9,1.4,1.4,5.340015962702778,9,140.0,0.17621344587877652,9,140.0
3005.0,-0.4500000000000002,9,1.85,1.85,4.382861766673666,9,185.0,0.11371206283600087,9,185.0
3010.0,-0.5699999999999998,12,2.42,2.42,2.604814479033723,12,242.0,0.18877936514814966,12,242.0
3015.0,-0.6400000000000001,14,3.06,3.06,2.4480067550294833,14,306.0,0.07866069110851778,14,306.0
3020.0,2.12,1,0.94,0.94,7.528685618587457,1,94.0,0.5686869407884027,1,94.0
3025.0,0.72,3,0.22,0.22,9.043046622076995,3,22.0,0.5218424207293211,3,22.0
3030.0,-0.18000000000000002,4,0.4,0.4,9.057169548859902,4,40.0,0.4564173292385734,4,40.0
3035.0,-0.06999999999999995,3,0.47,0.47,9.625594436436266,3,47.0,0.18436238317403966,3,47.0
3040.0,-0.20000000000000007,4,0.67,0.67,9.564733360595909,4,67.0,0.33018185448634724,4,67.0
3045.0,-0.19999999999999996,4,0.87,0.87,9.17398409706591,4,87.0,0.4779548177119749,4,87.0
3050.0,-0.2500000000000001,6,1.12,1.12,7.1587516319554325,6,112.0,0.2527800577672567,6,112.0
3055.0,-0.34999999999999987,7,1.47,1.47,6.57257315564225,7,147.0,0.2980585718882485,7,147.0
3060.0,-0.3800000000000001,9,1.85,1.85,5.255963670373361,9,185.0,0.20902632684273084,9,185.0
3065.0,1.78,2,0.07,0.07,6.601983260040356,2,7.0,0.3988272109956155,2,7.0
3070.0,-0.18,4,0.25,0.25,7.911078262756094,4,25.0,0.389038172385351,4,25.0
3075.0,-0.2,4,0.45,0.45,7.383600173972566,4,45.0,0.3111500236214834,4,45.0
3080.0,-0.22000000000000003,5,0.67,0.67,8.450289242573986,5,67.0,0.41953050860496366,5,67.0
3085.0,-0.25,5,0.92,0.92,6.954613634821052,5,92.0,0.372820245566443,5,92.0
3090.0,-0.33999999999999997,8,1.26,1.26,5.730983882184145,8,126.0,0.16756560018270872,8,126.0
3095.0,-0.43999999999999995,9,1.7,1.7,5.771659585231838,9,170.0,0.20638661971217045,9,170.0
3100.0,-0.5200000000000002,11,2.22,2.22,5.297880362434941,11,222.0,0.10473647728044963,11,222.0
3105.0,-0.6199999999999997,13,2.84,2.84,4.467438999680911,13,284.0,0.15783414569843554,13,284.0
3110.0,2.42,2,0.42,0.42,6.331081809542909,2,42.0,0.2628508432715561,2,42.0
3115.0,-0.030000000000000027,4,0.45,0.45,8.456523141096854,4,45.0,0.2858985560245654,4,45.0
3120.0,-0.18,6,0.63,0.63,9.458786855698806,6,63.0,0.445535525660196,6,63.0
3125.0,-0.30000000000000004,6,0.93,0.93,8.561778066793776,6,93.0,0.3545885087680529,6,93.0
3130.0,-0.32999999999999996,7,1.26,1.26,6.811654837516503,7,126.0,0.16939666975572362,7,126.0
3135.0,-0.3799999999999999,8,1.64,1.64,6.164847566718929,8,164.0,0.2622755865886801,8,164.0
3140.0,-0.40000000000000013,8,2.04,2.04,4.622301621878958,8,204.0,0.11957995703938074,8,204.0
3145.0,-0.45999999999999996,10,2.5,2.5,4.88122876253308,10,250.0,0.157330566241762,10,250.0
3150.0,-0.5,10,3.0,3.0,4.753447006235509,10,300.0,0.16624653963911426,10,300.0
3155.0,2.81,2,0.19,0.19,7.579826290660561,2,19.0,0.505678868480047,2,19.0
3160.0,-0.16999999999999998,4,0.36,0.36,7.680180500032037,4,36.0,0.2637525481170699,4,36.0
3165.0,-0.15000000000000002,6,0.51,0.51,7.8974108579782865,6,51.0,0.2758493415447451,6,51.0
3170.0,-0.33999999999999997,7,0.85,0.85,7.556088272691927,7,85.0,0.3602883529238851,7,85.0
3175.0,-0.35,7,1.2,1.2,7.218529500235022,7,120.0,0.2517357904391754,7,120.0
3180.0,-0.3700000000000001,9,1.57,1.57,6.211291773179023,9,157.0,0.284519639015693,9,157.0
3185.0,-0.41999999999999993,9,1.99,1.99,5.24999720519991,9,199.0,0.280080600315323,9,199.0
3190.0,-0.5199999999999998,12,2.51,2.51,4.420837517439772,12,251.0,0.11416512864834392,12,251.0
3195.0,-0.6000000000000001,12,3.11,3.11,3.8949231279126306,12,311.0,0.13166148177237655,12,311.0
3200.0,2.9,2,0.21,0.21,6.780198372200318,2,21.0,0.32111781976307785,2,21.0
3205.0,0.04999999999999999,1,0.16,0.16,9.948916402271047,1,16.0,0.5283257225578013,1,16.0
3210.0,-0.07999999999999999,2,0.24,0.24,10.706544426116853,2,24.0,0.49965207087369773,2,24.0
3215.0,-0.10000000000000003,2,0.34,0.34,11.0524282714747,2,34.0,0.4083869574847131,2,34.0
3220.0,-0.09999999999999998,3,0.44,0.44,9.56109974459389,3,44.0,0.5061163020333842,3,44.0
3225.0,-0.12000000000000005,3,0.56,0.56,8.210502313936777,3,56.0,0.38909280067461277,3,56.0
3230.0,-0.22999999999999998,6,0.79,0.79,5.4620003004554745,6,79.0,0.2322905413334679,6,79.0
3235.0,-0.34999999999999987,8,1.14,1.14,5.728715357029835,8,114.0,0.25577848944822007,8,114.0
3240.0,-0.40000000000000013,8,1.54,1.54,4.478314386741199,8,154.0,0.13788751831312748,8,154.0
3245.0,1.3,2,0.24,0.24,7.453152260322609,2,24.0,0.5597293774560735,2,24.0
3250.0,-0.12,3,0.36,0.36,8.198595212635489,3,36.0,0.43862089904222523,3,36.0
3255.0,0.07999999999999996,2,0.28,0.28,6.906171737906689,2,28.0,0.24492831415672522,2,28.0
3260.0,-0.19999999999999996,5,0.48,0.48,7.609652533508602,5,48.0,0.10500071414871537,5,48.0
3265.0,-0.21999999999999997,5,0.7,0.7,6.00252493025346,5,70.0,0.2011846280886588,5,70.0
3270.0,-0.25,5,0.95,0.95,6.694593335283134,5,95.0,0.10242041525938637,5,95.0
3275.0,-0.27,6,1.22,1.22,6.045145170714556,6,122.0,0.3516374814474814,6,122.0
3280.0,-0.3500000000000001,7,1.57,1.57,4.1507601511297105,7,157.0,0.18049175128710793,7,157.0
3285.0,-0.3799999999999999,9,1.95,1.95,3.853336561768399,9,195.0,0.0008731836306525583,9,195.0
3290.0,1.58,1,0.37,0.37,8.168157207973058,1,37.0,0.499833665717131,1,37.0
3295.0,0.25,1,0.12,0.12,10.316032940352011,1,12.0,0.6340818279594478,1,12.0
3300.0,-0.1,3,0.22,0.22,7.722634798493138,3,22.0,0.25024466918367727,3,22.0
3305.0,-0.26,6,0.48,0.48,6.750111465008726,6,48.0,0.16740697235508537,6,48.0
3310.0,-0.35,7,0.83,0.83,4.700123391240493,7,83.0,0.1177483930384327,7,83.0
3315.0,-0.43000000000000005,9,1.26,1.26,3.180177672227178,9,126.0,0.1308626403306269,9,126.0
3320.0,-0.48,10,1.74,1.74,4.616177850336495,10,174.0,0.1889263435453224,10,174.0
3325.0,-0.5999999999999999,13,2.34,2.34,3.579208698530326,13,234.0,0.2154435886265959,13,234.0
3330.0,-0.71,15,3.05,3.05,2.178686020488222,15,305.0,0.01153943668040898,15,305.0
3335.0,2.33,3,0.72,0.72,6.582494251770974,3,72.0,0.25006113666558305,3,72.0
3340.0,0.38999999999999996,3,0.33,0.33,9.163021954625501,3,33.0,0.4593600810599613,3,33.0
3345.0,-0.09999999999999998,4,0.43,0.43,8.806013850093416,4,43.0,0.3464072876081455,4,43.0
3350.0,-0.3,7,0.73,0.73,7.940614209463137,7,73.0,0.10920474106332187,7,73.0
3355.0,-0.3600000000000001,8,1.09,1.09,6.840870638582817,8,109.0,0.18813471549611477,8,109.0
3360.0,-0.4099999999999999,10,1.5,1.5,4.878757865382532,10,150.0,0.20855411394473564,10,150.0
3365.0,-0.49,10,1.99,1.99,3.6987729859027487,10,199.0,0.21061913126890597,10,199.0
3370.0,-0.5599999999999998,12,2.55,2.55,3.396670857280469,12,255.0,0.07170224585334346,12,255.0
3375.0,-0.75,16,3.3,3.3,3.228219638463091,16,330.0,0.11039698523574641,16,330.0
3380.0,2.36,2,0.94,0.94,6.529694019480638,2,94.0,0.39359971697092805,2,94.0
3385.0,0.5599999999999999,4,0.38,0.38,8.353615885811926,4,38.0,0.4359977836036088,4,38.0
3390.0,-0.20999999999999996,5,0.59,0.59,8.755575315884316,5,59.0,0.20216744745381834,5,59.0
3395.0,-0.32000000000000006,7,0.91,0.91,8.433516016475119,7,91.0,0.30930999745595406,7,91.0
3400.0,-0.42000000000000004,9,1.33,1.33,5.984803678582557,9,133.0,0.08960421995493255,9,133.0
3405.0,-0.49,10,1.82,1.82,6.017047062901743,10,182.0,0.21622699393616115,10,182.0
3410.0,-0.5199999999999998,11,2.34,2.34,4.927799296154981,11,234.0,0.14680411326597106,11,234.0
3415.0,-0.5500000000000003,11,2.89,2.89,5.79231241035034,11,289.0,0.3269818499368872,11,289.0
3420.0,-0.6299999999999999,14,3.52,3.52,4.2526925362706685,14,352.0,0.21388860697621206,14,352.0
3425.0,2.86,4,0.66,0.66,4.677520587035164,4,66.0,0.2258707017448878,4,66.0
3430.0,0.33,4,0.33,0.33,8.306291896947995,4,33.0,0.26926523757573534,4,33.0
3435.0,-0.21000000000000002,6,0.54,0.54,8.892338591969576,6,54.0,0.14015028109954444,6,54.0
3440.0,-0.30999999999999994,7,0.85,0.85,7.986155344978475,7,85.0,0.2518230888367455,7,85.0
3445.0,-0.35,7,1.2,1.2,6.082970205486523,7,120.0,0.25649663985252563,7,120.0
3450.0,-0.42999999999999994,9,1.63,1.63,5.5528837967868245,9,163.0,0.25850019080348596,9,163.0
3455.0,-0.4700000000000002,10,2.1,2.1,4.458360822865396,10,210.0,0.21359593492529033,10,210.0
3460.0,-0.56,12,2.66,2.66,3.18103237306274,12,266.0,0.156926148285385,12,266.0
3465.0,-0.7399999999999998,16,3.4,3.4,1.9899442223169683,16,340.0,0.11443635499181773,16,340.0
3470.0,2.79,2,0.61,0.61,5.555259443368883,2,61.0,0.4177635622871069,2,61.0
3475.0,0.26999999999999996,4,0.34,0.34,8.28053665835362,4,34.0,0.31034205189618413,4,34.0
3480.0,-0.07999999999999996,4,0.42,0.42,9.14214856579515,4,42.0,0.1667683260598958,4,42.0
3485.0,-0.14000000000000007,3,0.56,0.56,9.679989784501394,3,56.0,0.1998325636831383,3,56.0
3490.0,-0.18999999999999995,4,0.75,0.75,9.645407049786671,4,75.0,0.4733247608584487,4,75.0
3495.0,-0.19999999999999996,4,0.95,0.95,9.564733904405267,4,95.0,0.4994377443922999,4,95.0
3500.0,-0.19999999999999996,4,1.15,1.15,8.680759981964215,4,115.0,0.41466086790211876,4,115.0
3505.0,-0.27,7,1.42,1.42,6.189294915375486,7,142.0,0.22381989770982813,7,142.0
3510.0,-0.5,12,1.92,1.92,4.6498332406703815,12,192.0,0.20804896810764684,12,192.0
3515.0,1.5299999999999998,3,0.39,0.39,6.588218265361397,3,39.0,0.3252216353924413,3,39.0
3520.0,-0.019999999999999962,4,0.41,0.41,9.139612471114868,4,41.0,0.4523161381338561,4,41.0
3525.0,-0.3,7,0.71,0.71,7.885165597680434,7,71.0,0.4044557017317935,7,71.0
3530.0,-0.42999999999999994,9,1.14,1.14,6.209579262311031,9,114.0,0.2507266218930087,9,114.0
3535.0,-0.55,12,1.69,1.69,5.40328425949318,12,169.0,0.10836435178803246,12,169.0
3540.0,-0.6000000000000001,12,2.29,2.29,5.185255287503248,12,229.0,0.1570326714308487,12,229.0
3545.0,-0.6499999999999999,13,2.94,2.94,5.159771797738488,13,294.0,0.24380573516254697,13,294.0
3550.0,-0.73,16,3.67,3.67,3.258371595887586,16,367.0,0.14166977750126233,16,367.0
3555.0,-0.9900000000000002,21,4.66,4.66,2.7521045194924114,21,466.0,0.05558723329402134,21,466.0
3560.0,2.88,2,1.78,1.78,5.551556645614556,2,178.0,0.3027945706232663,2,178.0
3565.0,1.1800000000000002,3,0.6,0.6,8.262957663448164,3,60.0,0.3683109107941348,3,60.0
3570.0,0.12,5,0.48,0.48,9.750487243997561,5,48.0,0.26182629094183657,5,48.0
3575.0,-0.20000000000000007,6,0.68,0.68,8.600394623946137,6,68.0,0.3277560365870868,6,68.0
3580.0,-0.39,8,1.07,1.07,7.329665388024314,8,107.0,0.2681022248156589,8,107.0
3585.0,-0.48,11,1.55,1.55,6.52792497124495,11,155.0,0.2344467319950401,11,155.0
3590.0,-0.55,11,2.1,2.1,4.876360560096832,11,210.0,0.20252799404209587,11,210.0
3595.0,-0.6299999999999999,14,2.73,2.73,4.445270665429642,14,273.0,0.0636126067752548,14,273.0
3600.0,-0.7000000000000002,14,3.43,3.43,5.083652938109543,14,343.0,0.1678292288820341,14,343.0
3605.0,2.96,1,0.47,0.47,6.481988254988596,1,47.0,0.464394281107987,1,47.0
3610.0,0.22999999999999998,3,0.24,0.24,7.549137040565961,3,24.0,0.26948667392157105,3,24.0
3615.0,-0.24,5,0.48,0.48,7.979485758585891,5,48.0,0.13352535402036841,5,48.0
3620.0,-0.26,6,0.74,0.74,5.432126581974445,6,74.0,0.0008027938712262076,6,74.0
3625.0,-0.30000000000000004,6,1.04,1.04,4.762130098636534,6,104.0,0.0,6,104.0
3630.0,-0.30000000000000004,6,1.34,1.34,0.0,6,134.0,0.0,6,134.0
3635.0,-0.2999999999999998,6,1.64,1.64,0.0,6,164.0,0.0,6,164.0
3640.0,-0.30000000000000004,6,1.94,1.94,0.0,6,194.0,0.0,6,194.0
3645.0,-0.30000000000000027,6,2.24,2.24,0.0,6,224.0,0.0,6,224.0
3650.0,2.24,0,0.0,0.0,7.441340578160747,0,0.0,1.0,0,0.0
3655.0,0.0,0,0.0,0.0,11.350435949517829,0,0.0,1.0,0,0.0
3660.0,0.0,0,0.0,0.0,13.190723809913914,0,0.0,1.0,0,0.0
3665.0,0.0,0,0.0,0.0,10.916756539975845,0,0.0,1.0,0,0.0
