step_time,reward,total_stopped,total_wait_time,avg_wait_time,avg_speed,e3_stopped,e3_accumulated_waiting_time,e3_average_speed,e4_stopped,e4_accumulated_waiting_time,e4_average_speed,e7_stopped,e7_accumulated_waiting_time,e7_average_speed,e8_stopped,e8_accumulated_waiting_time,e8_average_speed,agents_total_stopped,agents_total_accumulated_waiting_time
5.0,0.0,0,0.0,0.0,12.210124664136279,0,0.0,0.9393643561294934,0,0.0,0.9523040990335546,0,0.0,0.9340345262898486,0,0.0,0.9364709774697817,0,0.0
10.0,0.0,0,0.0,0.0,12.60889161287293,0,0.0,0.9713717388198967,0,0.0,0.945968520025748,0,0.0,0.9701485123430514,0,0.0,0.970881143082086,0,0.0
15.0,0.0,0,0.0,0.0,12.340512404528274,0,0.0,0.9435615575733219,0,0.0,0.9301504289119696,0,0.0,0.9574979784831469,0,0.0,0.9426234867995141,0,0.0
20.0,0.0,0,0.0,0.0,12.901820704040585,0,0.0,0.9808409379157794,0,0.0,0.9580761627652153,0,0.0,0.9786934343067392,0,0.0,0.9803089404908413,0,0.0
25.0,0.0,0,0.0,0.0,11.812197005852418,0,0.0,0.8418703599396586,0,0.0,0.799384614559356,0,0.0,0.9343148314667395,0,0.0,0.928328927367277,0,0.0
30.0,-0.030000000000000002,4,0.12000000000000001,0.030000000000000002,10.787054591981763,1,3.0,0.820914654047001,1,4.0,0.8246758229104244,1,2.0,0.8001300664013058,1,3.0,0.8196696006000009,4,12.0
35.0,-0.06,7,0.36,0.09,9.335001844207678,2,9.0,0.6796231055646241,1,9.0,0.7847934984494261,2,8.0,0.6845066484789603,2,10.0,0.683265818504901,7,36.0
40.0,-0.095,8,0.74,0.185,8.725056533342858,2,19.0,0.720282369099841,2,17.0,0.6273061745577615,2,18.0,0.6333437296748253,2,20.0,0.6370573895676025,8,74.0
45.0,-0.14500000000000002,14,1.32,0.33,7.269491284381763,3,31.0,0.5450193248705979,4,33.0,0.5776403261932719,4,34.0,0.5542213824721798,3,34.0,0.5574862686419615,14,132.0
50.0,0.26,4,0.27999999999999997,0.06999999999999999,9.319417917996457,1,5.0,0.7940079536436287,1,6.0,0.6857088981405944,1,13.0,0.7065016527389569,1,4.0,0.7853171476738607,4,28.0
55.0,-0.06249999999999999,7,0.53,0.1325,10.439669022791458,2,12.0,0.7784565728746262,2,16.0,0.7856692893387861,2,15.0,0.7747685129343065,1,10.0,0.7869817349863436,7,53.0
60.0,-0.1,8,0.9299999999999999,0.23249999999999998,9.913337494976606,2,22.0,0.7330408387697186,2,26.0,0.7385869986605518,2,25.0,0.7358526706022551,2,20.0,0.7235033102083851,8,93.0
65.0,-0.1325,12,1.4600000000000002,0.36500000000000005,9.5780119768327,3,36.0,0.7217108368148034,3,40.0,0.7369694866807378,3,38.0,0.7023250855347665,3,32.0,0.7190407387140271,12,146.0
70.0,-0.12250000000000001,10,1.95,0.4875,9.8533283415162,3,51.0,0.7361944739038683,3,55.0,0.7327768342932875,2,46.0,0.7130048566094985,2,43.0,0.7597873972723256,10,195.0
75.0,-0.145,13,2.53,0.6325,9.032588081687827,3,66.0,0.67124585449756,3,70.0,0.6430107681907118,4,61.0,0.6044606829114548,3,56.0,0.6693652917161615,13,253.0
80.0,-0.195,17,3.3099999999999996,0.8274999999999999,8.086442351567332,4,85.0,0.6552902864207584,4,89.0,0.5687341243873247,4,81.0,0.5194969210408161,5,76.0,0.5106512846075426,17,331.0
85.0,-0.28,22,4.43,1.1075,7.260688127669788,5,109.0,0.47975508010306694,6,116.0,0.49673781168878334,5,112.0,0.5081093262741294,6,106.0,0.4525649195767608,22,443.0
90.0,-0.3249999999999999,30,5.73,1.4325,6.59302028257336,8,146.0,0.4225072513158257,7,148.0,0.46778012388259477,7,138.0,0.42159876440297567,8,141.0,0.3919233684848953,30,573.0
95.0,1.1974999999999998,14,0.94,0.235,9.05816870264858,4,30.0,0.6535432706380299,4,26.0,0.6284308233765462,3,20.0,0.6506390450711326,3,18.0,0.6886614806650202,14,94.0
100.0,-0.2,18,1.7400000000000002,0.43500000000000005,8.837258144033424,5,56.0,0.6342308072899698,5,49.0,0.5448096743308258,4,40.0,0.6545592104126725,4,29.0,0.6007873645186129,18,174.0
105.0,-0.27249999999999996,23,2.83,0.7075,8.067612346917208,6,85.0,0.6016581810868243,6,77.0,0.49377784725874874,5,63.0,0.5849158673140432,6,58.0,0.5442997080208224,23,283.0
110.0,-0.32000000000000006,27,4.11,1.0275,7.834443265867759,7,116.0,0.5228125332304004,7,112.0,0.4989914764627986,6,92.0,0.5858213773745249,7,91.0,0.5361811465068257,27,411.0
115.0,-0.37749999999999995,30,5.62,1.405,7.566703476492651,7,157.0,0.49787550715628615,8,150.0,0.4598988172708398,7,126.0,0.5549171887280011,8,129.0,0.5091154161197717,30,562.0
120.0,-0.39249999999999996,34,7.19,1.7975,5.994364781200588,9,196.0,0.3547101288261054,8,190.0,0.4389559361785764,8,162.0,0.37556530469305544,9,171.0,0.3937803548405437,34,719.0
125.0,-0.48,39,9.11,2.2775,6.034917353153668,11,251.0,0.32227550819077894,9,234.0,0.3632631668476777,9,206.0,0.2719153647498556,10,220.0,0.36560344979345205,39,911.0
130.0,-0.5225000000000001,42,11.2,2.8,5.930435709999204,12,310.0,0.3296650823891755,10,284.0,0.3465924874430638,10,256.0,0.2911142600884195,10,270.0,0.3381440689147648,42,1120.0
135.0,-0.5574999999999999,49,13.43,3.3575,5.279044063529824,14,373.0,0.2786710421468775,12,338.0,0.32087032789025316,11,307.0,0.23909061699956827,12,325.0,0.30591013674599676,49,1343.0
140.0,2.7799999999999994,4,2.31,0.5775,8.357578224101571,1,80.0,0.5788322353547591,1,68.0,0.545110672904484,1,46.0,0.5734505616083101,1,37.0,0.5956067443815088,4,231.0
145.0,0.42750000000000005,7,0.6,0.15,10.825995644880168,2,14.0,0.7991522003514441,2,25.0,0.7550347223088346,1,11.0,0.86543708066988,2,10.0,0.7953317437224828,7,60.0
150.0,-0.07250000000000001,7,0.8899999999999999,0.22249999999999998,10.942431954859495,2,24.0,0.7759521064131124,2,27.0,0.833108915491697,1,18.0,0.8025040306568952,2,20.0,0.796098788762362,7,89.0
155.0,-0.1175,11,1.36,0.34,10.812935076526232,3,42.0,0.7692243199929191,3,38.0,0.7768886201767768,2,22.0,0.7879683847351814,3,34.0,0.7744623008932715,11,136.0
160.0,-0.1375,11,1.9100000000000001,0.47750000000000004,11.1099905168014,3,57.0,0.8121408163594873,3,53.0,0.7783879523873873,2,32.0,0.8368150594044073,3,49.0,0.7949514127126244,11,191.0
165.0,-0.12000000000000002,11,2.39,0.5975,10.514685318409196,3,67.0,0.7898004772240147,3,67.0,0.7687335640257367,2,42.0,0.8100113560062286,3,63.0,0.7142721973490997,11,239.0
170.0,-0.15499999999999997,15,3.01,0.7525,8.939524673120673,3,81.0,0.6339570124056881,4,84.0,0.6057785860498884,3,54.0,0.665108108950994,5,82.0,0.4961761808006861,15,301.0
175.0,-0.28750000000000003,28,4.16,1.04,8.20467585082873,9,116.0,0.5279631275764104,6,110.0,0.5852654537319946,6,78.0,0.46739655210470343,7,112.0,0.5058656376481557,28,416.0
180.0,-0.38249999999999995,33,5.6899999999999995,1.4224999999999999,7.149014647898729,9,161.0,0.39672436458915944,8,145.0,0.4117360235652303,7,113.0,0.4414891161222375,9,150.0,0.383694287499799,33,569.0
185.0,1.0350000000000001,17,1.5499999999999998,0.38749999999999996,8.793102407618289,6,51.0,0.5285650257062311,5,32.0,0.5830710202256768,3,36.0,0.5914435013297555,3,36.0,0.5930552482289413,17,155.0
190.0,-0.24749999999999997,21,2.54,0.635,9.314355116860137,6,82.0,0.6141082190715609,6,60.0,0.5415623336541825,4,55.0,0.6544391556724759,5,57.0,0.6456268267909326,21,254.0
195.0,-0.2825,25,3.6699999999999995,0.9174999999999999,7.812468108550365,6,113.0,0.5001573532503445,7,92.0,0.4650921443956177,7,80.0,0.4962343416267097,5,82.0,0.5412705908963237,25,367.0
200.0,-0.37749999999999995,33,5.18,1.295,7.535209609498992,8,151.0,0.4724292111208786,8,128.0,0.4415759696986797,9,121.0,0.49919627446419995,8,118.0,0.48868711838502876,33,518.0
205.0,-0.4075,34,6.81,1.7025,7.128709082448352,9,196.0,0.4438997260552594,8,168.0,0.41544534868712896,9,166.0,0.4213600723179695,8,151.0,0.43818355947784315,34,681.0
210.0,-0.47250000000000003,39,8.7,2.175,6.371650611598423,10,243.0,0.4072658510157201,9,213.0,0.37975678185453554,11,219.0,0.4128044141701104,9,195.0,0.42644243956218914,39,870.0
215.0,-0.5274999999999999,46,10.81,2.7025,5.269249102072869,10,292.0,0.3133680928834017,11,265.0,0.2567273623587943,14,282.0,0.28997512744969145,11,242.0,0.2983772189372866,46,1081.0
220.0,-0.5875000000000002,48,13.16,3.29,5.2347766148349155,12,347.0,0.31426983125397334,11,320.0,0.28025047082295584,14,352.0,0.3133148825666546,11,297.0,0.31813177232029827,48,1316.0
225.0,-0.6424999999999997,52,15.73,3.9325,4.552364754399134,12,407.0,0.27763614247067797,13,382.0,0.23058296213338236,15,427.0,0.2765617033003522,12,357.0,0.2918236869089452,52,1573.0
230.0,3.105,6,3.3100000000000005,0.8275000000000001,7.448954394572026,1,78.0,0.5399928468335495,1,54.0,0.5566936879873186,2,150.0,0.45692315670562017,2,49.0,0.5493766834891907,6,331.0
235.0,0.49250000000000005,7,1.3399999999999999,0.33499999999999996,10.035826026026891,1,11.0,0.7728445998767572,1,14.0,0.8672580085279885,2,73.0,0.6787347500177253,3,36.0,0.7039245140551444,7,134.0
240.0,0.03249999999999997,8,1.21,0.3025,10.890485138907982,2,18.0,0.7489374631245025,1,19.0,0.8093133676700569,2,28.0,0.8133737698731834,3,56.0,0.7917720544306517,8,121.0
245.0,-0.10749999999999997,11,1.6400000000000001,0.41000000000000003,10.767294735360444,3,30.0,0.6858020724413643,2,25.0,0.7742860517217256,3,38.0,0.8005916081719187,3,71.0,0.7650261520860402,11,164.0
250.0,-0.1275,12,2.15,0.5375,10.90978841076638,3,45.0,0.7156388525625117,2,34.0,0.7856849920604915,3,53.0,0.8025074747235701,4,83.0,0.7707817434520219,12,215.0
255.0,-0.15500000000000003,14,2.77,0.6925,10.334503413537481,3,60.0,0.6983732141946484,3,45.0,0.6681955424195268,3,68.0,0.8091430891187305,5,104.0,0.6976637936767508,14,277.0
260.0,-0.1725,15,3.46,0.865,8.748932411633723,3,74.0,0.6577701360120006,4,61.0,0.5532132013244119,3,83.0,0.6728287037294394,5,128.0,0.520730395585722,15,346.0
265.0,-0.3075,33,4.6899999999999995,1.1724999999999999,6.591464250795522,6,96.0,0.4716708548243113,7,90.0,0.4044484824381446,9,112.0,0.38878811099487703,11,171.0,0.34709516730741724,33,469.0
270.0,-0.48,40,6.61,1.6525,5.966287277743068,6,126.0,0.4413141147476199,8,130.0,0.3746613266144138,12,168.0,0.32420887307700386,14,237.0,0.3036623120642032,40,661.0
275.0,1.175,19,1.9099999999999997,0.4774999999999999,8.267418341819146,3,30.0,0.5636078170839313,4,38.0,0.6423243808245073,6,58.0,0.5764452131237051,6,65.0,0.5228643912177071,19,191.0
280.0,-0.23,22,2.83,0.7075,8.488115266588037,4,45.0,0.531118683302529,4,60.0,0.6240322964377766,7,93.0,0.5230281603510297,7,85.0,0.5553463334468403,22,283.0
285.0,-0.3275,28,4.14,1.035,8.171069037840414,7,74.0,0.5351035084255951,5,85.0,0.6347399015958529,9,135.0,0.4886807588152794,7,120.0,0.5359125810420022,28,414.0
290.0,-0.38,31,5.66,1.415,7.802952519267046,7,108.0,0.5558162464476688,6,114.0,0.5395612638472057,10,185.0,0.4655641529620115,8,159.0,0.5094140670584275,31,566.0
295.0,-0.4224999999999999,36,7.35,1.8375,7.455206229158986,8,145.0,0.506544135258455,8,153.0,0.49752897921687744,11,236.0,0.4255654740674003,9,201.0,0.45844547433527894,36,735.0
300.0,-0.45500000000000007,39,9.17,2.2925,6.280912006115348,9,186.0,0.4076527045662797,9,193.0,0.4369297872565636,12,292.0,0.3299078680177796,9,246.0,0.472820176120173,39,917.0
305.0,-0.525,46,11.27,2.8175,5.014761567414062,10,232.0,0.3093956705893237,12,245.0,0.3589017129424219,14,359.0,0.2560354547920276,10,291.0,0.3354347344907347,46,1127.0
310.0,-0.6375,53,13.82,3.455,5.063349591522085,11,286.0,0.3364265924427475,14,312.0,0.3477542526322321,17,439.0,0.2473284559062016,11,345.0,0.36814040370907863,53,1382.0
315.0,-0.6925,59,16.59,4.1475,4.133621360661987,12,342.0,0.2602733888441032,16,387.0,0.28973512550824776,18,526.0,0.19630804801166746,13,404.0,0.301223213500769,59,1659.0
320.0,3.2225,8,3.7,0.925,7.247118305033574,2,28.0,0.5529556687221523,3,102.0,0.47699285741766734,2,160.0,0.5493733744313891,1,80.0,0.5794113890095519,8,370.0
325.0,0.6250000000000001,9,1.1999999999999997,0.29999999999999993,10.120842149393242,2,20.0,0.8128679048793673,3,49.0,0.7391107366474271,2,36.0,0.786801386900789,2,15.0,0.8086069157376047,9,120.0
330.0,-0.0925,9,1.5699999999999998,0.39249999999999996,10.498715866648853,2,30.0,0.7999043110128018,3,57.0,0.7685569740580129,2,46.0,0.8098371642967251,2,24.0,0.8199386037094598,9,157.0
335.0,-0.16000000000000003,11,2.21,0.5525,10.75887993857196,3,41.0,0.7718351243923979,3,72.0,0.7667588701620243,3,56.0,0.8127284364014973,2,52.0,0.7498364477718316,11,221.0
340.0,-0.11,13,2.65,0.6625,11.041834594997287,3,56.0,0.7896071692333555,4,90.0,0.7521729710039989,3,71.0,0.8128590303311614,3,48.0,0.7785105269688062,13,265.0
345.0,-0.155,14,3.27,0.8175,10.100889023858938,3,69.0,0.7692214804999078,4,109.0,0.6702346380549854,4,87.0,0.6632815077910043,3,62.0,0.730606468625166,14,327.0
350.0,-0.2275,23,4.18,1.045,8.28761698183479,5,86.0,0.601900417512288,7,137.0,0.48475587168355855,6,114.0,0.5184413952509854,5,81.0,0.5189225655204012,23,418.0
355.0,-0.3675,33,5.65,1.4125,7.5013882686823825,7,118.0,0.5056495412256372,11,184.0,0.3591386778835956,9,152.0,0.48412597274636837,6,111.0,0.5536603552494169,33,565.0
360.0,-0.44249999999999995,37,7.42,1.855,6.668923742574099,9,159.0,0.45412507774320426,12,242.0,0.3148181148836096,9,197.0,0.37931500479451646,7,144.0,0.44985212437215755,37,742.0
365.0,1.56,12,1.1800000000000002,0.29500000000000004,9.008723741436825,3,24.0,0.6925563740881605,4,64.0,0.48351268925483104,3,19.0,0.6965499543156412,2,11.0,0.7120571494880023,12,118.0
370.0,-0.16,18,1.8199999999999998,0.45499999999999996,9.295190361169327,4,44.0,0.568812147207547,7,77.0,0.5340696520804514,4,38.0,0.6494863694255645,3,23.0,0.7270343583501054,18,182.0
375.0,-0.2924999999999999,25,2.99,0.7475,8.58346899801429,8,83.0,0.44749220944276424,8,113.0,0.46722718787837775,5,62.0,0.547462868349383,4,41.0,0.6786168749724015,25,299.0
380.0,-0.31500000000000006,28,4.25,1.0625,8.29011727809835,8,123.0,0.4748760645653242,8,145.0,0.48979323636078587,7,93.0,0.5080690870385054,5,64.0,0.6149418271028201,28,425.0
385.0,-0.37500000000000006,34,5.75,1.4375,7.885711027644806,9,162.0,0.4936715097912968,10,189.0,0.4161001167709688,9,134.0,0.4500238603357242,6,90.0,0.562028850198632,34,575.0
390.0,-0.4225,35,7.4399999999999995,1.8599999999999999,7.263819708478094,10,209.0,0.39478628443046887,10,237.0,0.4462239288773113,9,179.0,0.4164718841741872,6,119.0,0.435543910063202,35,744.0
395.0,-0.45249999999999996,39,9.25,2.3125,5.89544987097176,11,261.0,0.29642929933905693,10,283.0,0.32678368063078334,10,226.0,0.27593697763280856,8,155.0,0.3198294676753879,39,925.0
400.0,-0.53,44,11.370000000000001,2.8425000000000002,5.730954588478674,13,326.0,0.289288912512625,13,343.0,0.3348292461755908,9,272.0,0.32407856157079623,9,196.0,0.3346435292035398,44,1137.0
405.0,-0.58,50,13.690000000000001,3.4225000000000003,4.879043523663792,14,396.0,0.23092885952636225,14,409.0,0.29576299927178806,12,323.0,0.2790835297704506,10,241.0,0.2763780797353845,50,1369.0
410.0,2.8024999999999998,6,2.48,0.62,8.010208252997199,2,69.0,0.541329986559555,2,71.0,0.5774735148271126,1,43.0,0.5681017938417727,1,65.0,0.5270052959333418,6,248.0
415.0,0.415,6,0.8200000000000001,0.20500000000000002,10.657724220286715,2,32.0,0.7979457725476556,2,25.0,0.7352065454013708,1,13.0,0.86266094782005,1,12.0,0.8512369800307065,6,82.0
420.0,-0.07999999999999999,7,1.14,0.285,10.947835121321713,2,42.0,0.7550896983362738,3,37.0,0.7034158726962191,1,18.0,0.8596294827921397,1,17.0,0.8511289167116743,7,114.0
425.0,-0.14250000000000002,11,1.71,0.4275,10.711041894738136,3,55.0,0.7161699221734994,4,56.0,0.6757855176947362,2,24.0,0.8009179510937188,2,36.0,0.7829161119535054,11,171.0
430.0,-0.10249999999999997,10,2.12,0.53,10.737533098738012,3,70.0,0.7400132189932196,4,76.0,0.6868766972075949,1,30.0,0.7884137555264703,2,36.0,0.8020042520337421,10,212.0
435.0,-0.13,11,2.64,0.66,10.429199112451645,3,84.0,0.7161082708820317,4,95.0,0.6985522837779344,2,39.0,0.8026279591920954,2,46.0,0.7850957318491059,11,264.0
440.0,-0.13499999999999995,13,3.1799999999999993,0.7949999999999998,8.859189076296813,4,99.0,0.571709025753714,4,115.0,0.6078307543351894,2,47.0,0.5865243648141756,3,57.0,0.6423885027346418,13,318.0
445.0,-0.24750000000000005,26,4.17,1.0425,7.237211247997228,8,130.0,0.4221252528794762,6,139.0,0.40768162229720106,5,67.0,0.424541937939385,7,81.0,0.4375510227916229,26,417.0
450.0,-0.39749999999999996,34,5.76,1.44,6.614957950038247,10,177.0,0.3885008983333009,7,174.0,0.36991982073070734,8,104.0,0.39394391457768363,9,121.0,0.3604935739670346,34,576.0
455.0,0.9450000000000001,22,1.98,0.495,8.544863973189429,7,60.0,0.5058707394339641,3,26.0,0.6852302064094141,6,57.0,0.551078072573769,6,55.0,0.5252323114133769,22,198.0
460.0,-0.29000000000000004,24,3.14,0.785,8.334846024311506,7,95.0,0.49820355544979406,3,41.0,0.5926115007332127,7,91.0,0.5056978637235053,7,87.0,0.5613699459462728,24,314.0
465.0,-0.335,27,4.4799999999999995,1.1199999999999999,7.25439207456636,8,135.0,0.38751792494516674,5,65.0,0.5739445886680106,7,126.0,0.46097854366384466,7,122.0,0.46985984471066516,27,448.0
470.0,-0.3974999999999999,33,6.069999999999999,1.5174999999999998,7.376610323123065,10,182.0,0.38827666705989317,6,94.0,0.6239335221774978,8,164.0,0.4652070267741554,9,167.0,0.500569828415272,33,607.0
475.0,-0.43750000000000006,36,7.82,1.955,6.864571598206729,11,235.0,0.3339852441992697,6,124.0,0.5133334631513962,9,206.0,0.41555400194756187,10,217.0,0.4551324963333586,36,782.0
480.0,-0.46,39,9.66,2.415,5.625749780172136,11,290.0,0.31577450435300575,8,160.0,0.4379224252864475,8,247.0,0.3016833634482045,12,269.0,0.3436549585195094,39,966.0
485.0,-0.5425,46,11.83,2.9575,5.188103859631677,12,350.0,0.32101465127337536,10,207.0,0.33991642441546654,11,295.0,0.324006466015502,13,331.0,0.2545285540787305,46,1183.0
490.0,-0.6074999999999999,49,14.26,3.565,4.863111616859364,12,410.0,0.2793774233304373,11,262.0,0.33930425902623784,12,354.0,0.32893418017236187,14,400.0,0.2621736192001981,49,1426.0
495.0,-0.6675000000000002,58,16.93,4.2325,4.2786503373113325,15,478.0,0.24521087346863527,13,321.0,0.2702856079527454,14,420.0,0.2819732499831867,16,474.0,0.22645026712677127,58,1693.0
500.0,3.365,5,3.4699999999999998,0.8674999999999999,7.667327066414225,1,80.0,0.5848700036722334,2,76.0,0.49823450909122663,1,40.0,0.6351732720448252,1,151.0,0.5073852302894435,5,347.0
505.0,0.6825,8,0.7400000000000001,0.18500000000000003,10.576164828172425,2,15.0,0.819894302591381,3,28.0,0.7872111951783135,1,15.0,0.8764190006874445,2,16.0,0.7749337282842254,8,74.0
510.0,-0.11249999999999999,8,1.19,0.2975,11.099357856136923,2,25.0,0.8219585603018286,3,49.0,0.7910702440606335,1,20.0,0.8649698393418404,2,25.0,0.7986373560636396,8,119.0
515.0,-0.14500000000000002,12,1.77,0.4425,11.149807047866538,3,37.0,0.7811916259836884,4,67.0,0.8038395562909431,2,27.0,0.8125139769986095,3,46.0,0.8285925512447592,12,177.0
520.0,-0.13249999999999998,13,2.3,0.575,11.461480023261275,3,52.0,0.8367416280826169,4,84.0,0.8190935802327546,3,41.0,0.8456747937964607,3,53.0,0.8426496382890318,13,230.0
525.0,-0.15750000000000003,15,2.93,0.7325,10.81209963006343,3,67.0,0.8190548857093541,5,102.0,0.7267594654111421,4,56.0,0.7936260917768663,3,68.0,0.8128946659927108,15,293.0
530.0,-0.2425,23,3.9000000000000004,0.9750000000000001,9.1405153736884,6,89.0,0.6279353319422742,8,136.0,0.6402381479102889,5,78.0,0.6264352481971874,4,87.0,0.695379053831477,23,390.0
535.0,-0.46999999999999986,46,5.779999999999999,1.4449999999999998,7.795829085094402,13,143.0,0.4630525056033747,14,192.0,0.5059722253795812,11,121.0,0.5151287675382941,8,122.0,0.6234157173871556,46,578.0
540.0,-0.7575000000000001,70,8.809999999999999,2.2024999999999997,6.645125025962646,20,230.0,0.4004253842255826,19,276.0,0.4181321489687252,17,192.0,0.4387882514978974,14,183.0,0.5027676929570848,70,881.0
545.0,1.25,26,3.8099999999999996,0.9524999999999999,7.445934228899285,10,133.0,0.4788836523911653,7,113.0,0.47885509454298136,5,76.0,0.5773367545878768,4,59.0,0.5985193899994284,26,381.0
550.0,0.11249999999999993,25,3.3600000000000003,0.8400000000000001,8.77891122905414,9,137.0,0.5277129406427834,6,81.0,0.6297737720409332,5,65.0,0.6488930410320517,5,53.0,0.6819582597998571,25,336.0
555.0,-0.16999999999999996,29,4.04,1.01,9.455348467989406,10,162.0,0.6742864575361408,7,98.0,0.7064030237854654,6,73.0,0.7235998352217826,6,71.0,0.7196212574023197,29,404.0
560.0,-0.39749999999999996,33,5.63,1.4075,9.794377113789084,11,213.0,0.6828473065461426,7,132.0,0.7277480232728458,7,104.0,0.7324753810344486,8,114.0,0.7309566585160047,33,563.0
565.0,-0.43250000000000005,35,7.36,1.84,9.929301809298218,11,268.0,0.6966852938583651,8,172.0,0.7286426162896918,7,139.0,0.741688366312562,9,157.0,0.7409042767665951,35,736.0
570.0,-0.435,38,9.1,2.275,9.913552824952138,12,325.0,0.6942227425362553,9,216.0,0.7105084523220981,8,178.0,0.7725186517410203,9,191.0,0.7523584268817887,38,910.0
575.0,-0.5,43,11.100000000000001,2.7750000000000004,9.414618249001983,13,386.0,0.66476050265722,11,268.0,0.6726099590812512,8,218.0,0.7384419764403578,11,238.0,0.6876796747325725,43,1110.0
580.0,-0.7425,65,14.07,3.5175,7.518676264842088,18,459.0,0.4845972751933715,18,341.0,0.5077417256120264,11,297.0,0.5852260968435213,18,310.0,0.5253415696421821,65,1407.0
585.0,-1.0274999999999999,102,18.18,4.545,6.133731711578165,27,582.0,0.3689350828746069,28,460.0,0.3932036385433328,21,352.0,0.46413623242050156,26,424.0,0.40971611481383957,102,1818.0
590.0,2.3225,77,8.89,2.2225,6.497490927557578,19,279.0,0.3907234220189054,23,243.0,0.42497611297429366,19,159.0,0.4796230275392906,16,208.0,0.4336874610870463,77,889.0
595.0,-0.32,101,10.17,2.5425,6.514613640208667,24,247.0,0.4293536364887305,30,307.0,0.3769165316641006,23,222.0,0.4593616810821467,24,241.0,0.41897942417503514,101,1017.0
600.0,-1.4674999999999998,126,16.040000000000003,4.010000000000001,6.101926310917915,28,379.0,0.43280176352918753,39,490.0,0.3440102875075238,30,358.0,0.392767620033531,29,377.0,0.40396782917790786,126,1604.0
605.0,-1.7025000000000001,140,22.85,5.7125,5.736544578573888,31,526.0,0.3903989272084769,41,691.0,0.34987378099760774,34,519.0,0.3634034616042269,34,549.0,0.3557499030232847,140,2285.0
610.0,-1.8574999999999997,156,30.28,7.57,5.517201325097214,35,694.0,0.3879344997725531,46,904.0,0.3108085206584967,36,696.0,0.36417217905720356,39,734.0,0.32291590197451375,156,3028.0
615.0,-2.0125,170,38.33,9.5825,4.9967657908451,37,874.0,0.35282701134696204,51,1149.0,0.270501642623373,40,885.0,0.33146296496926875,42,925.0,0.2977258168202298,170,3833.0
620.0,-2.2,183,47.13,11.7825,4.092227604818665,41,1072.0,0.2895799853190377,56,1417.0,0.21063902217273306,43,1092.0,0.23827228390803884,43,1132.0,0.2608589066797432,183,4713.0
625.0,-2.4425,207,56.9,14.225,3.512589106656474,51,1307.0,0.22379922504371966,61,1711.0,0.1737523177810078,48,1323.0,0.21176020120007133,47,1349.0,0.20252467998188975,207,5690.0
630.0,-2.7525000000000004,227,67.91,16.9775,3.232214685870108,55,1573.0,0.21085785370865312,65,2030.0,0.17234359550060008,55,1585.0,0.2061914475575941,52,1603.0,0.20187623835744725,227,6791.0
635.0,2.372500000000001,149,58.42,14.605,4.1226251130496205,35,1345.0,0.2752324155987563,45,1765.0,0.20969106363237863,34,1347.0,0.26959260743057906,35,1385.0,0.24804112217183194,149,5842.0
640.0,2.5224999999999995,104,48.33,12.0825,5.270271120137956,24,1107.0,0.3361940730582488,34,1564.0,0.2955984042330697,22,1061.0,0.3372913104902127,24,1101.0,0.3218063983839607,104,4833.0
645.0,3.05,80,36.13,9.0325,6.5908534225863535,20,786.0,0.4124659112814732,23,1242.0,0.3899534862518054,19,794.0,0.4463611726908325,18,791.0,0.42673846037316165,80,3613.0
650.0,2.0425,64,27.96,6.99,7.6595355696447,16,615.0,0.4726572590094576,19,1015.0,0.4942401266528329,14,633.0,0.5297210087991814,15,533.0,0.5107190322051266,64,2796.0
655.0,1.295,48,22.78,5.695,8.357531486771409,15,545.0,0.5386538417326232,14,744.0,0.5158484055888842,11,499.0,0.5875807916937177,8,490.0,0.5743286455859603,48,2278.0
660.0,0.8500000000000004,45,19.38,4.845,9.02346833678529,15,547.0,0.5963753942701535,14,618.0,0.5668623840689805,10,400.0,0.6534655672059705,6,373.0,0.6596625632505562,45,1938.0
665.0,0.06249999999999989,54,19.13,4.7825,8.826184092422153,17,563.0,0.5778493490910713,16,597.0,0.571440152905423,14,399.0,0.6341308879415379,7,354.0,0.686222233162568,54,1913.0
670.0,-0.71,73,21.970000000000002,5.492500000000001,7.697332745196748,21,635.0,0.45861589285202925,20,641.0,0.5218738067293129,19,484.0,0.5193750798866813,13,437.0,0.5625509603790398,73,2197.0
675.0,-1.235,117,26.910000000000004,6.727500000000001,6.294450809357667,34,759.0,0.39344092956074084,26,755.0,0.40354347845380706,30,599.0,0.40528641124657755,27,578.0,0.4165376674212332,117,2691.0
680.0,2.1225,112,18.42,4.605,5.547469485708233,29,492.0,0.36226508628177684,26,549.0,0.34758173898338446,28,326.0,0.35650163384671707,29,475.0,0.3372036621999176,112,1842.0
685.0,-0.7950000000000002,158,21.6,5.4,5.376850864841268,38,486.0,0.3728020301937983,39,618.0,0.3319420243399961,41,453.0,0.3207735688886383,40,603.0,0.24880943347133025,158,2160.0
690.0,-2.205,201,30.419999999999998,7.6049999999999995,4.770733538903625,46,690.0,0.32104993688920314,51,847.0,0.25935156752148375,51,685.0,0.2968854499702717,53,820.0,0.2276428806442884,201,3042.0
695.0,-2.6325000000000003,217,40.95,10.2375,4.456562138876393,51,939.0,0.29325563054719017,56,1115.0,0.2408323565284517,52,942.0,0.2703932559700507,58,1099.0,0.18547689568417952,217,4095.0
700.0,-2.8099999999999996,229,52.19,13.0475,4.494774520877167,54,1202.0,0.2596841643098729,60,1410.0,0.24291702087187494,55,1211.0,0.29210821085409927,60,1396.0,0.2041900304257714,229,5219.0
705.0,-2.9249999999999994,242,63.89,15.9725,3.8823725240057354,59,1485.0,0.18323782446877693,64,1724.0,0.1930048258311747,58,1481.0,0.2342228198298743,61,1699.0,0.16889967752733165,242,6389.0
710.0,-3.160000000000001,259,76.53,19.1325,3.293178240677004,64,1801.0,0.15622509528997056,67,2051.0,0.15414104108275292,64,1788.0,0.1819230704594327,64,2013.0,0.1539535273761917,259,7653.0
715.0,-3.3724999999999996,277,90.02,22.505,3.0658238012614647,69,2136.0,0.12374023499022312,73,2403.0,0.1451598169026595,67,2113.0,0.17431276290489447,68,2350.0,0.16897750099156836,277,9002.0
720.0,-3.562500000000001,293,104.27000000000001,26.067500000000003,2.5424087062308813,71,2485.0,0.1145432754504192,77,2778.0,0.11874237610536624,73,2464.0,0.12662497656280805,72,2700.0,0.13473455972263318,293,10427.0
725.0,3.3375000000000004,206,90.92,22.73,3.2724484248952552,49,2169.0,0.14849230123675441,57,2464.0,0.1638355577199577,48,2114.0,0.19661030432395127,52,2345.0,0.1728409055196176,206,9092.0
730.0,2.3075,150,81.69,20.4225,4.528203446929344,34,1961.0,0.2642349559874503,40,2237.0,0.26115335898657677,38,1855.0,0.25852129665620766,38,2116.0,0.25531238046780363,150,8169.0
735.0,3.0,139,69.69,17.4225,5.394038102981376,33,1595.0,0.32803333522523703,35,1976.0,0.3405369379339931,36,1609.0,0.2802677805494283,35,1789.0,0.304243238292773,139,6969.0
740.0,2.415000000000001,132,60.029999999999994,15.007499999999999,6.242581600848766,31,1312.0,0.3960637176206687,37,1736.0,0.3751199280065227,33,1512.0,0.3638212731100327,31,1443.0,0.3885180750590432,132,6003.0
745.0,1.7399999999999993,108,53.07,13.2675,7.066656843443847,25,1179.0,0.46987071774108546,30,1597.0,0.45939762592193834,25,1250.0,0.4176646802112277,28,1281.0,0.4467787114046059,108,5307.0
750.0,0.8975,88,49.48,12.37,7.440603039203407,21,1079.0,0.5362256153808226,25,1521.0,0.4746901370604224,19,1130.0,0.47885671882136766,23,1218.0,0.4887377541630288,88,4948.0
755.0,0.3674999999999997,78,48.010000000000005,12.002500000000001,7.318675533875518,16,1096.0,0.5115582095816357,25,1514.0,0.4587849364651227,18,1024.0,0.503583787918262,19,1167.0,0.5064335517094711,78,4801.0
760.0,-0.32749999999999924,88,49.31999999999999,12.329999999999998,6.464198170919877,19,1104.0,0.44971506749812457,29,1609.0,0.37564082114300174,19,1000.0,0.46334908218838106,21,1219.0,0.4316202826800757,88,4932.0
765.0,-0.9475000000000007,130,53.11,13.2775,5.437701090275415,31,1180.0,0.3758317859045958,42,1650.0,0.3119346406592413,29,1124.0,0.37778883171418376,28,1357.0,0.3671741023707719,130,5311.0
770.0,1.9525000000000001,118,45.300000000000004,11.325000000000001,5.0358011634757895,29,966.0,0.3237202234490909,32,1472.0,0.29609351886036,27,918.0,0.34981888161756275,30,1174.0,0.33657155632262165,118,4530.0
775.0,-0.9024999999999999,165,48.91,12.2275,4.763035354225411,39,1070.0,0.30527438418818886,47,1600.0,0.25718734010793415,38,946.0,0.2864304437488671,41,1275.0,0.26901648625523694,165,4891.0
780.0,-2.3425,208,58.28,14.57,4.369720876149788,48,1282.0,0.25266963103457996,60,1865.0,0.2621715442237162,50,1168.0,0.2292650730710314,50,1513.0,0.2500166846842388,208,5828.0
785.0,-2.8099999999999996,237,69.52,17.38,3.969467223768717,56,1543.0,0.20500064522462547,66,2179.0,0.23186894448262202,56,1437.0,0.19588772091425743,59,1793.0,0.19221383161119635,237,6952.0
790.0,-3.1100000000000008,263,81.96000000000001,20.490000000000002,3.817093870424315,65,1830.0,0.18247485329390878,70,2519.0,0.2293226824451603,62,1739.0,0.18538295718965814,66,2108.0,0.1775650445969907,263,8196.0
795.0,-3.5599999999999987,293,96.2,24.05,3.420359659157461,71,2172.0,0.16114655406117126,81,2920.0,0.20910805958057707,70,2072.0,0.16797019134186333,71,2456.0,0.13843085032041913,293,9620.0
800.0,-3.8625000000000016,319,111.65,27.9125,2.7865748357360487,77,2548.0,0.13296285637456698,87,3342.0,0.1641838099758048,75,2437.0,0.11455279184884491,80,2838.0,0.09248258354053662,319,11165.0
805.0,-4.1525,342,128.26,32.065,2.3122021432689244,83,2951.0,0.10963598865473037,95,3793.0,0.11581799796349063,80,2829.0,0.098169749171367,84,3253.0,0.10571143369129142,342,12826.0
810.0,-4.435000000000001,362,146.0,36.5,1.8329095386513787,88,3384.0,0.09779145005556851,101,4286.0,0.08680646913518304,85,3246.0,0.0961187924441252,88,3684.0,0.07860102422864322,362,14600.0
815.0,3.4350000000000014,282,132.26,33.065,2.579156651440059,70,3108.0,0.1293879831672213,81,3888.0,0.11036688027320596,63,2869.0,0.15666859260366517,68,3361.0,0.11816086994894004,282,13226.0
820.0,2.692500000000001,227,121.49,30.3725,3.421856377450976,55,2849.0,0.16166338278630793,65,3671.0,0.15742862601740681,55,2580.0,0.21797016605143738,52,3049.0,0.20211182366157546,227,12149.0
825.0,3.5474999999999994,201,107.30000000000001,26.825000000000003,4.545996011300825,52,2601.0,0.23196204437036366,51,3322.0,0.22959754322022977,50,2228.0,0.29603559269817803,48,2579.0,0.29788100875391654,201,10730.0
830.0,2.5599999999999996,182,97.06,24.265,5.379764744529908,45,2344.0,0.29926230157780065,51,2952.0,0.27497868119998514,44,2066.0,0.32893620765512394,42,2344.0,0.3639919514315805,182,9706.0
835.0,1.4025000000000007,163,91.45,22.8625,6.125552835710211,41,2209.0,0.36831160292893106,51,2819.0,0.34056621879738636,37,2009.0,0.379196823798291,34,2108.0,0.4073876087762013,163,9145.0
840.0,1.7275,129,84.53999999999999,21.134999999999998,6.5662560820236315,33,2045.0,0.4232815235668755,46,2676.0,0.3680552426823955,29,1845.0,0.3934298206194954,21,1888.0,0.4764391438117745,129,8454.0
845.0,0.04999999999999982,108,84.34,21.085,6.6255260487700545,25,2008.0,0.4545030693045284,35,2692.0,0.4195036891898201,24,1838.0,0.4267445050101531,24,1896.0,0.48846864477885926,108,8434.0
850.0,-0.6049999999999995,106,86.75999999999999,21.689999999999998,5.944618586912782,23,2096.0,0.38609047100304283,29,2620.0,0.37530659463189825,24,1945.0,0.3943086595416461,30,2015.0,0.404495992653097,106,8676.0
855.0,-1.3500000000000005,130,92.16000000000001,23.040000000000003,5.263211813519749,30,2237.0,0.3293726176838112,34,2717.0,0.32952957734500576,29,2079.0,0.3605355620302304,37,2183.0,0.3441902618740734,130,9216.0
860.0,2.057500000000001,122,83.93,20.9825,4.9055532115021165,28,2029.0,0.2781340789376167,36,2449.0,0.29839782110751994,26,1856.0,0.38391041279602756,32,2059.0,0.30996553436143354,122,8393.0
865.0,-1.075000000000001,176,88.22999999999999,22.057499999999997,4.667668618674158,41,2145.0,0.26082891002694575,51,2545.0,0.2592295804931321,36,1937.0,0.30805492327349154,48,2196.0,0.2765644539108843,176,8823.0
870.0,-2.5475000000000003,222,98.42,24.605,4.130709898216982,51,2380.0,0.23592117210387983,62,2837.0,0.2133906236568952,50,2155.0,0.243908814703804,59,2470.0,0.2621627455645086,222,9842.0
875.0,-3.0599999999999996,257,110.66,27.665,3.6990056868170305,59,2663.0,0.18300986607089598,72,3176.0,0.17797167692611351,59,2438.0,0.22042518856231091,67,2789.0,0.20903590041432601,257,11066.0
880.0,-3.3550000000000004,282,124.08000000000001,31.020000000000003,3.438503743567249,66,2968.0,0.15908942958819494,77,3550.0,0.17033018992369395,66,2755.0,0.20529826978770907,73,3135.0,0.20161201852656285,282,12408.0
885.0,-3.732499999999999,308,139.01,34.7525,2.973598331052673,72,3318.0,0.12233793547169901,85,3961.0,0.143687832112486,71,3103.0,0.1590286145390938,80,3519.0,0.16554158374399672,308,13901.0
890.0,-4.032500000000001,332,155.14,38.785,2.529620576070811,79,3698.0,0.10103237785163557,92,4407.0,0.1151226472355445,78,3478.0,0.12688571945536511,83,3931.0,0.14189819716373953,332,15514.0
895.0,-4.3149999999999995,354,172.4,43.1,2.092661681184767,85,4114.0,0.0945902835122005,97,4882.0,0.10929155241177996,83,3879.0,0.093180248858716,89,4365.0,0.10129973276991917,354,17240.0
900.0,-4.612500000000001,375,190.85,47.7125,1.7179646432275086,87,4545.0,0.08445059075313925,102,5385.0,0.10434240200962912,89,4314.0,0.07129341906682393,97,4841.0,0.06965367964254968,375,19085.0
905.0,3.8150000000000013,291,175.59,43.8975,2.4335408623092842,69,4255.0,0.11516939772734001,78,4852.0,0.13450560930834585,68,3965.0,0.10596359146254605,76,4487.0,0.11351850626587219,291,17559.0
910.0,3.032499999999999,238,163.46,40.865,3.346274889162263,56,3959.0,0.20387687565580612,66,4524.0,0.15247895553956375,54,3644.0,0.18228282217435635,62,4219.0,0.19398725563872637,238,16346.0
915.0,3.7575000000000003,206,148.43,37.1075,4.308185502738464,45,3489.0,0.2566584524779134,58,4211.0,0.21047184423914891,43,3279.0,0.2864652515012626,60,3864.0,0.24246583614116388,206,14843.0
920.0,4.63,186,129.91,32.4775,5.141672170981479,43,3022.0,0.3058270418946996,57,3870.0,0.2736133466553779,38,2812.0,0.29506074311445374,48,3287.0,0.31692057546963304,186,12991.0
925.0,2.6149999999999993,163,119.45,29.8625,5.822069564515889,38,2632.0,0.36717689415931953,53,3624.0,0.3115319240002165,33,2514.0,0.33627572069791933,39,3175.0,0.36890032007591017,163,11945.0
930.0,2.1975000000000007,136,110.66,27.665,6.281495143047252,33,2427.0,0.3926737947305458,44,3449.0,0.37637967023587365,26,2322.0,0.3811929039180141,33,2868.0,0.4025114826622346,136,11066.0
935.0,0.7350000000000003,111,107.71999999999998,26.929999999999996,6.425531430463782,25,2424.0,0.4036750311880025,38,3314.0,0.3998895695963886,20,2182.0,0.44569767031507374,28,2852.0,0.3852398538503645,111,10772.0
940.0,-1.0375000000000005,111,111.87,27.9675,6.048079085427632,26,2560.0,0.4129423844430989,34,3385.0,0.3447785919564259,21,2299.0,0.43486697663740853,30,2943.0,0.3193996353279455,111,11187.0
945.0,-0.875,131,115.37,28.8425,5.48102508936967,26,2691.0,0.35150959729325504,41,3454.0,0.31302464948694064,26,2321.0,0.39722259119482406,38,3071.0,0.2910606794659103,131,11537.0
950.0,2.29,113,106.21,26.5525,4.951717286972703,24,2555.0,0.3426348265762626,32,3192.0,0.27928549598525804,21,2050.0,0.3706051705984008,36,2824.0,0.2616864807863616,113,10621.0
955.0,-0.2999999999999998,159,107.41000000000001,26.852500000000003,4.539405897959334,34,2635.0,0.2885401160750424,47,3244.0,0.2579731577387705,35,2042.0,0.3146674959167577,43,2820.0,0.26359723037533667,159,10741.0
960.0,-2.1674999999999986,201,116.08,29.02,4.423142973818466,44,2833.0,0.2688703712431462,60,3494.0,0.23746596044473284,45,2250.0,0.2656106163512628,52,3031.0,0.2631295547269021,201,11608.0
965.0,-2.807500000000001,239,127.31,31.8275,3.9858638100620785,54,3086.0,0.22175249577655706,71,3832.0,0.20641146764739965,54,2506.0,0.24199151311651126,60,3307.0,0.21432169209021434,239,12731.0
970.0,-3.1574999999999998,263,139.94,34.985,3.6790924471761075,60,3371.0,0.21271133690564184,77,4204.0,0.179147430687349,61,2796.0,0.20832280368050304,65,3623.0,0.18280747201800762,263,13994.0
975.0,-3.522499999999999,296,154.02999999999997,38.50749999999999,3.373531157890931,67,3689.0,0.19927367105418153,85,4612.0,0.14593487727636442,71,3129.0,0.17457710806257118,73,3973.0,0.14645067611312348,296,15403.0
980.0,-3.9300000000000015,328,169.75,42.4375,2.645036031451674,75,4046.0,0.13461366294269883,94,5062.0,0.11345728856844398,78,3503.0,0.12763204451290147,81,4364.0,0.11482023044438018,328,16975.0
985.0,-4.412500000000001,362,187.4,46.85,2.038467379073888,83,4443.0,0.09961374642334099,102,5557.0,0.057423592580952504,87,3952.0,0.10270415450920514,90,4788.0,0.10054181133819527,362,18740.0
990.0,-4.747499999999999,388,206.39,51.5975,1.65437855594613,87,4869.0,0.08504248835801662,109,6092.0,0.04482173540147025,96,4417.0,0.09184590475838071,96,5261.0,0.09863437960132304,388,20639.0
995.0,5.272500000000001,301,185.3,46.325,2.294062226144838,68,4418.0,0.12585482924452368,84,5475.0,0.09158342720825953,72,3950.0,0.13547046474450344,77,4687.0,0.10174265051933702,301,18530.0
1000.0,3.3025,254,172.08999999999997,43.022499999999994,3.170464581962207,57,4005.0,0.17275480431277698,66,5180.0,0.13583575206851445,65,3692.0,0.1980517439738421,66,4332.0,0.1481583540034989,254,17209.0
1005.0,4.3375,235,154.74,38.685,4.109912026193295,55,3580.0,0.21621521797365126,56,4669.0,0.21812582201444652,64,3258.0,0.21757383527711288,60,3967.0,0.2345954707910058,235,15474.0
1010.0,2.9174999999999986,204,143.07000000000002,35.767500000000005,4.914216417563611,51,3350.0,0.2642503273068019,46,4149.0,0.2917492558322681,57,3165.0,0.2724080962753899,50,3643.0,0.2776221249805286,204,14307.0
1015.0,2.999999999999999,159,131.07,32.7675,5.732829253560775,43,3075.0,0.32464549417276206,37,3831.0,0.3166621661583292,45,2937.0,0.3604033806148839,34,3264.0,0.3551911199026324,159,13107.0
1020.0,2.700000000000001,131,120.27,30.0675,6.156773583757096,31,2701.0,0.3973933621575038,31,3557.0,0.32762459447983977,41,2913.0,0.3880327901933522,28,2856.0,0.417006504206548,131,12027.0
1025.0,0.6974999999999998,104,117.48,29.37,6.059689239216163,21,2598.0,0.4200511563157166,25,3552.0,0.3570578433835237,37,2865.0,0.3680726316839627,21,2733.0,0.43025392272452434,104,11748.0
1030.0,-0.5800000000000001,110,119.8,29.95,5.361372070861984,25,2774.0,0.36407941314808856,26,3542.0,0.28623916772048796,34,2986.0,0.34787958846165035,25,2678.0,0.36089888838431033,110,11980.0
1035.0,-1.4024999999999999,134,125.41,31.3525,4.9188082356340965,32,2950.0,0.31646635977102444,35,3727.0,0.27923514350044837,32,2999.0,0.3253069125263407,35,2865.0,0.32678827905728963,134,12541.0
1040.0,2.452499999999999,116,115.60000000000001,28.900000000000002,4.683965215813951,27,2650.0,0.31361851354166315,29,3442.0,0.2818286465734267,36,2892.0,0.27013749382891994,24,2576.0,0.32064153893819314,116,11560.0
1045.0,-0.7399999999999984,170,118.56,29.64,4.547002368260711,41,2752.0,0.2655435578081728,43,3497.0,0.25685890388799454,49,2986.0,0.2616997743063677,37,2621.0,0.31121618686550284,170,11856.0
1050.0,-2.0650000000000004,212,126.82000000000001,31.705000000000002,4.118589371247897,50,2926.0,0.2541870399233949,55,3719.0,0.22475470059407332,59,3225.0,0.21934070666119498,48,2812.0,0.23700465916338684,212,12682.0
1055.0,-2.7874999999999996,237,137.97,34.4925,3.9338998740871474,56,3189.0,0.2504594401246524,59,3991.0,0.21391249215737948,67,3542.0,0.17278551248015223,55,3075.0,0.19109261268313862,237,13797.0
1060.0,-3.17,264,150.65,37.6625,3.8336262407725283,63,3486.0,0.2111937669652294,67,4311.0,0.21181374097294178,72,3894.0,0.15817665368849554,62,3374.0,0.17470226556119747,264,15065.0
1065.0,-3.5275000000000016,295,164.76,41.19,3.3234179251825764,70,3824.0,0.18079635910126238,73,4665.0,0.17433344455825425,81,4278.0,0.11212554649560458,71,3709.0,0.1488388576690251,295,16476.0
1070.0,-3.884999999999998,324,180.29999999999998,45.074999999999996,2.7813294059051525,76,4193.0,0.1448894246663655,83,5058.0,0.12214510385562195,88,4708.0,0.08097806767376885,77,4071.0,0.12011497864240611,324,18030.0
1075.0,-4.252500000000001,350,197.31,49.3275,2.308489789116085,82,4590.0,0.1077226656023689,93,5506.0,0.08851492399652997,92,5159.0,0.06657800008748255,83,4476.0,0.13404860487386797,350,19731.0
1080.0,-4.5550000000000015,371,215.53,53.8825,1.750137317215061,87,5017.0,0.08975230759394863,101,5999.0,0.058604334632456845,97,5634.0,0.057132307711498506,86,4903.0,0.1102452864651579,371,21553.0
1085.0,5.652500000000002,284,192.92,48.23,2.3889786894223475,68,4567.0,0.10600378011181963,81,5354.0,0.08723942972671116,70,5017.0,0.10647689550122826,65,4354.0,0.16260466716187136,284,19292.0
1090.0,3.5725,229,178.63000000000002,44.657500000000006,3.334283813118713,55,4240.0,0.1898787287842183,64,4988.0,0.1541053303721698,56,4658.0,0.17503980651604648,54,3977.0,0.19559599639385294,229,17863.0
1095.0,4.4175,221,160.96,40.24,4.095608849298782,53,3790.0,0.22767212620425473,62,4518.0,0.18983610356232894,51,4150.0,0.2395897025254276,55,3638.0,0.2506451458059627,221,16096.0
1100.0,4.3149999999999995,200,143.70000000000002,35.925000000000004,4.813179014294665,47,3231.0,0.26901977773257385,60,4015.0,0.2254888082415957,44,3865.0,0.2913243485961174,49,3259.0,0.26059541255495927,200,14370.0
1105.0,3.34,140,130.34,32.585,5.98020950328766,30,2829.0,0.3508037964621599,38,3803.0,0.3423115759002971,29,3434.0,0.39273812243596445,43,2968.0,0.3310920784368626,140,13034.0
1110.0,3.7125000000000012,109,115.49000000000001,28.872500000000002,6.379459924363392,25,2625.0,0.41124832254015664,27,3133.0,0.386411694828118,21,3060.0,0.4313443022041494,36,2731.0,0.35636041950028774,109,11549.0
1115.0,2.202499999999999,92,106.68,26.67,6.287525426541255,22,2419.0,0.37128620167135007,22,2859.0,0.38586082458129123,18,2839.0,0.4512997018501236,30,2551.0,0.3828922460966083,92,10668.0
1120.0,-0.379999999999999,97,108.2,27.05,5.827314321927251,26,2593.0,0.34729975902813137,25,2878.0,0.35105043686732534,17,2738.0,0.4188664083431524,29,2611.0,0.3686849256027635,97,10820.0
1125.0,-0.7350000000000003,119,111.13999999999999,27.784999999999997,5.093745067077398,31,2716.0,0.307617339970547,30,2878.0,0.31692222007315146,25,2805.0,0.3635075872241901,33,2715.0,0.3335778589827781,119,11114.0
1130.0,1.955,103,103.32000000000001,25.830000000000002,4.931933291827831,23,2526.0,0.3089620602304525,30,2702.0,0.2749448144922146,26,2590.0,0.3491632300295442,24,2514.0,0.33945447655574107,103,10332.0
1135.0,-0.40749999999999975,149,104.95,26.2375,4.769111673172731,35,2538.0,0.31037189261587067,39,2673.0,0.24327603121421362,40,2707.0,0.26385377766223617,35,2577.0,0.31786513068324634,149,10495.0
1140.0,-1.9749999999999996,190,112.85,28.2125,4.315821176963141,43,2711.0,0.2650268852119029,50,2888.0,0.21123179673331516,52,2936.0,0.20968315011595962,45,2750.0,0.23750265080236413,190,11285.0
1145.0,-2.5375000000000005,220,122.99999999999999,30.749999999999996,3.981635193481117,52,2953.0,0.22007342884654021,57,3130.0,0.18500817036267958,59,3218.0,0.17740408313364306,52,2999.0,0.2131488029526238,220,12300.0
1150.0,-2.9625000000000004,250,134.85000000000002,33.712500000000006,3.771264434651224,57,3224.0,0.1851499471858631,64,3434.0,0.1429468281256251,68,3541.0,0.16499169118622264,61,3286.0,0.17535541014084702,250,13485.0
1155.0,-3.3025,275,148.06,37.015,3.1773439118777898,68,3542.0,0.11187741364210163,70,3773.0,0.11257568100960118,70,3884.0,0.12494999607770807,67,3607.0,0.11892075848123233,275,14806.0
1160.0,-3.604999999999997,296,162.48,40.62,2.527506955589771,74,3901.0,0.07452277554572302,75,4141.0,0.1008482538323048,72,4240.0,0.07381810100173633,75,3966.0,0.10176458264200881,296,16248.0
1165.0,-3.775000000000004,307,177.58,44.395,2.1285135272778666,79,4288.0,0.08186240285630975,77,4518.0,0.07839145568867886,75,4609.0,0.07095590985267185,76,4343.0,0.0891108582420628,307,17758.0
1170.0,-3.9025,316,193.19,48.2975,1.7591742480020136,81,4688.0,0.06032008244495131,80,4910.0,0.06797447468372177,76,4989.0,0.07184164486822077,79,4732.0,0.08680599881702032,316,19319.0
1175.0,5.657500000000002,225,170.55999999999997,42.63999999999999,2.6216506414318923,64,4316.0,0.10057843855458697,55,4304.0,0.13167050869488214,51,4245.0,0.12703489588466332,55,4191.0,0.1198202260900344,225,17056.0
1180.0,4.087499999999999,162,154.21,38.5525,3.790160732648543,46,4037.0,0.19440424782353938,37,3816.0,0.2324429838973669,38,3834.0,0.18949932961187327,41,3734.0,0.22682613006958885,162,15421.0
1185.0,6.5649999999999995,133,127.95000000000002,31.987500000000004,5.485047677224194,37,3338.0,0.3197796029596733,34,3289.0,0.33964798321581835,27,3181.0,0.3439584721409143,35,2987.0,0.329942119363728,133,12795.0
1190.0,5.940000000000001,105,104.19,26.0475,6.763705066941516,30,2768.0,0.4002975522530405,27,2748.0,0.3989768691207724,20,2370.0,0.4595627217995862,28,2533.0,0.39713513973301257,105,10419.0
1195.0,3.312499999999999,72,90.94,22.735,7.803374407436513,22,2417.0,0.47642668391693627,17,2454.0,0.4897915029989239,12,1921.0,0.5630271433979777,21,2302.0,0.49500734529541207,72,9094.0
1200.0,4.165,50,74.28,18.57,8.333218835909463,14,2159.0,0.5547999709742631,12,1942.0,0.51409123875256,12,1386.0,0.6395109797790328,12,1941.0,0.5557043298269808,50,7428.0
1205.0,2.2350000000000003,55,65.34,16.335,8.248376107389277,10,1983.0,0.589791902859941,17,1723.0,0.5306460196683263,13,1150.0,0.5986248048227162,15,1678.0,0.5945815356417511,55,6534.0
1210.0,-0.5675000000000003,80,67.61,16.9025,6.901450058928846,20,2061.0,0.47598240646327555,21,1757.0,0.41915819316767816,20,1174.0,0.41773720421969696,19,1769.0,0.48008848011699623,80,6761.0
1215.0,-1.2249999999999996,127,72.50999999999999,18.127499999999998,5.062506231818616,31,2196.0,0.34389429544093614,33,1832.0,0.28860550446317895,33,1315.0,0.2864325744706462,30,1908.0,0.3055604204703251,127,7251.0
1220.0,2.4924999999999993,108,62.540000000000006,15.635000000000002,4.6770529480536895,27,1967.0,0.2919894407951849,27,1589.0,0.27482812116130756,28,1021.0,0.2891688731581519,26,1677.0,0.268047406435443,108,6254.0
1225.0,-0.5749999999999984,142,64.84,16.21,5.023691602380634,38,2049.0,0.2600015303946639,35,1587.0,0.28127571245063043,32,1128.0,0.3225666364334498,37,1720.0,0.273256625026428,142,6484.0
1230.0,-1.952500000000001,167,72.65,18.1625,4.853979348738162,49,2264.0,0.21024261607909733,39,1777.0,0.2789193130899775,36,1303.0,0.3084864900757034,43,1921.0,0.26758367451040277,167,7265.0
1235.0,-2.157499999999999,168,81.28,20.32,4.991587984095306,51,2533.0,0.19514259336317702,39,1972.0,0.27022713453644276,35,1478.0,0.31617214098394386,43,2145.0,0.2672887540704248,168,8128.0
1240.0,-1.975000000000001,175,89.17999999999999,22.294999999999998,4.9856308818105175,52,2776.0,0.21471771162311443,40,2170.0,0.2690061336618069,38,1658.0,0.32255373813523847,45,2314.0,0.2527086998791899,175,8918.0
1245.0,-2.1925,178,97.95,24.4875,4.479394302405063,52,3036.0,0.16701545598159323,40,2370.0,0.24486852749166593,40,1850.0,0.2853920259106974,46,2539.0,0.20016692336742262,178,9795.0
1250.0,-2.232500000000001,181,106.88000000000001,26.720000000000002,3.5256211553313404,54,3303.0,0.1122125420149993,40,2562.0,0.17324106722154267,40,2050.0,0.22017363607453894,47,2773.0,0.15004589642537094,181,10688.0
1255.0,-2.334999999999999,197,116.22,29.055,2.9408965110160294,61,3593.0,0.1079222273776184,43,2770.0,0.15151004618460884,44,2246.0,0.12183773206452386,49,3013.0,0.11801995021183839,197,11622.0
1260.0,-2.5875000000000012,210,126.57,31.6425,2.3838599490574985,62,3903.0,0.09721811684788424,46,2991.0,0.09167692050132856,50,2492.0,0.07770724816481789,52,3271.0,0.09641540518363433,210,12657.0
1265.0,6.027500000000002,131,102.46,25.615,3.5922916419673827,42,3354.0,0.15983306751527,23,2179.0,0.1752411955994784,34,1988.0,0.14381645972654375,32,2725.0,0.15704994240093084,131,10246.0
1270.0,6.049999999999999,63,78.26,19.565,5.901870947821231,23,2826.0,0.3261225797822514,7,1473.0,0.3881015046513704,18,1368.0,0.3284838256561723,15,2159.0,0.33539462190667496,63,7826.0
1275.0,6.3775,32,52.75,13.1875,7.831931025220863,11,2114.0,0.4419996330487441,5,849.0,0.6078704835088545,10,867.0,0.5090736870529932,6,1445.0,0.5215766105173295,32,5275.0
1280.0,6.5025,34,26.74,6.685,9.251800674731257,9,1308.0,0.5998831238708708,6,184.0,0.6989640121626297,11,510.0,0.6096079759944775,8,672.0,0.6246489226821061,34,2674.0
1285.0,3.03,36,14.62,3.655,9.499103904768068,9,684.0,0.6343089344435106,7,121.0,0.6556805599451694,12,379.0,0.6284642353593065,8,278.0,0.6209057585464113,36,1462.0
1290.0,0.83,40,11.299999999999999,2.8249999999999997,9.408899455588399,10,440.0,0.6117804711355744,8,139.0,0.6694912149281974,13,340.0,0.6171550326896913,9,211.0,0.5998405624393544,40,1130.0
1295.0,-0.1225,45,11.790000000000001,2.9475000000000002,8.861361191848289,12,331.0,0.5205968841982493,9,181.0,0.6698358318334636,14,409.0,0.5321853780358043,10,258.0,0.458521208525097,45,1179.0
1300.0,-0.975,67,15.69,3.9225,7.423780538610091,18,418.0,0.30981469572186043,13,266.0,0.5475554669036249,22,558.0,0.38688584230786344,14,327.0,0.3673406987634037,67,1569.0
1305.0,-0.9874999999999999,88,19.64,4.91,5.887452177398356,24,526.0,0.20285985696638517,20,351.0,0.43107095473502716,27,686.0,0.302565980300342,17,401.0,0.26559381715957264,88,1964.0
1310.0,2.7375,47,8.69,2.1725,6.187157111711207,17,227.0,0.2983364929534444,11,167.0,0.4093360292103518,13,318.0,0.348444581553957,6,157.0,0.4382062845901539,47,869.0
1315.0,0.43499999999999994,58,6.95,1.7375,6.868406058882963,20,247.0,0.3249742546369968,16,150.0,0.35906919293177186,17,212.0,0.38711334303570116,5,86.0,0.6235855573254196,58,695.0
1320.0,-0.7224999999999999,68,9.84,2.46,7.093588574330401,21,340.0,0.3617859053118526,22,254.0,0.3609718958722004,19,286.0,0.4169407205616218,6,104.0,0.6792007217820205,68,984.0
1325.0,-0.8725,68,13.330000000000002,3.3325000000000005,7.455014084186346,21,445.0,0.39142564064858504,23,374.0,0.40189584014526736,18,371.0,0.418373491347091,6,143.0,0.6810742004874377,68,1333.0
1330.0,-0.7750000000000001,69,16.43,4.1075,7.210964179852071,22,537.0,0.3671782034635426,23,482.0,0.3629070904266762,18,461.0,0.39644388943041925,6,163.0,0.6593432307365731,69,1643.0
1335.0,-0.9174999999999999,75,20.099999999999998,5.0249999999999995,6.536289334956413,24,648.0,0.29395413927455266,25,602.0,0.28725747217713826,19,554.0,0.37209258121115163,7,206.0,0.5837403730250109,75,2010.0
1340.0,-0.9924999999999998,79,24.07,6.0175,5.383840280919718,24,768.0,0.2651270659337264,27,735.0,0.20971560014328233,19,649.0,0.2405473471071387,9,255.0,0.5407937075727851,79,2407.0
1345.0,-1.0274999999999999,88,28.180000000000003,7.045000000000001,4.677932446111543,26,892.0,0.2204697819295819,29,879.0,0.21699857779749215,21,753.0,0.2417670520206971,12,294.0,0.34398130749551536,88,2818.0
1350.0,-1.2100000000000004,104,33.02,8.255,3.9293890326236554,29,1031.0,0.18906190280842364,33,1034.0,0.18298720964583645,23,863.0,0.17236149512968996,19,374.0,0.2730452669584074,104,3302.0
1355.0,2.2575000000000003,52,23.990000000000002,5.9975000000000005,5.4559401761083945,15,793.0,0.27979493483609374,19,810.0,0.2979703635155818,9,596.0,0.3571270522706185,9,200.0,0.40648315395016893,52,2399.0
1360.0,1.3749999999999998,33,18.490000000000002,4.6225000000000005,6.939444568785546,10,651.0,0.3914586404917214,11,645.0,0.3186249937551789,3,416.0,0.48596064599855865,9,137.0,0.4809733851602246,33,1849.0
1365.0,1.3350000000000002,29,13.149999999999999,3.2874999999999996,8.46345841537851,8,452.0,0.5257176287718823,7,510.0,0.46699926082322946,4,195.0,0.6191436752223778,10,158.0,0.4985504008625918,29,1315.0
1370.0,0.9924999999999997,33,9.18,2.295,9.079883137490311,9,245.0,0.5626620565575868,8,375.0,0.5503135757662582,5,89.0,0.6418062721785229,11,209.0,0.5071367654733983,33,918.0
1375.0,0.25249999999999995,37,8.17,2.0425,9.041051106954749,10,196.0,0.5237437090825909,9,256.0,0.4829291297119804,6,99.0,0.5863577853032215,12,266.0,0.5141645901997351,37,817.0
1380.0,-0.29999999999999993,42,9.37,2.3425,8.551905126380891,12,248.0,0.43840595193094933,9,231.0,0.4458325027699138,7,130.0,0.5400404756975697,14,328.0,0.43944312537967267,42,937.0
1385.0,-0.4875,48,11.32,2.83,7.417509434750972,14,312.0,0.38747492675703626,10,253.0,0.3364559429607633,9,167.0,0.3542121335197698,15,400.0,0.4144460995197729,48,1132.0
1390.0,-0.7425,57,14.29,3.5725,5.836901452358477,15,384.0,0.2991559241694457,13,314.0,0.22671158724616897,11,218.0,0.30940799282309756,18,513.0,0.34216131040200254,57,1429.0
1395.0,-0.7899999999999999,69,17.45,4.3625,4.670860870888768,20,472.0,0.21821555087978547,15,382.0,0.20243108201150095,13,279.0,0.2579134349920007,21,612.0,0.26119519294655824,69,1745.0
1400.0,3.0249999999999995,12,5.35,1.3375,7.399851919663265,1,140.0,0.4606689035832007,2,94.0,0.5446324330789476,2,50.0,0.6494579817960171,7,251.0,0.46690254980066154,12,535.0
1405.0,0.8474999999999999,7,1.9600000000000002,0.49000000000000005,9.551737947156772,1,26.0,0.6713542559300556,2,32.0,0.7484655132114438,3,33.0,0.7588892513887366,1,105.0,0.6479084968840089,7,196.0
1410.0,0.09000000000000001,10,1.6,0.4,10.074327010263797,2,26.0,0.7241194149044244,3,46.0,0.7488992640218838,3,48.0,0.7021378298394938,2,40.0,0.7334347056448689,10,160.0
1415.0,-0.08499999999999999,11,1.9400000000000002,0.48500000000000004,10.78669416805832,2,36.0,0.8072429250316304,3,61.0,0.7943739606413314,4,67.0,0.7573029253898514,2,30.0,0.8179021408443644,11,194.0
1420.0,-0.1375,11,2.4899999999999998,0.6224999999999999,10.809257886239083,2,46.0,0.7715613740780152,3,76.0,0.757120850115426,4,87.0,0.7883270250092357,2,40.0,0.8139337272570766,11,249.0
1425.0,-0.19749999999999998,15,3.2800000000000002,0.8200000000000001,10.166990877219874,3,59.0,0.7423973772807957,4,95.0,0.694740791122498,5,123.0,0.7045129756262749,3,51.0,0.6876316697718597,15,328.0
1430.0,-0.19249999999999998,18,4.05,1.0125,9.048598963805537,2,69.0,0.6870563791845475,5,113.0,0.48133156402241956,5,148.0,0.6300543956951441,6,75.0,0.5521476750167433,18,405.0
1435.0,-0.26250000000000007,29,5.1,1.275,7.910327088011996,5,87.0,0.5842782273759362,8,147.0,0.4075401006478103,7,162.0,0.5548376078353103,9,114.0,0.4105242017207313,29,510.0
1440.0,-0.46249999999999997,45,6.949999999999999,1.7374999999999998,6.118487127999066,7,116.0,0.5064594121773298,11,195.0,0.29957360536408295,12,207.0,0.33855267477732415,15,177.0,0.28991825644816277,45,695.0
1445.0,1.31,19,1.71,0.4275,7.927406968286388,2,18.0,0.6152332142469149,2,21.0,0.6701598429119086,6,46.0,0.49023242382875176,9,86.0,0.4103570298149279,19,171.0
1450.0,-0.255,24,2.7299999999999995,0.6824999999999999,8.329702008165912,4,38.0,0.6432376988950077,3,29.0,0.6857352571949041,7,82.0,0.5089724924984513,10,124.0,0.4162631363053473,24,273.0
1455.0,-0.35250000000000004,32,4.14,1.035,7.7453934676360285,7,69.0,0.5817366488517489,5,46.0,0.6040323415407552,8,119.0,0.44792872807335293,12,180.0,0.40364312685050896,32,414.0
1460.0,-0.42,36,5.82,1.455,7.463180322712563,8,105.0,0.5914951268091566,6,72.0,0.58353533514895,9,163.0,0.3912080266504013,13,242.0,0.33266383821213485,36,582.0
1465.0,-0.45249999999999996,38,7.629999999999999,1.9074999999999998,7.192421714105019,8,141.0,0.551381817482994,6,102.0,0.5614950815571009,11,213.0,0.41147856741730005,13,307.0,0.3168338846768844,38,763.0
1470.0,-0.5050000000000001,42,9.65,2.4125,6.604077699152648,10,185.0,0.491193762755804,7,136.0,0.4999281981723962,11,268.0,0.43109298545566777,14,376.0,0.3357879108513058,42,965.0
1475.0,-0.5150000000000001,44,11.71,2.9275,5.4051492753374974,9,230.0,0.34144404603649786,9,179.0,0.389236646594273,11,314.0,0.2638998112013822,15,448.0,0.2580033474331406,44,1171.0
1480.0,-0.6224999999999998,53,14.200000000000001,3.5500000000000003,4.858900969128946,12,284.0,0.29034975574403,11,231.0,0.3543634277888326,14,379.0,0.2542212796231893,16,526.0,0.26886520688584703,53,1420.0
1485.0,-0.7175000000000001,60,17.07,4.2675,4.280189678791875,16,358.0,0.23124389912776688,13,291.0,0.3294478385309589,14,449.0,0.22918089179314838,17,609.0,0.25801885008251785,60,1707.0
1490.0,2.9475,5,5.28,1.32,7.7442736584853,1,89.0,0.5453309759870332,2,22.0,0.7186696580631525,1,162.0,0.4731265754670611,1,255.0,0.5628343669143687,5,528.0
1495.0,1.0274999999999999,6,1.17,0.2925,10.050820381748869,2,16.0,0.7813960765696077,2,32.0,0.7376805575261954,1,13.0,0.7010091210218515,1,56.0,0.8219298812680649,6,117.0
1500.0,0.0025000000000000022,10,1.16,0.29,10.464232867204863,3,26.0,0.7310930165633418,3,45.0,0.7305779753985725,2,20.0,0.7925537587770323,2,25.0,0.7963556708771505,10,116.0
1505.0,-0.1775,12,1.87,0.4675,11.018464721017647,3,41.0,0.7631113303843106,4,63.0,0.75098590634342,2,43.0,0.836661362011612,3,40.0,0.8036136195248778,12,187.0
1510.0,-0.135,12,2.41,0.6025,11.018938846929771,3,56.0,0.8037715009963893,4,83.0,0.7302105421407264,2,47.0,0.8618169449907094,3,55.0,0.7845007956760024,12,241.0
1515.0,-0.1425,15,2.9799999999999995,0.7449999999999999,10.805922235629433,4,72.0,0.7689175989191177,5,106.0,0.726227114406992,2,48.0,0.8536981048450087,4,72.0,0.7683370700153898,15,298.0
1520.0,-0.19000000000000003,17,3.74,0.935,9.980477783734058,4,90.0,0.7235613243720679,6,132.0,0.6271165043397958,3,60.0,0.7975449217975609,4,92.0,0.7204253834244789,17,374.0
1525.0,-0.2899999999999999,29,4.8999999999999995,1.2249999999999999,9.177752705316838,7,117.0,0.670499821121669,8,167.0,0.6221361596526487,6,84.0,0.6368774582478807,8,122.0,0.6667458980562333,29,490.0
1530.0,-0.4600000000000001,42,6.74,1.685,7.687912339812823,9,157.0,0.5634095878148038,10,214.0,0.5344765748756852,11,133.0,0.5341493452116688,12,170.0,0.5153726641619332,42,674.0
1535.0,1.28,18,1.6199999999999999,0.40499999999999997,8.79184229638607,4,35.0,0.6423960546259503,4,35.0,0.6869354953086855,6,62.0,0.6689396249489253,4,30.0,0.6363301452025157,18,162.0
1540.0,-0.265,24,2.6799999999999997,0.6699999999999999,9.490116009996328,6,62.0,0.7145755523273594,5,59.0,0.7752025602901409,7,94.0,0.6443290689381179,6,53.0,0.6898916955445028,24,268.0
1545.0,-0.3275,26,3.99,0.9975,9.613624299710095,6,93.0,0.7337256831540823,5,84.0,0.7879115325017625,9,139.0,0.6482804195503514,6,83.0,0.7047799450316261,26,399.0
1550.0,-0.36250000000000004,30,5.4399999999999995,1.3599999999999999,9.753437104201549,7,127.0,0.7399700558973156,6,112.0,0.7678992086961371,10,187.0,0.6838003136910483,7,118.0,0.7337344924673163,30,544.0
1555.0,-0.39749999999999996,33,7.03,1.7575,9.882233120348086,8,167.0,0.7091748704884314,7,144.0,0.7707596601067603,10,237.0,0.6809092947055261,8,155.0,0.7195033497261693,33,703.0
1560.0,-0.43250000000000005,38,8.76,2.19,9.688555638646093,9,208.0,0.725184808920426,8,178.0,0.740469006671018,13,297.0,0.6684728205220107,8,193.0,0.7254188420658892,38,876.0
1565.0,-0.4949999999999999,42,10.74,2.685,9.10816221821822,9,253.0,0.6873015146791851,9,221.0,0.6797952285546336,13,361.0,0.6276425514943027,11,239.0,0.6661022319939598,42,1074.0
1570.0,-0.7600000000000001,60,13.780000000000001,3.4450000000000003,8.025873848481012,14,312.0,0.5464961667898615,14,292.0,0.5235422818601095,17,469.0,0.5530939958679575,15,305.0,0.6051890652791462,60,1378.0
1575.0,-0.9374999999999999,88,17.53,4.3825,6.5517170264190305,21,400.0,0.4454235677849847,25,393.0,0.420670083343615,25,576.0,0.4407241891241382,17,384.0,0.4750996804147591,88,1753.0
1580.0,2.42,57,7.8500000000000005,1.9625000000000001,6.933144149903469,13,189.0,0.44307830593832515,16,225.0,0.4950570941616946,15,243.0,0.4847508305910134,13,128.0,0.47852605790146147,57,785.0
1585.0,0.06000000000000005,76,7.609999999999999,1.9024999999999999,7.404524201392841,20,182.0,0.44117606695595873,21,236.0,0.5020676249452978,18,192.0,0.5106253843136725,17,151.0,0.5143121214939895,76,761.0
1590.0,-1.015,99,11.67,2.9175,6.784040499129763,25,287.0,0.43996059588099057,26,326.0,0.43843579860807225,27,301.0,0.4187102981518129,21,253.0,0.46410946443553525,99,1167.0
1595.0,-1.3675000000000002,113,17.14,4.285,6.496995606721833,25,412.0,0.4222501296181389,30,478.0,0.40590648640657495,29,442.0,0.41403214249950515,29,382.0,0.4106407242783309,113,1714.0
1600.0,-1.5225,126,23.229999999999997,5.807499999999999,6.278157078164439,29,552.0,0.41087510982580266,34,640.0,0.4002275790237327,32,598.0,0.38080962247572,31,533.0,0.4067573800592998,126,2323.0
1605.0,-1.6675,142,29.9,7.475,5.365098826753294,34,714.0,0.3472832882721014,37,807.0,0.35084076326573166,36,770.0,0.31902971345564507,35,699.0,0.3301005302029464,142,2990.0
1610.0,-1.88,158,37.42,9.355,4.5326456751119295,38,894.0,0.29135176884506014,41,1000.0,0.30327656660443525,39,957.0,0.26000914137721454,40,891.0,0.2741670484787508,158,3742.0
1615.0,-2.1300000000000003,181,45.94,11.485,3.981789307028703,43,1098.0,0.2735435161826524,49,1225.0,0.23125909688570556,44,1166.0,0.2445150701879591,45,1105.0,0.22857667646121982,181,4594.0
1620.0,-2.4149999999999996,200,55.6,13.9,3.3166317053428442,47,1330.0,0.21289515694238803,54,1485.0,0.19634020631075977,47,1392.0,0.2108850751923641,52,1353.0,0.18857240720346768,200,5560.0
1625.0,2.5800000000000005,126,45.279999999999994,11.319999999999999,4.20390288370271,34,1118.0,0.24761768894111136,33,1212.0,0.23128921528266994,25,1054.0,0.3036807597518214,34,1144.0,0.2354679949505961,126,4528.0
1630.0,2.299999999999999,98,36.08,9.02,5.694429732609803,27,915.0,0.3547507017613762,23,933.0,0.3283974584635861,21,805.0,0.39413272466986665,27,955.0,0.3380166679681728,98,3608.0
1635.0,2.0275000000000003,79,27.97,6.9925,6.6507503072521335,22,776.0,0.4364224794686334,20,698.0,0.43507108622728297,16,544.0,0.4462784864437589,21,779.0,0.4377067259013607,79,2797.0
1640.0,1.0575,58,23.740000000000002,5.9350000000000005,7.690848102366522,18,705.0,0.5191689375714225,15,532.0,0.503467493808632,10,439.0,0.5650323444529729,15,698.0,0.5328625894856074,58,2374.0
1645.0,0.655,43,21.12,5.28,8.461879983606213,14,642.0,0.5638716941321787,11,473.0,0.5848609251457629,7,338.0,0.6581320223437054,11,659.0,0.5835936494257409,43,2112.0
1650.0,0.545,39,18.939999999999998,4.734999999999999,8.842518378804852,9,594.0,0.62291204712764,11,446.0,0.6366185857578962,8,269.0,0.6967135050591248,11,585.0,0.6061474345225446,39,1894.0
1655.0,0.14500000000000002,51,18.36,4.59,8.676854835034922,12,533.0,0.6357107534741322,15,468.0,0.6313742627403023,11,269.0,0.6866137834896427,13,566.0,0.5791868105279983,51,1836.0
1660.0,-0.8725,74,21.849999999999998,5.4624999999999995,7.359522125058477,17,607.0,0.5336730372367616,19,556.0,0.4790858047117577,19,361.0,0.5156146405787725,19,661.0,0.5014515281150128,74,2185.0
1665.0,-1.2650000000000001,125,26.909999999999997,6.727499999999999,6.035615672436405,30,736.0,0.3971859769014451,33,680.0,0.4327196300867156,31,485.0,0.39856796266745825,31,790.0,0.38688004867899345,125,2691.0
1670.0,2.2199999999999998,115,18.03,4.5075,5.490656874231635,29,508.0,0.3130746425512763,30,433.0,0.3697976105590627,29,322.0,0.3512567178972108,27,540.0,0.37062574191523795,115,1803.0
1675.0,-0.61,155,20.470000000000002,5.117500000000001,5.3662299183992985,39,619.0,0.3025327555031585,39,463.0,0.31920059958628144,41,428.0,0.33481703065611446,36,537.0,0.3570525297535863,155,2047.0
1680.0,-2.1674999999999995,189,29.14,7.285,5.1427679475794505,51,843.0,0.2695625365438916,45,675.0,0.34641303637523163,46,646.0,0.3356834689327912,47,750.0,0.2998420581317511,189,2914.0
1685.0,-2.5125,207,39.19,9.7975,5.0284477629128395,58,1120.0,0.26639978457116176,49,910.0,0.2990458041699977,49,883.0,0.3170100380979011,51,1006.0,0.3065022863721495,207,3919.0
1690.0,-2.7350000000000003,221,50.13,12.5325,4.910223870236591,62,1422.0,0.2656083324220862,52,1179.0,0.2733358095035798,53,1138.0,0.30329487470474176,54,1274.0,0.2680615865852927,221,5013.0
1695.0,-2.8099999999999996,237,61.37,15.3425,4.301888532981433,64,1723.0,0.21335580093724876,56,1454.0,0.25384682026173294,56,1411.0,0.2629461858972365,61,1549.0,0.2035348485403012,237,6137.0
1700.0,-3.0674999999999994,257,73.63999999999999,18.409999999999997,3.6095372694417445,70,2059.0,0.15140530642709965,62,1738.0,0.21229832408871369,60,1702.0,0.2005674180723131,65,1865.0,0.18392092300368856,257,7364.0
1705.0,-3.387500000000001,283,87.19,21.7975,2.807307789229341,79,2437.0,0.12320504477116667,68,2062.0,0.15475721816389304,67,2018.0,0.15846811707024866,69,2202.0,0.15375946919840294,283,8719.0
1710.0,-3.749999999999999,309,102.19,25.5475,2.186281229658442,85,2849.0,0.11029967103979962,76,2431.0,0.12007058335863742,72,2370.0,0.13750182488930646,76,2569.0,0.12137606583885872,309,10219.0
1715.0,2.567499999999999,227,91.92000000000002,22.980000000000004,3.021721853266731,61,2566.0,0.15504717199242593,56,2162.0,0.17254667188040104,52,2093.0,0.18915721155834953,58,2371.0,0.16261304784175162,227,9192.0
1720.0,2.352500000000001,170,82.50999999999999,20.627499999999998,4.102129720781486,48,2370.0,0.230232284932807,41,1863.0,0.2415363497841605,37,1893.0,0.2687507773668593,44,2125.0,0.2531322345862363,170,8251.0
1725.0,2.6824999999999988,154,71.78,17.945,5.391602475914192,44,2107.0,0.3080554752714311,37,1667.0,0.36261771850925784,36,1547.0,0.32770042292020846,37,1857.0,0.36369551481193046,154,7178.0
1730.0,2.905000000000001,128,60.16,15.04,6.463682798239607,39,1865.0,0.36008180245135846,27,1351.0,0.42879462507495897,30,1302.0,0.41018403360804345,32,1498.0,0.42835541727307114,128,6016.0
1735.0,1.4249999999999998,109,54.46,13.615,7.082617308608526,36,1709.0,0.38637925531330297,24,1234.0,0.449835440106657,26,1193.0,0.44851172610233664,23,1310.0,0.49116041550743733,109,5446.0
1740.0,1.2124999999999995,89,49.61,12.4025,7.4341625656562815,30,1664.0,0.43980717344173564,24,1139.0,0.49727079100423405,17,993.0,0.5082077262651052,18,1165.0,0.4894332168576358,89,4961.0
1745.0,0.35749999999999993,81,48.18,12.045,7.394021342315547,29,1614.0,0.45754800018154435,20,1123.0,0.500086925330295,11,898.0,0.5370078515225098,21,1183.0,0.473810599592114,81,4818.0
1750.0,-0.8050000000000002,96,51.400000000000006,12.850000000000001,6.705884864763074,25,1653.0,0.42960950388016145,28,1178.0,0.41759594132270517,19,1021.0,0.5012312769674963,24,1288.0,0.4061249339484801,96,5140.0
1755.0,-1.3324999999999987,133,56.73,14.1825,5.922798402226161,33,1740.0,0.38793399813599794,39,1343.0,0.3366062564432771,28,1136.0,0.4275142864052118,33,1454.0,0.3528415942720313,133,5673.0
1760.0,2.4449999999999994,119,46.949999999999996,11.737499999999999,5.197219967728383,29,1484.0,0.34278956656831727,34,1104.0,0.30079095716709925,28,892.0,0.34337568014252123,28,1215.0,0.32728295239647,119,4695.0
1765.0,-0.30000000000000027,163,48.150000000000006,12.037500000000001,5.0425038476108,41,1541.0,0.2989872722465447,44,1101.0,0.28199805523278154,38,898.0,0.342807924654843,40,1275.0,0.28973722686523323,163,4815.0
1770.0,-2.1575,208,56.78,14.195,4.421048631840411,56,1780.0,0.21591215172990505,56,1298.0,0.2539515163096596,46,1100.0,0.27890722182427796,50,1500.0,0.24139992230177978,208,5678.0
1775.0,-2.792499999999999,238,67.95,16.9875,4.218073899937974,62,2072.0,0.1922743560819349,62,1586.0,0.2368855312137884,55,1356.0,0.23517407613585778,59,1781.0,0.2212260119550265,238,6795.0
1780.0,-3.15,264,80.55,20.1375,4.0104314326242125,67,2391.0,0.17993139847619918,68,1913.0,0.23458865161053713,64,1656.0,0.2076378347413926,65,2095.0,0.20126354293394377,264,8055.0
1785.0,-3.522500000000001,293,94.64,23.66,3.4174697641913885,75,2735.0,0.14888216469275709,76,2296.0,0.1951184362714663,68,1988.0,0.15867689174075086,74,2445.0,0.15477201001369525,293,9464.0
1790.0,-3.807500000000001,317,109.87,27.4675,2.8123512517633995,82,3130.0,0.11458420671010591,80,2667.0,0.15918181677507307,75,2351.0,0.10520632260457814,80,2839.0,0.11771055395048431,317,10987.0
1795.0,-4.2225,341,126.75999999999999,31.689999999999998,2.435230697063345,87,3559.0,0.1150350216202923,87,3111.0,0.14286421526052487,80,2743.0,0.11876887841911313,87,3263.0,0.1158972345570695,341,12676.0
1800.0,-4.339999999999997,361,144.12,36.03,1.8535032914519476,92,4007.0,0.08206293180164706,92,3537.0,0.11252297699438044,85,3152.0,0.09782290430066885,92,3716.0,0.0983229218953052,361,14412.0
1805.0,3.504999999999999,278,130.10000000000002,32.525000000000006,2.415070043304639,70,3631.0,0.10506410468255382,72,3143.0,0.12230454616266234,65,2820.0,0.1352409999489698,71,3416.0,0.13742550243104026,278,13010.0
1810.0,2.3075,225,120.86999999999999,30.217499999999998,3.509246194997165,58,3383.0,0.17568846258173662,58,2894.0,0.20866516148560557,50,2602.0,0.22405917913457546,59,3208.0,0.1990683887412385,225,12087.0
1815.0,3.674999999999999,200,106.16999999999999,26.542499999999997,4.560562242055875,53,2992.0,0.2440124955228043,47,2613.0,0.2878536399447563,47,2193.0,0.27080809150094215,53,2819.0,0.2720463115165038,200,10617.0
1820.0,2.8675000000000015,180,94.69999999999999,23.674999999999997,5.587827873919046,47,2599.0,0.3075905918454404,43,2247.0,0.3663488613376064,40,1999.0,0.33863869987129114,50,2625.0,0.31593000919729763,180,9470.0
1825.0,1.9849999999999994,158,86.75999999999999,21.689999999999998,6.334284422210382,42,2370.0,0.39089845784992727,40,2082.0,0.39573735919922487,34,1847.0,0.39497550091489325,42,2377.0,0.36041907182761534,158,8676.0
1830.0,1.3500000000000005,125,81.35999999999999,20.339999999999996,6.703434074555749,35,2190.0,0.4039362405876711,35,1983.0,0.41818003744034493,30,1795.0,0.4321520007986381,25,2168.0,0.42272007955204755,125,8136.0
1835.0,0.6549999999999994,105,78.74000000000001,19.685000000000002,6.62651582074016,28,2083.0,0.43384286344374995,29,1995.0,0.4072199314208244,24,1721.0,0.4531910517445002,24,2075.0,0.4002924364703443,105,7874.0
1840.0,-0.8025000000000002,100,81.95,20.4875,6.223915485936444,27,2184.0,0.3858632517617608,28,2056.0,0.34351029189429066,20,1767.0,0.4566846920101672,25,2188.0,0.37930854649830675,100,8195.0
1845.0,-1.295,122,87.13,21.7825,5.456844719918038,31,2330.0,0.3460311636046988,30,2111.0,0.30244791563066536,28,1920.0,0.37076245113010453,33,2352.0,0.3210079338481554,122,8713.0
1850.0,1.665,122,80.47,20.1175,5.276569217806195,31,2121.0,0.33342706418608303,30,1983.0,0.2922147932165633,30,1795.0,0.36281288836423037,31,2148.0,0.3307726218245225,122,8047.0
1855.0,-0.8350000000000009,169,83.81,20.9525,4.694711798895337,42,2214.0,0.29391575733600517,45,2053.0,0.2372223491377043,41,1876.0,0.2845663587771909,41,2238.0,0.3029751389833477,169,8381.0
1860.0,-2.4750000000000005,219,93.71000000000001,23.427500000000002,4.118127862632231,54,2460.0,0.2406297248515672,59,2316.0,0.24116150259860275,54,2119.0,0.24419166999290645,52,2476.0,0.25641625551347363,219,9371.0
1865.0,-2.982499999999998,249,105.64,26.41,3.5741520964329667,60,2750.0,0.20113447096245085,65,2629.0,0.20599615203062713,65,2427.0,0.19441091192537177,59,2758.0,0.1881538816809797,249,10564.0
1870.0,-3.2600000000000007,278,118.68,29.67,3.376682747550589,66,3068.0,0.18625102885606742,75,2986.0,0.1936731318015073,71,2736.0,0.18551544082981214,66,3078.0,0.1798165991371396,278,11868.0
1875.0,-3.737499999999999,313,133.63,33.4075,2.8707225291940897,75,3422.0,0.13611264469417775,85,3396.0,0.1523507726042845,79,3115.0,0.14175025792106558,74,3430.0,0.16748558553174392,313,13363.0
1880.0,-4.127500000000001,340,150.14,37.535,2.244898499746623,80,3817.0,0.11755548174022012,92,3847.0,0.13575076788726284,85,3528.0,0.1098061641602672,83,3822.0,0.09066069377136952,340,15014.0
1885.0,-4.4475,366,167.93,41.9825,1.9104798886591932,84,4231.0,0.12030205136638518,103,4337.0,0.08784036860556378,90,3969.0,0.08859823326470194,89,4256.0,0.08751969300832582,366,16793.0
1890.0,-4.7425,386,186.89999999999998,46.724999999999994,1.5282505633497125,87,4659.0,0.08016859073608991,110,4876.0,0.07856779733768074,98,4448.0,0.06885046750768474,91,4707.0,0.09341710325084415,386,18690.0
1895.0,4.174999999999999,299,170.2,42.55,2.2839614192984112,67,4155.0,0.12217001143882798,89,4545.0,0.10307634160293373,74,4114.0,0.11567159896846473,69,4206.0,0.129663316721884,299,17020.0
1900.0,2.852500000000001,242,158.79,39.6975,3.1424956959713053,51,3830.0,0.20273677197322218,74,4365.0,0.15779452761793186,61,3877.0,0.14658346876704104,56,3807.0,0.20440627319013538,242,15879.0
1905.0,3.8149999999999995,223,143.53,35.8825,4.2819572429450155,48,3369.0,0.2890995141816997,64,3988.0,0.2329116335917896,60,3590.0,0.21761706094684566,51,3406.0,0.28110943717031067,223,14353.0
1910.0,4.217500000000001,205,126.66,31.665,5.253430595193576,46,2908.0,0.3182728667827021,58,3643.0,0.3048933336270222,54,3168.0,0.3013525505550658,47,2947.0,0.3063203851632993,205,12666.0
1915.0,3.232499999999999,151,113.73,28.4325,6.1024013706231255,38,2709.0,0.36153100738284055,42,3275.0,0.36761356740296636,34,2876.0,0.37897087349985037,37,2513.0,0.34463661587897226,151,11373.0
1920.0,2.8999999999999995,118,102.13,25.5325,6.535941440924517,29,2357.0,0.4216014772697944,36,2995.0,0.3598981348652797,28,2526.0,0.4367847161333486,25,2335.0,0.4007506079034272,118,10213.0
1925.0,1.2775000000000007,106,97.02,24.255,6.475945578755542,21,2133.0,0.4297326172829648,35,2871.0,0.36083536118977194,26,2500.0,0.4374868800743557,24,2198.0,0.39118098567916665,106,9702.0
1930.0,-0.5575000000000001,106,99.25,24.8125,5.909682673055803,24,2178.0,0.3620893386288106,35,2958.0,0.2907111141992682,24,2546.0,0.3971966538697173,23,2243.0,0.37919701407507345,106,9925.0
1935.0,-1.299999999999999,120,104.45,26.1125,5.460910403641079,30,2315.0,0.34475648732112224,35,3115.0,0.2737530680571194,30,2620.0,0.33372888290269176,25,2395.0,0.3570427855615934,120,10445.0
1940.0,2.362499999999999,111,95.0,23.75,5.211306198667625,31,2164.0,0.33655110461727344,27,2789.0,0.2644333442182448,28,2381.0,0.31915355745397306,25,2166.0,0.35054145976152423,111,9500.0
1945.0,-0.40499999999999936,159,96.62,24.155,4.916098394279779,43,2270.0,0.2928220874715915,38,2729.0,0.2808115811249787,42,2434.0,0.2930783307097715,36,2229.0,0.2817405473475876,159,9662.0
1950.0,-2.0600000000000014,199,104.86000000000001,26.215000000000003,4.342997990127113,53,2510.0,0.21139006285747106,46,2857.0,0.25639996429183404,51,2673.0,0.23863504846995642,49,2446.0,0.2631598134817953,199,10486.0
1955.0,-2.6875,233,115.61000000000001,28.902500000000003,3.972183339118778,60,2801.0,0.18399635740261872,55,3117.0,0.22693805786528654,61,2928.0,0.170117447100913,57,2715.0,0.21743678392803806,233,11561.0
1960.0,-3.0774999999999997,258,127.92000000000002,31.980000000000004,3.6689856584418092,67,3115.0,0.1664122491876218,61,3409.0,0.20734788434535104,68,3253.0,0.15346619825459862,62,3015.0,0.1973677343733527,258,12792.0
1965.0,-3.4574999999999996,292,141.75,35.4375,3.175860798759388,75,3473.0,0.1384867700820431,69,3738.0,0.1753803926806721,76,3619.0,0.12476983442478005,72,3345.0,0.14089816401708063,292,14175.0
1970.0,-3.885,326,157.29,39.3225,2.6290048829096184,82,3869.0,0.13247496950554138,79,4109.0,0.12459433536916036,86,4022.0,0.0756885588728427,79,3729.0,0.11580738376598709,326,15729.0
1975.0,-4.2075,347,174.12,43.53,2.2800638301647473,86,4290.0,0.12705358602013048,87,4525.0,0.1265972778426841,91,4464.0,0.07588486333160517,83,4133.0,0.11474905462294364,347,17412.0
1980.0,-4.527500000000002,372,192.23000000000002,48.057500000000005,1.7911401712570159,91,4735.0,0.09900185174159713,98,4998.0,0.10939032545809155,96,4934.0,0.04482656873417826,87,4556.0,0.09861455163542228,372,19223.0
1985.0,5.227500000000001,286,171.32,42.83,2.333465836274038,69,4174.0,0.12335660967635426,78,4467.0,0.10309887238035792,76,4469.0,0.09151140969741968,63,4022.0,0.1396925657475665,286,17132.0
1990.0,3.5425000000000004,227,157.14999999999998,39.287499999999994,3.3970650520630574,55,3729.0,0.19688168500974085,58,4303.0,0.17316185492638395,65,4064.0,0.17457308004187636,49,3619.0,0.2228509488955208,227,15715.0
1995.0,4.367499999999999,218,139.68,34.92,4.342496222202878,51,3328.0,0.2633318275706747,57,3878.0,0.23242134815726773,63,3703.0,0.23229596371451444,47,3059.0,0.27443602911087517,218,13968.0
2000.0,3.5625000000000018,198,125.42999999999999,31.357499999999998,5.147611224229022,47,2909.0,0.3087525929970685,55,3576.0,0.2731293091030355,54,3466.0,0.28277752434314746,42,2592.0,0.3207201297448411,198,12543.0
2005.0,2.4799999999999986,153,115.51,28.8775,6.0498966710465005,36,2504.0,0.3594835237403029,50,3478.0,0.30933997632155497,35,3180.0,0.36987019043078934,32,2389.0,0.3827296286824133,153,11551.0
2010.0,2.8599999999999994,129,104.07,26.0175,6.48399185848798,30,2277.0,0.39805026024418433,42,3067.0,0.37413456316311283,28,2835.0,0.42710140639612726,29,2228.0,0.42788122627774355,129,10407.0
2015.0,1.8224999999999998,105,96.78,24.195,6.500374694495847,27,2087.0,0.41852467866101156,32,3042.0,0.39311646034173436,23,2655.0,0.4302061186819192,23,1894.0,0.4501096752990712,105,9678.0
2020.0,-0.5149999999999988,105,98.83999999999999,24.709999999999997,5.9373841440419195,27,2092.0,0.3686569061383695,29,3077.0,0.35515496327245,24,2763.0,0.3676274146600848,25,1952.0,0.3963690090856126,105,9884.0
2025.0,-0.9375000000000009,118,102.59,25.6475,5.034827516882552,28,2226.0,0.3251712212242942,31,3116.0,0.31941342654568794,27,2821.0,0.3033201761861011,32,2096.0,0.34699481340995303,118,10259.0
2030.0,1.807500000000001,118,95.35999999999999,23.839999999999996,4.760530540434447,28,2034.0,0.2936733167608469,30,2849.0,0.30991686460149254,33,2743.0,0.27950859214606877,27,1910.0,0.332967503269983,118,9536.0
2035.0,-0.9249999999999998,168,99.06,24.765,4.358239920816979,39,2091.0,0.24806578300757479,45,2912.0,0.24724794545606452,44,2897.0,0.2093626094829848,40,2006.0,0.28931768349364256,168,9906.0
2040.0,-2.3850000000000007,214,108.6,27.15,3.9504836528915948,52,2294.0,0.19756644827151695,57,3174.0,0.20432626790810246,56,3160.0,0.18004986406468046,49,2232.0,0.2414385229238779,214,10860.0
2045.0,-2.839999999999999,248,119.96,29.99,3.3482848875522673,58,2570.0,0.1474096589548775,66,3487.0,0.15525283838400478,66,3436.0,0.13250531424727605,58,2503.0,0.18651670546241794,248,11996.0
2050.0,-3.352500000000002,275,133.37,33.3425,3.0457119356348876,65,2887.0,0.12443444927941355,74,3856.0,0.12717699882221478,72,3785.0,0.11069584700525431,64,2809.0,0.1702721076382198,275,13337.0
2055.0,-3.639999999999999,303,147.93,36.9825,2.4626618405934817,72,3235.0,0.09360525733971796,81,4243.0,0.08325650836660094,79,4168.0,0.0989915452850172,71,3147.0,0.10010103405645533,303,14793.0
2060.0,-3.99,335,163.89000000000001,40.972500000000004,1.9197188576733835,79,3615.0,0.0472246672049459,89,4654.0,0.05142974225119565,87,4592.0,0.08344241790714087,80,3528.0,0.08331035702696146,335,16389.0
2065.0,-4.425000000000001,366,181.59,45.3975,1.3874767089485738,87,4034.0,0.048569601459302614,96,5120.0,0.03565584045623183,96,5054.0,0.028364901596750258,87,3951.0,0.06197864187775367,366,18159.0
2070.0,-4.744999999999999,389,200.57,50.1425,0.839937069190323,93,4490.0,0.037299512842893415,101,5610.0,0.009681707243352385,101,5553.0,0.014043444431901567,94,4404.0,0.026117666225396356,389,20057.0
2075.0,4.68,294,181.85,45.4625,1.665422731131189,69,3968.0,0.0684322783418421,75,5075.0,0.045075191106127,78,5089.0,0.05162388026507297,72,4053.0,0.06161168142650515,294,18185.0
2080.0,3.6175000000000015,224,167.38,41.845,2.8248720877260993,56,3705.0,0.13585800267184023,54,4611.0,0.11754054814118327,57,4753.0,0.14402135025115045,57,3669.0,0.1466466089515537,224,16738.0
2085.0,4.912499999999999,190,147.73,36.9325,4.258075887226072,51,3250.0,0.1974596482826208,43,4175.0,0.20928185410342337,46,4197.0,0.25425106584269064,50,3151.0,0.24001207690914544,190,14773.0
2090.0,4.345000000000001,158,130.35,32.5875,5.497184284494888,43,2802.0,0.26946602194842284,38,3680.0,0.2896804683183133,35,3846.0,0.3433602462891414,42,2707.0,0.30258586592427256,158,13035.0
2095.0,3.8099999999999987,115,115.11,28.7775,6.444088451735043,35,2570.0,0.33876190061730843,27,3249.0,0.3762073199850032,21,3209.0,0.39339858454041116,32,2483.0,0.3871730509576074,115,11511.0
2100.0,3.91,76,99.47000000000001,24.867500000000003,7.26498737583571,18,2230.0,0.4317140057817132,16,2762.0,0.4672525205058276,16,2754.0,0.45806581122588386,26,2201.0,0.4470368148409183,76,9947.0
2105.0,2.0875000000000004,47,91.12,22.78,7.473492554572831,11,2077.0,0.5195074576601841,11,2488.0,0.5051210229693706,14,2521.0,0.44597869886534364,11,2026.0,0.4938879695542887,47,9112.0
2110.0,0.1974999999999998,46,90.33000000000001,22.582500000000003,6.788406667643617,8,2039.0,0.4633224561070252,10,2498.0,0.4665558287817169,15,2521.0,0.3672740139537357,13,1975.0,0.4311427508136578,46,9033.0
2115.0,-0.7899999999999991,80,93.49,23.3725,6.021895636965904,17,2134.0,0.3605810519060186,18,2608.0,0.413770733016613,25,2563.0,0.35070688012889817,20,2044.0,0.3702300943004846,80,9349.0
2120.0,-0.5000000000000009,116,95.49000000000001,23.872500000000002,4.79379461270333,29,2194.0,0.25939426079475775,27,2691.0,0.2858680923122462,34,2589.0,0.2596333700040756,26,2075.0,0.30215429273643113,116,9549.0
2125.0,-1.5549999999999997,162,101.71000000000001,25.427500000000002,3.4106695222961227,40,2362.0,0.14574044810917366,39,2836.0,0.14491421391067463,44,2744.0,0.14012685270274453,39,2229.0,0.16618072023177635,162,10171.0
2130.0,-2.3225,204,111.0,27.75,2.320894281736012,50,2579.0,0.07998572037212051,52,3073.0,0.09235658298747196,52,2989.0,0.07902743319461071,50,2459.0,0.0674524791627371,204,11100.0
2135.0,-2.6825,231,121.73,30.4325,1.838911545840776,58,2854.0,0.04459036248794341,57,3345.0,0.046073201352405065,58,3269.0,0.044515855997389046,58,2705.0,0.02583840177606284,231,12173.0
2140.0,-2.9924999999999997,251,133.7,33.425,1.6930167838788734,65,3166.0,0.00027852086020906737,61,3646.0,0.015432754609977133,62,3575.0,0.028749929089000335,63,2983.0,0.0004145673950435742,251,13370.0
2145.0,-3.160000000000001,254,146.34,36.585,1.235239298603965,65,3491.0,7.485986651298018e-06,62,3952.0,9.797839442337593e-05,62,3885.0,0.017820524740823906,65,3306.0,3.975345279892947e-05,254,14634.0
2150.0,-3.1849999999999987,256,159.08,39.77,0.8728415182452709,65,3816.0,4.770528359269083e-07,62,4262.0,0.0,64,4199.0,1.5410139005011555e-05,65,3631.0,1.7832962106412186e-07,256,15908.0
2155.0,-3.1999999999999993,256,171.88,42.97,0.6979789402821136,65,4141.0,2.957864832462875e-07,62,4572.0,0.0,64,4519.0,0.0,65,3956.0,0.0,256,17188.0
2160.0,-3.200000000000001,256,184.68,46.17,0.4230235318879026,65,4466.0,0.0,62,4882.0,0.0,64,4839.0,0.0,65,4281.0,0.0,256,18468.0
2165.0,6.832500000000001,158,157.35,39.3375,1.705881199004301,42,3730.0,0.06828284933080295,36,4041.0,0.09913402218759886,39,4214.0,0.0688671954063094,41,3750.0,0.0649145872499358,158,15735.0
2170.0,5.424999999999999,82,135.65,33.9125,4.264878415265157,23,3316.0,0.20718683424522358,17,3473.0,0.24873756728191565,20,3502.0,0.2080222679644934,22,3274.0,0.2315194797331325,82,13565.0
2175.0,6.5675,58,109.38,27.345,6.637117917381849,14,2617.0,0.3643452438988872,12,2799.0,0.4045240607650413,15,2781.0,0.4087214682314854,17,2741.0,0.37882978866446904,58,10938.0
2180.0,6.122499999999999,25,84.89,21.2225,8.196362965394702,5,2094.0,0.4972989026557424,5,2117.0,0.5465067983125721,7,2080.0,0.5201638490430049,8,2198.0,0.4852334383671146,25,8489.0
2185.0,4.175000000000001,11,68.19,17.0475,9.699770576729904,0,1623.0,0.6208061937963861,3,1732.0,0.7058140745864435,4,1571.0,0.6966996115505523,4,1893.0,0.619265879660865,11,6819.0
2190.0,4.540000000000001,8,50.03,12.5075,10.11212723354333,0,1195.0,0.7453550235779483,1,1093.0,0.7449372820096645,4,1243.0,0.7427353592020423,3,1472.0,0.6827207368351245,8,5003.0
2195.0,2.9675,16,38.16,9.54,9.40498388571002,0,880.0,0.7105673432503521,6,856.0,0.6367042994418659,5,926.0,0.6829416993390428,5,1154.0,0.594411676194697,16,3816.0
2200.0,0.4824999999999997,33,36.23,9.0575,7.956336870871316,5,892.0,0.5042830448560194,9,646.0,0.5424110388939071,9,938.0,0.5152570931496737,10,1147.0,0.4578930568880511,33,3623.0
2205.0,-0.22999999999999998,65,37.150000000000006,9.287500000000001,6.368618340242773,16,948.0,0.31638013495704936,15,661.0,0.420803593357188,18,890.0,0.402842537430488,16,1216.0,0.37950542632990847,65,3715.0
2210.0,-0.5974999999999995,81,39.54,9.885,5.326997449430188,22,1032.0,0.16537087035357736,16,700.0,0.3687119657923994,21,960.0,0.3004291484567271,22,1262.0,0.30618351825725093,81,3954.0
2215.0,-1.1650000000000003,100,44.2,11.05,4.170988524756145,25,1152.0,0.07478815304794782,20,788.0,0.19620378341327482,26,1081.0,0.24091097901880598,29,1399.0,0.2030222186232853,100,4420.0
2220.0,-1.3500000000000003,112,49.6,12.4,3.3328145643514224,29,1290.0,0.031468081046327916,23,897.0,0.11433064561725252,27,1215.0,0.16757062835606748,33,1558.0,0.13256507220381547,112,4960.0
2225.0,-1.2549999999999994,117,54.620000000000005,13.655000000000001,2.8805585194083507,29,1435.0,0.0326628446708721,24,986.0,0.06028346671936572,29,1329.0,0.11045918301245089,35,1712.0,0.08975126879599128,117,5462.0
2230.0,-1.3825000000000003,117,60.15,15.0375,2.721960127843526,29,1580.0,0.08544984790987786,24,1075.0,0.0,29,1474.0,0.08582869065051893,35,1886.0,0.06707260053496404,117,6015.0
2235.0,-1.4749999999999992,120,66.05,16.5125,1.7132326653518382,29,1725.0,0.06323697129696747,24,1195.0,0.0,31,1622.0,0.056658523717796005,36,2063.0,0.05049341857481944,120,6605.0
2240.0,-1.5025000000000008,121,72.06,18.015,1.4747432442172554,30,1871.0,0.058102775061256336,24,1315.0,0.0,31,1777.0,0.059516619692281045,36,2243.0,0.05148339522743193,121,7206.0
2245.0,-1.5125000000000002,121,78.11,19.5275,1.1037208439194732,30,2021.0,0.04111197462834111,24,1435.0,0.0,31,1932.0,0.03955443149698868,36,2423.0,0.05026307013626313,121,7811.0
2250.0,-1.525,125,84.21000000000001,21.052500000000002,0.3720972535790363,31,2173.0,0.0007642463342126287,24,1555.0,0.0,33,2089.0,0.00010364062376358698,37,2604.0,0.0006879055238162827,125,8421.0
2255.0,7.712500000000001,42,53.36,13.34,3.1256817007433124,11,1540.0,0.128364816331849,5,802.0,0.23928839302012442,11,1220.0,0.13128816419310985,15,1774.0,0.14403320033684655,42,5336.0
2260.0,5.985,4,29.419999999999998,7.3549999999999995,7.158736864970801,0,777.0,0.5437179398918603,0,253.0,0.6522666855004124,2,683.0,0.3709476089410789,2,1229.0,0.33640700681430435,4,2942.0
2265.0,3.9524999999999997,0,13.61,3.4025,10.35681183915434,0,243.0,0.7695492778770746,0,136.0,0.8099540444582114,0,276.0,0.6683623010953557,0,706.0,0.593804596082727,0,1361.0
2270.0,2.5175,0,3.54,0.885,11.8641072158604,0,9.0,0.8694364827355103,0,14.0,0.9264349230154764,0,98.0,0.8355616245611595,0,233.0,0.80246169153739,0,354.0
2275.0,0.79,0,0.38,0.095,12.303462824414842,0,2.0,0.9277736308973216,0,14.0,0.923190160275981,0,9.0,0.9423775025103444,0,13.0,0.8749575392955062,0,38.0
2280.0,0.0675,2,0.10999999999999999,0.027499999999999997,12.029011318159576,1,3.0,0.7933839549673767,1,6.0,0.8450642828004056,0,1.0,0.9232248141336501,0,1.0,0.8825896199453847,2,11.0
2285.0,-0.045,7,0.29000000000000004,0.07250000000000001,10.848913580715026,1,7.0,0.6394557179303021,3,15.0,0.6974039561664764,2,4.0,0.5157154702546337,1,3.0,0.7106832060265281,7,29.0
2290.0,-0.1575,18,0.92,0.23,8.524961840549212,3,19.0,0.3417060436362423,8,40.0,0.34752621620739477,5,22.0,0.08871012674752111,2,11.0,0.6785660667114582,18,92.0
2295.0,-0.28750000000000003,26,2.0700000000000003,0.5175000000000001,5.7354895366328735,4,39.0,0.2666727199030435,12,93.0,0.09517680793857268,7,53.0,3.803477369433212e-05,3,22.0,0.2984970446206549,26,207.0
2300.0,0.22500000000000003,7,1.17,0.2925,7.849372984232583,1,10.0,0.4730752175514599,6,88.0,0.1384329910402028,0,19.0,0.25076738875880167,0,0.0,0.9632310416330367,7,117.0
2305.0,0.095,3,0.79,0.1975,10.678131340115183,1,15.0,0.0,2,63.0,0.40690754573055626,0,1.0,0.9561801478933014,0,0.0,0.9461765640718114,3,79.0
2310.0,0.0375,3,0.64,0.16,11.17397834009182,1,20.0,0.0,2,43.0,0.32179635383347444,0,1.0,0.8852316585104549,0,0.0,1.0,3,64.0
2315.0,-0.037500000000000006,3,0.79,0.1975,11.385003515136802,1,25.0,0.0,2,53.0,0.0,0,1.0,0.9121134825085063,0,0.0,1.0,3,79.0
2320.0,-0.03749999999999999,3,0.94,0.235,11.639630129955531,1,30.0,0.0,2,63.0,0.0,0,1.0,0.9313658661600732,0,0.0,1.0,3,94.0
2325.0,-0.03749999999999999,3,1.09,0.2725,10.761583241748522,1,35.0,0.0,2,73.0,0.0,0,1.0,0.989854081586647,0,0.0,1.0,3,109.0
2330.0,-0.037500000000000006,3,1.24,0.31,9.115744202910102,1,40.0,0.0,2,83.0,0.0,0,1.0,0.8837822370462909,0,0.0,1.0,3,124.0
2335.0,-0.03750000000000002,3,1.3900000000000001,0.34750000000000003,4.0749283235038085,1,45.0,0.0,2,93.0,0.0,0,1.0,0.047791301390697816,0,0.0,1.0,3,139.0
2340.0,-0.04999999999999999,4,1.59,0.3975,2.12448031735345,1,50.0,0.0,2,103.0,0.0,1,6.0,0.0,0,0.0,1.0,4,159.0
2345.0,0.3975,0,0.0,0.0,9.927729143081784,0,0.0,1.0,0,0.0,1.0,0,0.0,1.0,0,0.0,1.0,0,0.0
2350.0,0.0,0,0.0,0.0,11.370831571500249,0,0.0,1.0,0,0.0,1.0,0,0.0,1.0,0,0.0,1.0,0,0.0
2355.0,0.0,0,0.0,0.0,11.301605466268457,0,0.0,1.0,0,0.0,1.0,0,0.0,1.0,0,0.0,1.0,0,0.0
2360.0,0.0,0,0.0,0.0,11.360718879020506,0,0.0,1.0,0,0.0,1.0,0,0.0,1.0,0,0.0,1.0,0,0.0
2365.0,0.0,0,0.0,0.0,11.61680124684187,0,0.0,1.0,0,0.0,1.0,0,0.0,1.0,0,0.0,1.0,0,0.0
2370.0,0.0,0,0.0,0.0,10.026138496314976,0,0.0,1.0,0,0.0,1.0,0,0.0,1.0,0,0.0,1.0,0,0.0
2375.0,0.0,0,0.0,0.0,,0,0.0,1.0,0,0.0,1.0,0,0.0,1.0,0,0.0,1.0,0,0.0
2380.0,0.0,0,0.0,0.0,,0,0.0,1.0,0,0.0,1.0,0,0.0,1.0,0,0.0,1.0,0,0.0
2385.0,0.0,0,0.0,0.0,,0,0.0,1.0,0,0.0,1.0,0,0.0,1.0,0,0.0,1.0,0,0.0
2390.0,0.0,0,0.0,0.0,,0,0.0,1.0,0,0.0,1.0,0,0.0,1.0,0,0.0,1.0,0,0.0
2395.0,0.0,0,0.0,0.0,,0,0.0,1.0,0,0.0,1.0,0,0.0,1.0,0,0.0,1.0,0,0.0
2400.0,0.0,0,0.0,0.0,,0,0.0,1.0,0,0.0,1.0,0,0.0,1.0,0,0.0,1.0,0,0.0
