step_time,reward,total_stopped,total_wait_time,avg_wait_time,avg_speed,correlation_obs,correlation_wait,diff_reward,total_stop_signal1,total_stop_signal2,total_stop_signal3,total_stop_signal4,total_wait_time_signal1,total_wait_time_signal2,total_wait_time_signal3,total_wait_time_signal4,total_energy_consumption_signal1,total_energy_consumption_signal2,total_energy_consumption_signal3,total_energy_consumption_signal4,avg_speed_signal1,avg_speed_signal2,avg_speed_signal3,avg_speed_signal4
15.0,0.0,1,0.02,0.00125,8.359968427444194,COMPARE OFF,COMPARE OFF,COMPARE OFF,1,0,0,0,0.02,0.0,0.0,0.0,0.0,0.0,0.0,0.0,0.0142558650503053,11.630730008658396,10.719320793845805,5.527298185230824
20.0,-0.02,2,0.11,0.006875,7.189426259395256,COMPARE OFF,COMPARE OFF,COMPARE OFF,1,0,0,1,0.07,0.0,0.0,0.04,0.0,0.0,0.0,0.0,0.0001080739218944,12.230285495660114,12.262043654313423,5.368294042772805
25.0,-0.05,3,0.06,0.00375,6.220009264248458,COMPARE OFF,COMPARE OFF,COMPARE OFF,0,1,0,0,0.0,0.03,0.0,0.0,0.0,0.0,0.0,0.0,0.0,0.0040074694455001,0.0,7.301191798228718
30.0,0.07,5,0.37,0.023125,6.943813966561909,COMPARE OFF,COMPARE OFF,COMPARE OFF,0,1,0,1,0.0,0.11,0.0,0.05,0.0,0.0,0.0,0.0,0.0,8.449769349470879,0.0,5.96448304132473
35.0,0.0,3,0.36,0.0225,7.554138363841555,COMPARE OFF,COMPARE OFF,COMPARE OFF,0,0,0,0,0.0,0.0,0.0,0.0,0.0,0.0,0.0,0.0,0.0,12.31950380363989,0.0,14.047118848945017
40.0,0.0,3,0.31,0.019375,9.258776418756764,COMPARE OFF,COMPARE OFF,COMPARE OFF,0,0,0,0,0.0,0.0,0.03,0.0,0.0,0.0,0.0,0.0,0.0,11.560016639257332,12.174184555138726,13.594196224946128
45.0,0.0,5,0.32,0.02,8.289682195245934,COMPARE OFF,COMPARE OFF,COMPARE OFF,0,1,0,0,0.0,0.03,0.03,0.0,0.0,0.0,0.0,0.0,0.0,5.729468497705465,6.831845754617077,12.096917069645198
50.0,0.0,4,0.51,0.031875,8.765404292521982,COMPARE OFF,COMPARE OFF,COMPARE OFF,0,1,0,0,0.0,0.08,0.03,0.0,0.0,0.0,0.0,0.0,0.0,5.720075988738246,7.414822328063399,13.725670657947258
55.0,0.0,10,0.7000000000000002,0.04375,6.03053116911349,COMPARE OFF,COMPARE OFF,COMPARE OFF,0,1,1,1,0.0,0.13,0.07,0.0,0.0,0.0,0.0,0.0,0.0,6.135534036675383,0.0016852552247549,6.843161403265581
60.0,0.0,9,0.92,0.0575,5.3745453645641055,COMPARE OFF,COMPARE OFF,COMPARE OFF,0,1,1,0,0.0,0.18,0.12,0.0,0.0,0.0,0.0,0.0,0.0,0.0,0.0,7.606103743161711
65.0,0.0,11,1.4,0.0875,6.246093934314136,COMPARE OFF,COMPARE OFF,COMPARE OFF,0,1,1,0,0.0,0.23,0.17,0.0,0.0,0.0,0.0,0.0,0.0,0.0,0.0,13.571972224946126
70.0,0.0,10,1.4200000000000002,0.08875,6.376331605763792,COMPARE OFF,COMPARE OFF,COMPARE OFF,0,0,0,0,0.0,0.0,0.0,0.0,0.0,0.0,0.0,0.0,0.0,0.0,0.0,12.715092009367414
75.0,0.0,7,1.31,0.081875,6.72579661117768,COMPARE OFF,COMPARE OFF,COMPARE OFF,0,0,0,0,0.0,0.0,0.03,0.0,0.0,0.0,0.0,0.0,5.605357197346166,8.323974016238935,10.263129151922346,8.977536215339944
80.0,0.0,5,0.6200000000000001,0.03875,8.229984681451288,COMPARE OFF,COMPARE OFF,COMPARE OFF,0,0,0,1,0.0,0.0,0.03,0.03,0.0,0.0,0.0,0.0,2.9638867129628435,12.06705192415136,12.537262755837173,9.176424468686085
85.0,0.0,9,0.8400000000000001,0.0525,8.455279734979488,COMPARE OFF,COMPARE OFF,COMPARE OFF,1,1,0,1,0.04,0.02,0.03,0.08,0.0,0.0,0.0,0.0,0.0002919302854586,0.0064137785246855,10.846976756949676,8.614228303906097
90.0,-0.04,11,1.2000000000000004,0.075,7.0307785397880975,COMPARE OFF,COMPARE OFF,COMPARE OFF,1,1,2,2,0.09,0.07,0.06,0.07,0.0,0.0,0.0,0.0,0.0,0.0,0.0393603350917261,4.230435126552272
95.0,-0.0499999999999999,9,1.1700000000000002,0.073125,6.700353361356067,COMPARE OFF,COMPARE OFF,COMPARE OFF,0,1,2,1,0.0,0.05,0.16,0.08,0.0,0.0,0.0,0.0,0.0,0.0,0.0001648327269798,1.313148362075245
100.0,0.09,6,0.86,0.05375,8.442339212247708,COMPARE OFF,COMPARE OFF,COMPARE OFF,0,0,1,1,0.0,0.0,0.18,0.12,0.0,0.0,0.0,0.0,0.0,0.0,9.86117612707318,0.0
105.0,0.0,4,0.98,0.06125,10.019239200177823,COMPARE OFF,COMPARE OFF,COMPARE OFF,0,0,1,0,0.0,0.0,0.23,0.0,0.0,0.0,0.0,0.0,0.0,0.0,9.68215224435998,0.0
110.0,0.0,2,0.5,0.03125,8.461925404114515,COMPARE OFF,COMPARE OFF,COMPARE OFF,0,0,0,0,0.0,0.0,0.06,0.0,0.0,0.0,0.0,0.0,4.732415019534528,4.67234171286691,8.518726768532977,3.984922168050256
115.0,0.0,13,1.0300000000000002,0.064375,6.9178881041840805,COMPARE OFF,COMPARE OFF,COMPARE OFF,0,0,2,1,0.0,0.0,0.13,0.08,0.0,0.0,0.0,0.0,1.3733374622008916,11.90568487485665,6.104619801393275,7.028455231812411
120.0,0.0,14,1.3600000000000003,0.085,6.06780509098356,COMPARE OFF,COMPARE OFF,COMPARE OFF,1,0,0,1,0.04,0.0,0.12,0.13,0.0,0.0,0.0,0.0,0.0008771576805449,12.353608571631174,7.074881443706768,8.00308603394491
125.0,-0.04,15,1.42,0.08875,6.733335558482275,COMPARE OFF,COMPARE OFF,COMPARE OFF,1,0,1,0,0.09,0.0,0.06,0.03,0.0,0.0,0.0,0.0,0.0,13.229241339196722,5.804520523521548,10.905109246215224
130.0,-0.0499999999999999,12,1.7200000000000002,0.1075,6.929364997175461,COMPARE OFF,COMPARE OFF,COMPARE OFF,1,0,1,0,0.14,0.0,0.14,0.0,0.0,0.0,0.0,0.0,0.0,0.9441515986889436,5.875383377611812,11.02083016237498
135.0,-0.05,13,1.9,0.11875,7.705138231099831,COMPARE OFF,COMPARE OFF,COMPARE OFF,0,2,2,0,0.0,0.09,0.24,0.0,0.0,0.0,0.0,0.0,0.0,7.319132355520613e-05,5.161947837965717,11.00203623798592
140.0,0.14,15,1.97,0.123125,6.001401005036911,COMPARE OFF,COMPARE OFF,COMPARE OFF,0,2,2,2,0.0,0.14,0.31,0.05,0.0,0.0,0.0,0.0,0.0,0.0,0.1039029016610779,0.0059581369359168
145.0,0.0,18,1.4900000000000002,0.093125,6.407523230160312,COMPARE OFF,COMPARE OFF,COMPARE OFF,1,2,2,3,0.0,0.1,0.15,0.07,0.0,0.0,0.0,0.0,0.0,0.0,0.0,0.0
150.0,0.0,8,1.5400000000000005,0.09625,9.736150776231208,COMPARE OFF,COMPARE OFF,COMPARE OFF,0,1,1,1,0.0,0.21,0.23,0.05,0.0,0.0,0.0,0.0,12.996834913673805,10.457732138180056,7.092201326752814,7.712029651767629
155.0,0.0,5,0.9000000000000001,0.05625,10.38669107993352,COMPARE OFF,COMPARE OFF,COMPARE OFF,0,0,0,1,0.0,0.06,0.03,0.12,0.0,0.0,0.0,0.0,13.488534517991347,13.74499787549839,10.690606663137842,8.790126622217763
160.0,0.0,8,1.2300000000000002,0.076875,9.47733496874761,COMPARE OFF,COMPARE OFF,COMPARE OFF,0,0,0,1,0.03,0.03,0.03,0.17,0.0,0.0,0.0,0.0,14.390409908383804,14.566894610704354,10.704752678011246,8.308353966208541
165.0,-0.03,14,1.56,0.0975,7.054512802544806,COMPARE OFF,COMPARE OFF,COMPARE OFF,0,1,1,0,0.03,0.07,0.04,0.0,0.0,0.0,0.0,0.0,13.471071969650096,4.229277415346762,0.3568653502601743,7.537372043143701
170.0,0.0,20,2.31,0.144375,6.620312847181488,COMPARE OFF,COMPARE OFF,COMPARE OFF,1,4,2,1,0.04,0.21,0.16,0.03,0.0,0.0,0.0,0.0,6.262002233811938,0.008766236505596,4.199198117166919,6.1779462255312
175.0,-0.01,27,2.97,0.1856249999999999,5.213239676619542,COMPARE OFF,COMPARE OFF,COMPARE OFF,3,4,1,1,0.13,0.35,0.17,0.08,0.0,0.0,0.0,0.0,0.008967539155655,0.0,8.064649610369118,6.107159408899501
180.0,-0.09,21,2.38,0.14875,5.938383537870879,COMPARE OFF,COMPARE OFF,COMPARE OFF,2,4,1,2,0.17,0.55,0.19,0.15,0.0,0.0,0.0,0.0,0.0,0.0,4.860211740377321,0.0029433025475376
185.0,-0.04,19,2.789999999999999,0.174375,6.866770074409534,COMPARE OFF,COMPARE OFF,COMPARE OFF,2,2,2,1,0.27,0.56,0.31,0.13,0.0,0.0,0.0,0.0,4.13598698567274,4.313206051949386,5.706077878272135,11.51632619703146
190.0,-0.1,22,3.2700000000000005,0.204375,6.941290945436089,COMPARE OFF,COMPARE OFF,COMPARE OFF,0,2,3,1,0.18,0.47,0.42,0.18,0.0,0.0,0.0,0.0,10.548791685989997,0.0609160896140196,4.998883962591593,9.498392886365812
195.0,0.09,14,2.53,0.158125,7.353369152013731,COMPARE OFF,COMPARE OFF,COMPARE OFF,0,1,0,0,0.03,0.28,0.08,0.06,0.0,0.0,0.0,0.0,11.570849703981212,0.0,8.203205178638896,10.207300310909057
200.0,0.15,20,2.87,0.179375,6.639955416471312,COMPARE OFF,COMPARE OFF,COMPARE OFF,1,1,2,2,0.09,0.39,0.13,0.11,0.0,0.0,0.0,0.0,7.611665270347766,8.258574817819513,6.895790258897785,3.1506870904909574
205.0,-0.06,19,2.829999999999999,0.176875,7.220397627346406,COMPARE OFF,COMPARE OFF,COMPARE OFF,3,0,1,1,0.16,0.03,0.16,0.11,0.0,0.0,0.0,0.0,4.0551292433739725,10.499275367341385,9.56806726126876,8.081061091096498
210.0,-0.07,26,3.11,0.194375,6.315300130880125,COMPARE OFF,COMPARE OFF,COMPARE OFF,3,1,1,3,0.34,0.03,0.24,0.08,0.0,0.0,0.0,0.0,5.883769641356778,8.402337953656888,7.76224816072126,5.592959320562564
215.0,-0.18,21,2.96,0.185,6.517139159185664,COMPARE OFF,COMPARE OFF,COMPARE OFF,3,1,1,2,0.46,0.08,0.12,0.18,0.0,0.0,0.0,0.0,6.375728149709137,0.9439736332975408,7.618177011549986,5.959990913808236
220.0,-0.12,26,3.14,0.19625,6.058801771189137,COMPARE OFF,COMPARE OFF,COMPARE OFF,3,3,2,4,0.61,0.21,0.19,0.34,0.0,0.0,0.0,0.0,4.132871388572433,1.1999505148856562,5.011637632349326,1.6461617029964266
225.0,-0.1499999999999999,20,3.1900000000000004,0.199375,6.199128095615924,COMPARE OFF,COMPARE OFF,COMPARE OFF,1,2,3,5,0.34,0.34,0.34,0.56,0.0,0.0,0.0,0.0,3.025227095158076,5.825564899453264,2.7422397972285424,1.484938648304985
230.0,0.2699999999999999,19,3.5199999999999987,0.22,7.978717021564897,COMPARE OFF,COMPARE OFF,COMPARE OFF,3,3,1,2,0.46,0.47,0.18,0.49,0.0,0.0,0.0,0.0,2.2486070612577507,5.375167606355552,4.049528819844583,4.05555217225336
235.0,-0.12,14,1.6400000000000006,0.1025,8.04914207679081,COMPARE OFF,COMPARE OFF,COMPARE OFF,2,1,1,3,0.18,0.37,0.16,0.45,0.0,0.0,0.0,0.0,3.87785743181396,9.375832096757977,7.659959656156904,2.934474228153757
240.0,0.28,18,2.26,0.14125,8.601262582110019,COMPARE OFF,COMPARE OFF,COMPARE OFF,2,3,0,0,0.35,0.48,0.03,0.23,0.0,0.0,0.0,0.0,8.488264334072491,8.020430696989035,10.559382684015535,9.804157837075609
245.0,-0.1699999999999999,10,1.95,0.121875,7.8342333323621345,COMPARE OFF,COMPARE OFF,COMPARE OFF,0,3,0,1,0.21,0.63,0.06,0.09,0.0,0.0,0.0,0.0,7.986829057376028,5.655561533333518,12.49802378740102,9.15001630539432
250.0,0.1399999999999999,20,2.52,0.1575,7.984372409801945,COMPARE OFF,COMPARE OFF,COMPARE OFF,1,6,0,1,0.08,0.84,0.01,0.14,0.0,0.0,0.0,0.0,7.4597119266723455,0.1049615468005755,8.177694308782128,8.049821730513495
255.0,0.13,28,2.37,0.148125,6.350779852034747,COMPARE OFF,COMPARE OFF,COMPARE OFF,1,8,2,4,0.04,1.0,0.03,0.18,0.0,0.0,0.0,0.0,6.398254596095523,2.779246253141468e-05,3.4728860610601777,3.660520662738316
260.0,0.04,27,3.499999999999999,0.21875,6.777909051147476,COMPARE OFF,COMPARE OFF,COMPARE OFF,1,7,5,2,0.1,1.38,0.27,0.18,0.0,0.0,0.0,0.0,7.918273187438427,2.382086740665315,1.8305649600099936,5.440444317362708
265.0,-0.06,24,3.3300000000000005,0.208125,6.347612282877013,COMPARE OFF,COMPARE OFF,COMPARE OFF,1,4,3,3,0.15,0.85,0.37,0.22,0.0,0.0,0.0,0.0,8.496512970838412,4.706267160387724,2.835729403141526,3.80781807667809
270.0,-0.0499999999999999,30,4.319999999999999,0.27,6.656805139121531,COMPARE OFF,COMPARE OFF,COMPARE OFF,1,4,3,3,0.17,0.96,0.41,0.3,0.0,0.0,0.0,0.0,5.478278442650343,7.826681077712223,2.408960224599628,5.193792794046924
275.0,-0.02,23,3.4599999999999995,0.21625,6.175734362139448,COMPARE OFF,COMPARE OFF,COMPARE OFF,2,0,3,2,0.25,0.51,0.35,0.29,0.0,0.0,0.0,0.0,2.650185644631167,9.351743262156376,3.271476552945496,6.966555233323969
280.0,-0.0799999999999999,30,3.9,0.24375,6.875518811401792,COMPARE OFF,COMPARE OFF,COMPARE OFF,2,1,3,1,0.41,0.04,0.5,0.12,0.0,0.0,0.0,0.0,8.655725369839757,9.87994788466412,5.895604930262273,9.228348498111126
285.0,-0.1599999999999999,22,3.84,0.24,6.897717018174252,COMPARE OFF,COMPARE OFF,COMPARE OFF,2,3,1,1,0.51,0.13,0.39,0.17,0.0,0.0,0.0,0.0,9.20140006782198,5.983278177917167,6.804981090438158,4.966951878427894
290.0,-0.1,27,4.359999999999999,0.2725,7.599816968718684,COMPARE OFF,COMPARE OFF,COMPARE OFF,1,5,1,1,0.43,0.33,0.25,0.05,0.0,0.0,0.0,0.0,7.778854724356599,2.281578549668091,9.232292742655549,4.477602771116257
295.0,0.08,33,4.069999999999999,0.254375,6.133259495447723,COMPARE OFF,COMPARE OFF,COMPARE OFF,3,6,1,1,0.5,0.51,0.3,0.06,0.0,0.0,0.0,0.0,2.9202343168832714,1.816008807896176,6.001870158685735,8.155556804309892
300.0,-0.07,37,4.489999999999999,0.280625,6.672202035066652,COMPARE OFF,COMPARE OFF,COMPARE OFF,2,5,1,2,0.21,0.62,0.12,0.11,0.0,0.0,0.0,0.0,2.879225727030671,2.0288135276156507,5.37446023029857,5.897520643311
305.0,0.29,30,4.290000000000001,0.268125,6.070101873424014,COMPARE OFF,COMPARE OFF,COMPARE OFF,1,3,2,3,0.07,0.48,0.16,0.22,0.0,0.0,0.0,0.0,3.133044558291435,6.630112035992377,0.5565543824844946,3.446796799334761
310.0,0.1399999999999999,37,5.18,0.32375,6.399715813857637,COMPARE OFF,COMPARE OFF,COMPARE OFF,1,3,2,3,0.08,0.63,0.17,0.36,0.0,0.0,0.0,0.0,2.38954249031126,6.075591671637196,1.2968818173976615,1.9528249981204928
315.0,-0.0099999999999999,30,4.119999999999999,0.2575,6.90862171758523,COMPARE OFF,COMPARE OFF,COMPARE OFF,1,0,2,2,0.13,0.23,0.27,0.39,0.0,0.0,0.0,0.0,0.0,10.339010814332076,3.654771757073353,2.6882497492351285
320.0,-0.05,22,3.71,0.231875,7.254438169149248,COMPARE OFF,COMPARE OFF,COMPARE OFF,0,0,0,2,0.03,0.03,0.21,0.43,0.0,0.0,0.0,0.0,14.09075560198665,11.58189753091112,7.046405652106418,4.347096691337953
325.0,0.1,28,3.51,0.219375,6.339806748306969,COMPARE OFF,COMPARE OFF,COMPARE OFF,0,3,1,0,0.03,0.11,0.12,0.0,0.0,0.0,0.0,0.0,12.837274028116562,5.421856728980219,6.925923661611762,10.357846636425307
330.0,0.0,36,4.14,0.25875,6.487023142960327,COMPARE OFF,COMPARE OFF,COMPARE OFF,0,4,0,0,0.03,0.3,0.07,0.0,0.0,0.0,0.0,0.0,8.507911756845054,4.673875079338174,10.101832795141773,11.935616330241825
335.0,0.0,34,4.21,0.2631249999999999,6.403871603633072,COMPARE OFF,COMPARE OFF,COMPARE OFF,1,4,1,0,0.08,0.42,0.1,0.0,0.0,0.0,0.0,0.0,5.608284801786471,3.7408769240248456,8.33584169355163,10.507055138506754
340.0,-0.05,42,5.039999999999999,0.315,6.25827711508766,COMPARE OFF,COMPARE OFF,COMPARE OFF,1,6,0,0,0.06,0.68,0.04,0.0,0.0,0.0,0.0,0.0,5.179089619811086,0.0164020746532897,1.5161736736882103,11.706987563731442
345.0,0.02,47,4.86,0.3037499999999999,5.801231157009928,COMPARE OFF,COMPARE OFF,COMPARE OFF,4,1,2,3,0.16,0.3,0.05,0.01,0.0,0.0,0.0,0.0,0.0059361504471328,4.9069301760915005,0.0,2.426435342695757
350.0,-0.1,27,4.909999999999999,0.306875,7.831322370254304,COMPARE OFF,COMPARE OFF,COMPARE OFF,2,0,0,2,0.3,0.03,0.03,0.09,0.0,0.0,0.0,0.0,6.1691851000812,10.512913544693625,12.257720486860611,6.210099230289043
355.0,-0.1399999999999999,31,5.17,0.323125,6.785296192404424,COMPARE OFF,COMPARE OFF,COMPARE OFF,2,1,0,1,0.4,0.08,0.03,0.08,0.0,0.0,0.0,0.0,6.112079157706151,8.930171680286843,13.020225036208409,6.690434950720493
360.0,-0.1,37,5.55,0.346875,6.614527383647343,COMPARE OFF,COMPARE OFF,COMPARE OFF,2,2,0,2,0.47,0.07,0.0,0.15,0.0,0.0,0.0,0.0,7.665684984328224,6.368474734693338,9.085053582510088,5.335538431575309
365.0,-0.0699999999999999,23,5.090000000000001,0.318125,6.747618743375885,COMPARE OFF,COMPARE OFF,COMPARE OFF,0,1,1,0,0.03,0.07,0.03,0.0,0.0,0.0,0.0,0.0,4.008197003417923,7.949327098521825,4.561919573899308,9.055539041520989
370.0,0.4399999999999999,29,4.96,0.31,7.338506656690264,COMPARE OFF,COMPARE OFF,COMPARE OFF,0,3,0,2,0.0,0.17,0.0,0.05,0.0,0.0,0.0,0.0,9.724906178654283,6.15190339061366,14.002089289862626,4.606474631948527
375.0,0.03,33,5.03,0.3143749999999999,7.22400163121102,COMPARE OFF,COMPARE OFF,COMPARE OFF,0,0,0,0,0.0,0.02,0.0,0.06,0.0,0.0,0.0,0.0,10.184643190351428,5.169492273338465,14.075698189700915,9.097964080007356
380.0,0.0,27,4.949999999999999,0.3093749999999999,6.8144782277254405,COMPARE OFF,COMPARE OFF,COMPARE OFF,0,1,0,0,0.06,0.03,0.0,0.0,0.0,0.0,0.0,0.0,11.320448257768035,0.001565750083289,1.2401624669811246,14.428332065267412
385.0,-0.06,40,5.46,0.34125,6.694480896108267,COMPARE OFF,COMPARE OFF,COMPARE OFF,0,1,1,0,0.06,0.08,0.03,0.0,0.0,0.0,0.0,0.0,12.082209192700295,5.825933240208298,5.174679051670558,10.240203886318117
390.0,0.0,38,5.5600000000000005,0.3475,6.942870936251062,COMPARE OFF,COMPARE OFF,COMPARE OFF,0,1,0,3,0.06,0.13,0.0,0.07,0.0,0.0,0.0,0.0,10.55266888795443,6.008443764090527,10.116906291985236,2.6737145097128265
395.0,0.0,38,5.33,0.333125,6.9099281272657525,COMPARE OFF,COMPARE OFF,COMPARE OFF,2,0,0,2,0.11,0.0,0.0,0.13,0.0,0.0,0.0,0.0,4.298511681333255,6.207565073095407,11.393125136562906,3.6475134538465577
400.0,-0.05,38,5.909999999999999,0.369375,6.256734073370605,COMPARE OFF,COMPARE OFF,COMPARE OFF,1,0,0,1,0.11,0.0,0.03,0.12,0.0,0.0,0.0,0.0,2.393608166302273,6.3845885401229,9.6431678831285,4.281961503816294
405.0,0.0,42,6.85,0.428125,6.852383926847397,COMPARE OFF,COMPARE OFF,COMPARE OFF,1,0,0,0,0.07,0.0,0.03,0.0,0.0,0.0,0.0,0.0,7.267819311538787,11.864014736789033,12.679546571406052,10.1252237003183
410.0,0.0399999999999999,45,7.180000000000001,0.44875,6.041290239868989,COMPARE OFF,COMPARE OFF,COMPARE OFF,1,0,0,1,0.18,0.0,0.03,0.04,0.0,0.0,0.0,0.0,9.155646692382648,11.939638007999774,12.45286375181141,7.567654165164017
415.0,-0.1099999999999999,53,8.25,0.515625,6.233426260655361,COMPARE OFF,COMPARE OFF,COMPARE OFF,0,1,1,1,0.06,0.02,0.05,0.05,0.0,0.0,0.0,0.0,13.838530858212817,8.660023070711055,7.494327740354379,8.521543550728293
420.0,0.12,40,8.42,0.52625,6.542498807624228,COMPARE OFF,COMPARE OFF,COMPARE OFF,0,1,0,2,0.06,0.07,0.04,0.11,0.0,0.0,0.0,0.0,7.575653983958824,6.051841154964491,7.508853192669779,8.001343812764732
425.0,0.0,35,7.330000000000001,0.458125,6.977231433263731,COMPARE OFF,COMPARE OFF,COMPARE OFF,0,1,1,1,0.06,0.01,0.06,0.07,0.0,0.0,0.0,0.0,4.247253223885213,0.0100945853742964,9.400349334097164,6.914829500047433
430.0,0.0,48,6.23,0.389375,6.489540904080118,COMPARE OFF,COMPARE OFF,COMPARE OFF,2,2,2,4,0.03,0.06,0.08,0.14,0.0,0.0,0.0,0.0,0.0041272663767768,0.0,8.140851048510648,4.125481097818185
435.0,0.03,47,6.56,0.41,6.480122387095124,COMPARE OFF,COMPARE OFF,COMPARE OFF,1,1,1,0,0.08,0.11,0.14,0.07,0.0,0.0,0.0,0.0,5.861055558661704,1.4403042590951949,8.39832845678362,9.189645837223033
440.0,-0.05,53,7.65,0.478125,5.946584538224813,COMPARE OFF,COMPARE OFF,COMPARE OFF,1,2,2,2,0.19,0.21,0.13,0.04,0.0,0.0,0.0,0.0,9.934035014880449,0.0003505996719783,8.713674610793618,3.080156996762537
445.0,-0.11,60,8.309999999999999,0.519375,5.456479179724171,COMPARE OFF,COMPARE OFF,COMPARE OFF,2,1,3,7,0.24,0.09,0.18,0.26,0.0,0.0,0.0,0.0,8.946261436393884,1.1951979818749243,7.57536576200446,0.0003851246181699
450.0,-0.0499999999999999,46,7.54,0.4712499999999999,6.06640964065417,COMPARE OFF,COMPARE OFF,COMPARE OFF,0,0,2,4,0.06,0.0,0.2,0.44,0.0,0.0,0.0,0.0,9.31148156784844,11.580377466153951,5.806884949394831,4.0872978266852495
455.0,0.18,49,7.81,0.488125,6.490610897742539,COMPARE OFF,COMPARE OFF,COMPARE OFF,2,0,5,1,0.13,0.0,0.29,0.32,0.0,0.0,0.0,0.0,1.5964310214502038,12.007207518319266,4.474528621330068,7.056938577181453
460.0,-0.07,39,6.999999999999999,0.4375,6.458103394527334,COMPARE OFF,COMPARE OFF,COMPARE OFF,2,0,3,1,0.14,0.0,0.48,0.17,0.0,0.0,0.0,0.0,1.2608688540358706,8.234424112593588,5.978448796147996,6.823296519044028
465.0,-0.01,34,6.289999999999999,0.3931249999999999,6.8986453935702725,COMPARE OFF,COMPARE OFF,COMPARE OFF,1,0,2,0,0.03,0.0,0.38,0.03,0.0,0.0,0.0,0.0,4.518115359849439,12.01392285272916,6.846701603562977,8.851014037117285
470.0,0.11,44,6.229999999999999,0.3893749999999999,6.723945622912924,COMPARE OFF,COMPARE OFF,COMPARE OFF,1,0,4,2,0.06,0.0,0.49,0.07,0.0,0.0,0.0,0.0,0.0,4.997414617545269,7.437705100426377,3.2004682429335136
475.0,-0.03,51,6.69,0.4181249999999999,5.897940140777871,COMPARE OFF,COMPARE OFF,COMPARE OFF,1,0,3,3,0.11,0.01,0.6,0.21,0.0,0.0,0.0,0.0,4.167865671042819,4.51468373138861,6.510726708428745,1.4668265401185374
480.0,-0.05,53,6.87,0.429375,5.3796375306605775,COMPARE OFF,COMPARE OFF,COMPARE OFF,0,0,3,6,0.0,0.0,0.64,0.47,0.0,0.0,0.0,0.0,12.740844244197731,12.628626756446428,5.951606679819805,0.0019899244506804
485.0,0.11,50,7.419999999999999,0.46375,6.158905548894557,COMPARE OFF,COMPARE OFF,COMPARE OFF,0,0,7,2,0.0,0.0,0.78,0.38,0.0,0.0,0.0,0.0,12.23990795429775,11.688736074680454,2.746903968151261,1.0441517792220842
490.0,0.0,52,7.370000000000002,0.4606249999999999,6.910883919015493,COMPARE OFF,COMPARE OFF,COMPARE OFF,1,1,4,1,0.01,0.01,0.51,0.14,0.0,0.0,0.0,0.0,3.6794446032503214,7.139049612873382,7.203176365810579,5.164354507384512
495.0,-0.01,56,7.38,0.46125,6.511660413536714,COMPARE OFF,COMPARE OFF,COMPARE OFF,1,0,5,1,0.06,0.0,0.61,0.0,0.0,0.0,0.0,0.0,5.553201313254834,10.978234684579132,6.390879271692741,7.467730272509873
500.0,-0.0499999999999999,52,7.7,0.4812499999999999,5.995877664118194,COMPARE OFF,COMPARE OFF,COMPARE OFF,1,0,4,0,0.17,0.0,0.71,0.0,0.0,0.0,0.0,0.0,5.065702617620005,11.289600926528276,5.660170022614637,11.605075325012978
505.0,-0.11,44,7.07,0.441875,6.672923916379077,COMPARE OFF,COMPARE OFF,COMPARE OFF,0,2,5,1,0.06,0.04,0.58,0.02,0.0,0.0,0.0,0.0,11.500425729506532,4.15123275338789,3.3519225598762343,5.784301436373848
510.0,0.11,42,6.95,0.434375,6.12289488142235,COMPARE OFF,COMPARE OFF,COMPARE OFF,0,2,4,2,0.06,0.14,0.52,0.1,0.0,0.0,0.0,0.0,12.175110319915484,0.0722806434864233,3.412832181620317,4.925816976020232
515.0,0.0,41,6.680000000000001,0.4175,6.20739519062111,COMPARE OFF,COMPARE OFF,COMPARE OFF,0,3,2,2,0.03,0.26,0.26,0.2,0.0,0.0,0.0,0.0,3.658433291636719,7.052720030482162,5.87820890092429,6.923418474539625
520.0,0.03,44,6.579999999999999,0.41125,7.053009493392138,COMPARE OFF,COMPARE OFF,COMPARE OFF,1,2,0,2,0.04,0.32,0.16,0.3,0.0,0.0,0.0,0.0,5.914988774431193,7.718930252021526,8.398834834109913,5.660979851909654
525.0,-0.01,42,6.78,0.4237499999999999,6.730291739405317,COMPARE OFF,COMPARE OFF,COMPARE OFF,1,2,0,2,0.09,0.42,0.06,0.23,0.0,0.0,0.0,0.0,7.082766023759355,6.551100362672991,5.9143202511687125,3.720124725333668
530.0,-0.0499999999999999,41,6.22,0.38875,7.054397515055595,COMPARE OFF,COMPARE OFF,COMPARE OFF,1,4,3,2,0.17,0.38,0.15,0.13,0.0,0.0,0.0,0.0,9.210354831244317,4.9688368284144415,5.637106286921387,6.572910348735373
535.0,-0.08,47,6.640000000000001,0.415,6.801058630338565,COMPARE OFF,COMPARE OFF,COMPARE OFF,0,6,4,3,0.03,0.62,0.34,0.24,0.0,0.0,0.0,0.0,13.263894001439834,4.040409859977615,6.67902489538965,6.204329345863709
540.0,0.14,51,7.730000000000001,0.483125,5.989660283498474,COMPARE OFF,COMPARE OFF,COMPARE OFF,0,6,3,3,0.03,0.53,0.36,0.39,0.0,0.0,0.0,0.0,7.723761553950344,1.6731188038798197,4.343618493382289,6.549559049226947
545.0,0.0,39,6.749999999999999,0.421875,7.122452101853418,COMPARE OFF,COMPARE OFF,COMPARE OFF,1,2,3,2,0.07,0.41,0.31,0.1,0.0,0.0,0.0,0.0,7.512977965786926,6.414949353284764,2.7859433457938416,7.462436485103487
550.0,-0.04,34,7.119999999999998,0.445,7.360797764752659,COMPARE OFF,COMPARE OFF,COMPARE OFF,0,3,0,1,0.12,0.51,0.24,0.07,0.0,0.0,0.0,0.0,12.033837306056318,5.940139012327662,10.415557218460918,9.937080367996916
555.0,-0.0499999999999999,37,6.26,0.39125,7.078462027867692,COMPARE OFF,COMPARE OFF,COMPARE OFF,0,7,1,2,0.15,0.73,0.12,0.13,0.0,0.0,0.0,0.0,11.289852019484584,5.164951320307168,10.703672228359356,8.239098256628605
560.0,-0.03,51,6.04,0.3774999999999999,5.692206443232937,COMPARE OFF,COMPARE OFF,COMPARE OFF,2,4,2,5,0.17,0.68,0.14,0.28,0.0,0.0,0.0,0.0,6.123180903528108,2.368734958021645,6.337869415410441,6.935099162547753
565.0,-0.02,56,7.28,0.4549999999999999,5.453279275254662,COMPARE OFF,COMPARE OFF,COMPARE OFF,5,3,4,5,0.38,0.65,0.27,0.49,0.0,0.0,0.0,0.0,6.819374670234447,1.5195956018868495,3.5678246926574246,3.77700534234186
570.0,-0.21,63,9.47,0.5918749999999999,6.223585632865754,COMPARE OFF,COMPARE OFF,COMPARE OFF,7,4,1,9,0.71,0.8,0.1,0.84,0.0,0.0,0.0,0.0,6.348816090013098,1.1712294118960032,5.1247014165554425,2.694982032822801
575.0,-0.3299999999999999,60,10.46,0.6537499999999999,6.146142417515811,COMPARE OFF,COMPARE OFF,COMPARE OFF,6,6,1,9,0.81,1.09,0.09,1.07,0.0,0.0,0.0,0.0,3.079894317513278,3.899725488938416,5.729130190002468,2.673657721948893
580.0,-0.1,60,11.85,0.7406250000000001,6.1123600834227805,COMPARE OFF,COMPARE OFF,COMPARE OFF,6,7,0,9,0.87,1.43,0.0,1.37,0.0,0.0,0.0,0.0,3.1813362461795376,4.682880636895298,9.637129113811447,2.362873401948048
585.0,-0.0599999999999999,50,10.8,0.675,5.984254097645656,COMPARE OFF,COMPARE OFF,COMPARE OFF,4,7,0,6,0.92,0.99,0.0,1.23,0.0,0.0,0.0,0.0,3.430259411497476,3.538975623584239,12.958454222817576,3.7277541432251993
590.0,-0.05,43,10.92,0.6825,6.299892385640181,COMPARE OFF,COMPARE OFF,COMPARE OFF,7,5,1,4,1.03,0.83,0.07,1.0,0.0,0.0,0.0,0.0,2.9094348514199773,1.610405253336145,8.546838030566386,4.63852721663789
595.0,-0.1099999999999999,46,10.84,0.6775,6.2695681598275685,COMPARE OFF,COMPARE OFF,COMPARE OFF,7,4,2,3,1.05,0.73,0.17,0.84,0.0,0.0,0.0,0.0,3.4470135004077647,2.705182912133945,7.545158407708619,4.552185421666652
600.0,-0.02,47,10.05,0.628125,6.221560260266241,COMPARE OFF,COMPARE OFF,COMPARE OFF,8,1,3,4,1.49,0.54,0.32,0.39,0.0,0.0,0.0,0.0,4.499314373820455,2.9390014682637213,6.510048278572478,2.5654506428478894
605.0,-0.4399999999999999,56,10.739999999999998,0.6712499999999999,5.755314023713434,COMPARE OFF,COMPARE OFF,COMPARE OFF,8,2,5,4,1.58,0.58,0.52,0.29,0.0,0.0,0.0,0.0,5.023329139339023,4.096524733137851,5.942873288704764,3.4749444469127253
610.0,-0.09,68,12.080000000000002,0.755,4.764760520020575,COMPARE OFF,COMPARE OFF,COMPARE OFF,5,6,5,7,1.25,0.74,0.55,0.52,0.0,0.0,0.0,0.0,4.681098399444717,1.9406913477067829,2.5925942390338927,1.8855871587515247
615.0,0.33,60,12.99,0.8118749999999999,5.017975549481759,COMPARE OFF,COMPARE OFF,COMPARE OFF,4,5,2,7,1.13,1.0,0.41,0.79,0.0,0.0,0.0,0.0,1.8854674420939748,4.574306778402621,4.846737319687263,2.105273106723092
620.0,0.1200000000000001,54,12.94,0.8087500000000001,5.715052978287339,COMPARE OFF,COMPARE OFF,COMPARE OFF,5,5,3,5,0.98,0.93,0.25,0.82,0.0,0.0,0.0,0.0,3.2731430227424223,5.3816912803733326,2.461674980168682,1.9169882501109352
625.0,0.1499999999999999,64,13.520000000000003,0.845,5.680529402363055,COMPARE OFF,COMPARE OFF,COMPARE OFF,7,5,7,8,0.97,1.01,0.4,1.09,0.0,0.0,0.0,0.0,5.184070624859618,5.295994506965822,1.709331198661412,1.3541939800761125
630.0,0.01,55,13.909999999999998,0.869375,6.37360875319646,COMPARE OFF,COMPARE OFF,COMPARE OFF,1,7,8,4,0.74,0.94,0.77,0.8,0.0,0.0,0.0,0.0,7.556077924968204,3.8097056134916776,2.1730885708628103,4.215226784732907
635.0,0.2299999999999999,61,15.28,0.955,5.162387890173123,COMPARE OFF,COMPARE OFF,COMPARE OFF,2,12,8,1,0.26,1.47,1.23,0.87,0.0,0.0,0.0,0.0,3.260634152896115,0.9652691676307702,3.370272996322061,2.4787445356784352
640.0,0.48,64,15.46,0.96625,5.111982199703338,COMPARE OFF,COMPARE OFF,COMPARE OFF,2,10,5,2,0.31,1.54,1.17,0.71,0.0,0.0,0.0,0.0,3.270531593724116,2.126531553420041,4.639467416024247,3.3357689344612025
645.0,-0.0499999999999999,62,13.01,0.8131249999999999,5.443031099661208,COMPARE OFF,COMPARE OFF,COMPARE OFF,5,8,2,1,0.39,1.88,0.48,0.35,0.0,0.0,0.0,0.0,1.8224172837197767,5.21232035708583,6.872578113027895,3.8094372422838414
650.0,-0.08,47,12.69,0.7931250000000001,6.019872023960135,COMPARE OFF,COMPARE OFF,COMPARE OFF,3,9,1,1,0.43,1.66,0.29,0.32,0.0,0.0,0.0,0.0,3.113783712427639,5.164454271105835,5.2663902404083895,6.690714513111714
655.0,-0.0399999999999999,49,11.899999999999997,0.7437499999999999,6.388790883983765,COMPARE OFF,COMPARE OFF,COMPARE OFF,0,11,2,3,0.18,1.73,0.17,0.31,0.0,0.0,0.0,0.0,8.607721123414175,3.789332083150801,4.669222815451423,6.92665039954587
660.0,0.25,60,12.029999999999998,0.751875,5.963372156932291,COMPARE OFF,COMPARE OFF,COMPARE OFF,1,9,3,3,0.2,1.55,0.29,0.22,0.0,0.0,0.0,0.0,6.832425156275067,2.4088412371826973,0.3452138560665773,7.004213286673357
665.0,-0.02,54,13.080000000000002,0.8175000000000001,5.844362130267735,COMPARE OFF,COMPARE OFF,COMPARE OFF,2,3,4,2,0.36,1.04,0.48,0.15,0.0,0.0,0.0,0.0,8.04951563310881,4.26709100247158,2.367671618273573,7.118645852497591
670.0,-0.1599999999999999,74,14.910000000000002,0.931875,4.932689585356086,COMPARE OFF,COMPARE OFF,COMPARE OFF,2,6,4,4,0.33,1.26,0.68,0.25,0.0,0.0,0.0,0.0,6.752863500418556,1.9732175186845395,2.392963693864224,4.016936506765925
675.0,0.0299999999999999,75,15.52,0.97,5.037851147970148,COMPARE OFF,COMPARE OFF,COMPARE OFF,4,11,4,4,0.28,1.71,0.8,0.32,0.0,0.0,0.0,0.0,6.19785797424485,1.92465850082389,4.67206619741608,5.047578104654669
680.0,0.0499999999999999,72,12.999999999999996,0.8125,4.91862494902649,COMPARE OFF,COMPARE OFF,COMPARE OFF,0,9,4,5,0.23,1.59,0.97,0.52,0.0,0.0,0.0,0.0,7.528749389010618,2.078096052548562,5.631751842870999,5.544919687391914
685.0,0.05,71,12.54,0.78375,5.725802261595875,COMPARE OFF,COMPARE OFF,COMPARE OFF,5,7,3,6,0.26,1.19,0.78,0.54,0.0,0.0,0.0,0.0,7.893838701931989,2.8635031033937035,7.573226759031451,5.197981699071206
690.0,-0.03,68,14.699999999999996,0.91875,5.85276459826199,COMPARE OFF,COMPARE OFF,COMPARE OFF,2,4,2,2,0.33,1.31,0.87,0.43,0.0,0.0,0.0,0.0,8.801376825296702,4.199065018016479,7.454456236209921,8.474472960935886
695.0,-0.07,68,15.47,0.966875,5.333891249921185,COMPARE OFF,COMPARE OFF,COMPARE OFF,1,4,5,4,0.23,1.14,1.07,0.34,0.0,0.0,0.0,0.0,7.625249626790281,3.263155498206643,1.9626846639682245,5.091909360695422
700.0,0.1,84,15.760000000000002,0.985,4.616689731184986,COMPARE OFF,COMPARE OFF,COMPARE OFF,4,5,7,9,0.27,1.04,1.41,0.51,0.0,0.0,0.0,0.0,1.6534414626393985,4.7650919586006015,2.793134062195021,1.6709456857323777
705.0,-0.04,85,15.82,0.98875,4.931049303980937,COMPARE OFF,COMPARE OFF,COMPARE OFF,7,6,3,7,0.5,1.12,0.99,0.78,0.0,0.0,0.0,0.0,0.0074946606505953,3.586749436493617,2.733827678780437,2.3443454056895807
710.0,-0.2299999999999999,85,17.210000000000004,1.075625,4.979410692001104,COMPARE OFF,COMPARE OFF,COMPARE OFF,7,8,1,7,0.85,1.45,0.17,0.9,0.0,0.0,0.0,0.0,0.5435671159870089,5.175561803669095,8.615527360756731,2.3522490851117834
715.0,-0.35,81,17.599999999999998,1.1,5.547726384276703,COMPARE OFF,COMPARE OFF,COMPARE OFF,5,4,1,8,0.98,1.05,0.12,1.08,0.0,0.0,0.0,0.0,2.3516671320148164,7.44530348165968,10.213951713879483,2.202508029531728
720.0,-0.13,72,16.720000000000002,1.045,5.566729799414584,COMPARE OFF,COMPARE OFF,COMPARE OFF,3,5,0,2,0.77,0.66,0.0,1.09,0.0,0.0,0.0,0.0,3.253124260236348,6.526876126667256,11.415089974440887,5.478130433769648
725.0,0.2099999999999999,67,17.100000000000005,1.06875,5.539503823596095,COMPARE OFF,COMPARE OFF,COMPARE OFF,3,2,1,5,0.57,0.45,0.04,1.25,0.0,0.0,0.0,0.0,3.295513545815252,4.656661897337155,7.912839058734863,5.067748185315788
730.0,0.2,81,17.48,1.0925,5.496380155484342,COMPARE OFF,COMPARE OFF,COMPARE OFF,2,4,3,8,0.17,0.18,0.17,1.53,0.0,0.0,0.0,0.0,7.640897856323281,2.9240277787739006,4.38475358648263,3.1703138461794445
735.0,0.3999999999999999,94,19.8,1.2374999999999998,5.2514267310691904,COMPARE OFF,COMPARE OFF,COMPARE OFF,1,1,4,9,0.15,0.18,0.37,1.73,0.0,0.0,0.0,0.0,9.800948834769612,4.045148425125394,4.153724054034973,3.1493493306607454
740.0,0.02,89,20.77,1.298125,4.87505625981982,COMPARE OFF,COMPARE OFF,COMPARE OFF,1,2,2,8,0.2,0.22,0.23,1.59,0.0,0.0,0.0,0.0,10.030754687801544,5.140860211425017,3.8374969113514776,1.951568269800632
745.0,-0.05,92,20.579999999999995,1.28625,4.699197442659037,COMPARE OFF,COMPARE OFF,COMPARE OFF,3,4,3,9,0.26,0.31,0.22,1.51,0.0,0.0,0.0,0.0,0.3349622757046752,6.634078015418535,0.0,2.2585218821820234
750.0,-0.06,84,21.45,1.3406250000000002,5.0711986199661965,COMPARE OFF,COMPARE OFF,COMPARE OFF,4,3,0,9,0.48,0.46,0.0,1.77,0.0,0.0,0.0,0.0,5.569450024574393,7.354863018042768,13.528395798577565,2.74199240034453
755.0,-0.2199999999999999,96,23.53,1.470625,4.528064332458334,COMPARE OFF,COMPARE OFF,COMPARE OFF,1,5,0,10,0.21,0.67,0.0,1.81,0.0,0.0,0.0,0.0,5.870442577021325,4.957717181271226,0.0,2.6810198226593496
760.0,0.27,97,25.399999999999995,1.5875,4.347481527346791,COMPARE OFF,COMPARE OFF,COMPARE OFF,1,8,0,9,0.11,0.98,0.06,1.82,0.0,0.0,0.0,0.0,8.797002629654806,1.0514471153432432,11.901820078871532,3.1587761202390108
765.0,0.0999999999999999,106,27.58,1.72375,4.228602216749926,COMPARE OFF,COMPARE OFF,COMPARE OFF,2,6,0,11,0.09,0.82,0.03,1.94,0.0,0.0,0.0,0.0,1.4734759444117582,1.5511485987398683,10.685879900512166,2.13988744826429
770.0,0.02,111,28.89,1.805625,4.406240901296418,COMPARE OFF,COMPARE OFF,COMPARE OFF,2,6,0,11,0.19,0.79,0.03,1.9,0.0,0.0,0.0,0.0,1.3240838179091687,3.6310484596101498,10.51747575496098,1.6700781544754724
775.0,-0.1,99,29.79,1.861875,4.687688474315789,COMPARE OFF,COMPARE OFF,COMPARE OFF,2,0,3,7,0.29,0.3,0.08,2.03,0.0,0.0,0.0,0.0,4.204933850183164,9.76377388966653,5.381970345096559,3.2050730758281825
780.0,-0.0999999999999999,85,27.98,1.7487499999999998,4.807223032974546,COMPARE OFF,COMPARE OFF,COMPARE OFF,0,1,3,5,0.06,0.01,0.24,1.83,0.0,0.0,0.0,0.0,11.600047137937644,9.963555146080155,4.989695521403111,4.413659543251114
785.0,0.2299999999999999,91,27.23,1.701875,4.589336406194006,COMPARE OFF,COMPARE OFF,COMPARE OFF,0,2,3,7,0.06,0.12,0.31,1.75,0.0,0.0,0.0,0.0,10.05285690046709,6.881570109697969,6.464338486241675,3.036279603241749
790.0,0.0,86,27.540000000000003,1.72125,4.771729683759348,COMPARE OFF,COMPARE OFF,COMPARE OFF,0,4,2,9,0.06,0.25,0.2,1.83,0.0,0.0,0.0,0.0,8.057600409423396,5.216621164242945,7.661270721028972,3.0566310437562687
795.0,0.0,85,30.11,1.881875,4.749412184952542,COMPARE OFF,COMPARE OFF,COMPARE OFF,2,2,2,11,0.13,0.37,0.23,2.33,0.0,0.0,0.0,0.0,1.4856497514744844,8.230046378201543,7.71795705774055,3.529803772138246
800.0,-0.07,90,30.55,1.9093750000000005,4.442953743187027,COMPARE OFF,COMPARE OFF,COMPARE OFF,4,2,2,7,0.31,0.26,0.16,2.12,0.0,0.0,0.0,0.0,0.0001959073292488,8.214545033504786,8.01621309782664,5.246652875732469
805.0,-0.18,86,29.52,1.845,4.8398723083624136,COMPARE OFF,COMPARE OFF,COMPARE OFF,1,0,3,6,0.17,0.06,0.31,1.91,0.0,0.0,0.0,0.0,5.942126339402279,8.603254399459436,7.389411630665333,4.361326253051873
810.0,0.1399999999999999,92,30.91,1.931875,4.661827120820048,COMPARE OFF,COMPARE OFF,COMPARE OFF,1,0,4,9,0.2,0.0,0.35,1.83,0.0,0.0,0.0,0.0,9.93435264343242,11.719667978785331,7.724517794953383,2.9394779902303347
815.0,-0.03,91,32.47,2.029375,4.438323208425042,COMPARE OFF,COMPARE OFF,COMPARE OFF,1,1,6,9,0.25,0.05,0.59,1.97,0.0,0.0,0.0,0.0,10.521289115588468,9.385599413662485,3.788006074847012,0.6924194981880667
820.0,-0.0499999999999999,98,31.97000000000001,1.9981250000000004,4.384465012163661,COMPARE OFF,COMPARE OFF,COMPARE OFF,1,2,5,8,0.27,0.14,0.53,1.82,0.0,0.0,0.0,0.0,9.388325774304388,7.305908654905349,3.844875563286264,1.3369589829183646
825.0,-0.02,104,30.380000000000003,1.89875,4.316216055169681,COMPARE OFF,COMPARE OFF,COMPARE OFF,3,3,2,8,0.05,0.35,0.37,1.2,0.0,0.0,0.0,0.0,2.076014723114348,6.878461358589666,2.616963228305161,1.9856997623890624
830.0,0.22,110,32.02,2.00125,4.424542728385379,COMPARE OFF,COMPARE OFF,COMPARE OFF,5,4,3,6,0.33,0.52,0.44,0.94,0.0,0.0,0.0,0.0,1.703994121059745,5.955998790782723,3.668897133338824,3.124781442127102
835.0,-0.28,109,33.86000000000001,2.11625,4.104830235454075,COMPARE OFF,COMPARE OFF,COMPARE OFF,6,3,3,4,0.63,0.46,0.23,0.75,0.0,0.0,0.0,0.0,1.702185508818783,3.991698429337268,0.8070521953871873,1.4675517148530393
840.0,-0.3,110,36.32,2.27,4.303039543598639,COMPARE OFF,COMPARE OFF,COMPARE OFF,6,2,5,3,0.93,0.48,0.53,0.71,0.0,0.0,0.0,0.0,4.73192846465616,4.965294399843107,6.813861024243606,3.45971161517678
845.0,-0.3,103,37.62000000000001,2.3512500000000003,4.409891732256001,COMPARE OFF,COMPARE OFF,COMPARE OFF,1,1,4,3,0.57,0.14,0.57,0.59,0.0,0.0,0.0,0.0,6.830615863615174,6.993440380308583,8.04018690062041,4.6976027855782005
850.0,0.3600000000000001,107,39.15000000000001,2.4468750000000004,4.34363099317164,COMPARE OFF,COMPARE OFF,COMPARE OFF,1,1,4,2,0.16,0.05,0.74,0.49,0.0,0.0,0.0,0.0,9.25243303036672,8.832876184913248,5.598936899583789,6.372147612328547
855.0,0.4099999999999999,109,39.25,2.453125,4.26784788796698,COMPARE OFF,COMPARE OFF,COMPARE OFF,3,3,8,6,0.06,0.11,0.99,0.64,0.0,0.0,0.0,0.0,6.797338077311574,0.7127342375660959,1.2784509110922226,3.0055325407312417
860.0,0.1,98,40.74,2.54625,4.243932798551358,COMPARE OFF,COMPARE OFF,COMPARE OFF,4,4,6,4,0.25,0.31,1.04,0.47,0.0,0.0,0.0,0.0,5.117418627020247,5.251709525324074,2.353473141535654,4.39736537092353
865.0,-0.19,93,37.66,2.35375,4.464034086769438,COMPARE OFF,COMPARE OFF,COMPARE OFF,6,3,1,3,0.52,0.41,0.67,0.37,0.0,0.0,0.0,0.0,1.9056083467868028,5.847725818755987,6.561466352584514,3.449027455113734
870.0,-0.27,88,35.470000000000006,2.216875,5.149242577203644,COMPARE OFF,COMPARE OFF,COMPARE OFF,5,2,2,1,0.62,0.35,0.64,0.18,0.0,0.0,0.0,0.0,3.049820317969783,6.284878592052548,5.826943993578169,7.143036027429437
875.0,-0.0999999999999999,86,34.04,2.1274999999999995,5.5048513913578745,COMPARE OFF,COMPARE OFF,COMPARE OFF,2,2,5,0,0.42,0.1,0.85,0.03,0.0,0.0,0.0,0.0,7.020209051878149,2.89883523197384,5.991606000037151,6.616619003163971
880.0,0.2,87,32.68,2.0425,5.723954907631172,COMPARE OFF,COMPARE OFF,COMPARE OFF,1,3,5,2,0.17,0.25,1.1,0.11,0.0,0.0,0.0,0.0,10.95005947387074,2.824886022800803,5.740060382165535,7.368893361484526
885.0,0.2499999999999999,96,29.19,1.824375,5.107848358704814,COMPARE OFF,COMPARE OFF,COMPARE OFF,2,1,4,3,0.23,0.23,0.97,0.23,0.0,0.0,0.0,0.0,7.368290740101997,5.134338517099208,3.748244879661939,5.963422257791628
890.0,-0.06,98,28.03,1.7518750000000003,5.088619683760917,COMPARE OFF,COMPARE OFF,COMPARE OFF,6,0,3,3,0.45,0.03,0.58,0.38,0.0,0.0,0.0,0.0,5.193298028656789,12.321734985714023,1.871214615317341,6.95358081980181
895.0,-0.22,103,28.42000000000001,1.77625,4.982173364931914,COMPARE OFF,COMPARE OFF,COMPARE OFF,7,0,5,1,0.73,0.0,0.59,0.2,0.0,0.0,0.0,0.0,4.404676647447203,9.527457765682826,1.7939588987435906,7.598500431546552
900.0,-0.2799999999999999,103,28.680000000000003,1.7925,5.124054037695094,COMPARE OFF,COMPARE OFF,COMPARE OFF,7,0,3,3,1.08,0.03,0.46,0.3,0.0,0.0,0.0,0.0,4.192550224061221,11.55387655402704,6.289670912718329,5.60754882221763
905.0,-0.3500000000000001,104,29.010000000000005,1.813125,4.803986947638919,COMPARE OFF,COMPARE OFF,COMPARE OFF,4,0,3,0,0.71,0.03,0.58,0.09,0.0,0.0,0.0,0.0,4.065697272401351,12.801891765419436,5.207441129352451,7.276475506194579
910.0,0.3700000000000001,113,29.26,1.82875,4.378451928568017,COMPARE OFF,COMPARE OFF,COMPARE OFF,2,0,1,1,0.37,0.03,0.48,0.03,0.0,0.0,0.0,0.0,5.166383319861412,9.393105221496642,7.467690207527735,4.729572573033405
915.0,0.3399999999999999,128,29.65,1.8531250000000004,4.456460446706106,COMPARE OFF,COMPARE OFF,COMPARE OFF,1,1,0,1,0.03,0.01,0.09,0.08,0.0,0.0,0.0,0.0,9.450870561625948,5.131548561079771,8.793544516834713,6.858003723871788
920.0,0.3399999999999999,117,31.07,1.941875,4.60294336172121,COMPARE OFF,COMPARE OFF,COMPARE OFF,1,0,1,2,0.05,0.03,0.11,0.17,0.0,0.0,0.0,0.0,7.944815177570601,12.251333279255402,5.9119428021343525,4.92448225687192
925.0,-0.02,115,31.890000000000008,1.993125,4.77965116165641,COMPARE OFF,COMPARE OFF,COMPARE OFF,2,0,2,0,0.15,0.03,0.18,0.04,0.0,0.0,0.0,0.0,8.513592261887366,13.20717355773048,4.246465924723727,7.183620924900569
930.0,-0.0999999999999999,114,32.56,2.035,5.12289094121634,COMPARE OFF,COMPARE OFF,COMPARE OFF,3,0,7,0,0.26,0.06,0.49,0.03,0.0,0.0,0.0,0.0,4.223184229786256,9.474038662074292,4.13709363416701,8.863568778868832
935.0,-0.11,115,32.379999999999995,2.02375,4.631759336036079,COMPARE OFF,COMPARE OFF,COMPARE OFF,5,1,6,2,0.48,0.09,0.6,0.09,0.0,0.0,0.0,0.0,1.992240313571055,3.0603831220131434,4.89694686628053,7.447513706185388
940.0,-0.2199999999999999,107,31.57,1.973125,4.67864702499363,COMPARE OFF,COMPARE OFF,COMPARE OFF,6,3,5,2,0.79,0.29,0.72,0.19,0.0,0.0,0.0,0.0,4.465389118788778,6.238591337410253,1.660364181635323,8.1189452883491
945.0,-0.31,125,31.26,1.95375,4.107983686557169,COMPARE OFF,COMPARE OFF,COMPARE OFF,3,3,8,4,0.39,0.34,1.02,0.17,0.0,0.0,0.0,0.0,6.408635548671376,6.57666605856711,0.6450578055216215,0.5133618730287898
950.0,0.4,107,32.290000000000006,2.018125,5.048275033409739,COMPARE OFF,COMPARE OFF,COMPARE OFF,3,0,4,5,0.27,0.06,0.89,0.31,0.0,0.0,0.0,0.0,8.492169981051834,11.511868602199108,3.103299847876906,2.278741366429461
955.0,0.12,103,31.320000000000004,1.9575,5.440520401606232,COMPARE OFF,COMPARE OFF,COMPARE OFF,2,1,3,3,0.17,0.07,0.66,0.39,0.0,0.0,0.0,0.0,5.035305628409405,6.217349969480635,5.170990030677256,5.051240407463353
960.0,0.1,102,31.48,1.9675,5.525887158626368,COMPARE OFF,COMPARE OFF,COMPARE OFF,4,1,2,3,0.31,0.08,0.55,0.48,0.0,0.0,0.0,0.0,3.053932037911345,5.657915121477264,5.11117986750056,8.327685212643273
965.0,-0.1399999999999999,102,30.95,1.934375,5.389414716978568,COMPARE OFF,COMPARE OFF,COMPARE OFF,4,0,2,0,0.43,0.02,0.37,0.18,0.0,0.0,0.0,0.0,4.0555855955979565,10.077547655112385,5.331455762268825,9.963812874469834
970.0,-0.12,120,33.09,2.068125,5.168498661313607,COMPARE OFF,COMPARE OFF,COMPARE OFF,1,1,5,1,0.28,0.02,0.64,0.06,0.0,0.0,0.0,0.0,5.484178920927008,8.018049684503076,3.98551235111281,10.688602952084866
975.0,0.1499999999999999,124,34.93999999999999,2.18375,4.755365570574177,COMPARE OFF,COMPARE OFF,COMPARE OFF,2,1,2,3,0.21,0.07,0.56,0.11,0.0,0.0,0.0,0.0,5.210068636171583,6.392687629988358,4.859770392182826,6.238255165664536
980.0,0.07,113,34.1,2.13125,4.618816847639872,COMPARE OFF,COMPARE OFF,COMPARE OFF,2,1,1,2,0.27,0.11,0.33,0.15,0.0,0.0,0.0,0.0,5.590798810786868,7.504795139501353,3.580310051490452,4.310818354152223
985.0,-0.06,120,34.66,2.16625,4.690290154948176,COMPARE OFF,COMPARE OFF,COMPARE OFF,2,1,1,4,0.37,0.17,0.26,0.32,0.0,0.0,0.0,0.0,6.860062946374962,9.601944091216126,6.633764411227284,4.355292993019529
990.0,-0.0999999999999999,115,34.45,2.153125,4.593837115572681,COMPARE OFF,COMPARE OFF,COMPARE OFF,0,0,1,5,0.07,0.1,0.13,0.49,0.0,0.0,0.0,0.0,9.685273582266472,8.895912803022124,5.099953961582824,3.445493000663998
995.0,0.3,117,35.5,2.21875,4.46717355344498,COMPARE OFF,COMPARE OFF,COMPARE OFF,1,1,4,5,0.1,0.11,0.25,0.7,0.0,0.0,0.0,0.0,9.6843890812868,6.843824328811334,2.94364433187102,3.202757531221051
1000.0,-0.03,118,36.35,2.271875,4.081239381632951,COMPARE OFF,COMPARE OFF,COMPARE OFF,1,2,7,1,0.15,0.14,0.53,0.35,0.0,0.0,0.0,0.0,9.17374809897803,5.059890474971187,0.4697884059437668,5.055246332842599
1005.0,-0.0499999999999999,122,34.53,2.158125,5.327154185854342,COMPARE OFF,COMPARE OFF,COMPARE OFF,2,0,8,2,0.2,0.08,0.85,0.36,0.0,0.0,0.0,0.0,8.315579357261953,6.760829993221982,4.167347482683506,8.973107840699235
1010.0,-0.05,98,32.02,2.00125,5.680927579754667,COMPARE OFF,COMPARE OFF,COMPARE OFF,3,0,6,1,0.3,0.04,1.19,0.13,0.0,0.0,0.0,0.0,2.272636079698299,7.90645214121897,3.552149583776141,10.398629372918194
1015.0,-0.0999999999999999,94,28.41,1.775625,5.848281079880424,COMPARE OFF,COMPARE OFF,COMPARE OFF,1,3,11,0,0.16,0.1,1.52,0.09,0.0,0.0,0.0,0.0,3.9415655542084735,2.267911029653985,2.8109714348553427,9.142678790177658
1020.0,0.1399999999999999,113,31.24,1.9525,5.038604449218932,COMPARE OFF,COMPARE OFF,COMPARE OFF,2,3,11,2,0.13,0.22,1.71,0.12,0.0,0.0,0.0,0.0,0.0961155802193912,6.304335444874631e-05,2.0545998635346137,5.927440285783273
1025.0,0.03,128,34.38,2.14875,3.9039116060474126,COMPARE OFF,COMPARE OFF,COMPARE OFF,4,3,4,4,0.28,0.43,1.28,0.3,0.0,0.0,0.0,0.0,0.0,5.780025014447443,3.3679556133686663,4.551918621946059
1030.0,-0.15,131,36.43000000000001,2.276875,3.7490404588711033,COMPARE OFF,COMPARE OFF,COMPARE OFF,3,2,3,7,0.5,0.43,1.08,0.51,0.0,0.0,0.0,0.0,6.375936952113603,7.679261927595034,3.285232637096619,2.4303456527943097
1035.0,-0.2199999999999999,130,38.98,2.43625,3.689629486335989,COMPARE OFF,COMPARE OFF,COMPARE OFF,1,2,3,8,0.39,0.37,1.02,0.85,0.0,0.0,0.0,0.0,9.10353582134772,7.702612868855732,3.8338531056261655,2.8558264102088406
1040.0,0.1099999999999999,129,40.82,2.55125,4.1693793364931055,COMPARE OFF,COMPARE OFF,COMPARE OFF,0,4,3,7,0.07,0.56,1.03,0.98,0.0,0.0,0.0,0.0,9.94588588122236,7.081217634631861,3.319520186317325,1.7013234285635044
1045.0,0.32,135,43.28,2.705,3.822088419624517,COMPARE OFF,COMPARE OFF,COMPARE OFF,0,5,2,10,0.07,0.71,0.74,1.4,0.0,0.0,0.0,0.0,8.068134149293458,5.115835709904332,3.401467861743445,7.414884415953566e-05
1050.0,0.0,127,43.830000000000005,2.739375,3.9856720995728687,COMPARE OFF,COMPARE OFF,COMPARE OFF,2,2,4,5,0.09,0.72,0.25,1.19,0.0,0.0,0.0,0.0,3.774696206076198,4.688473764344972,1.989280321919788,2.507306787921171
1055.0,-0.0199999999999999,119,42.93000000000001,2.683125,4.285062550875382,COMPARE OFF,COMPARE OFF,COMPARE OFF,1,2,7,4,0.07,0.77,0.65,0.82,0.0,0.0,0.0,0.0,3.806485125797822,4.297163458176342,5.016549438291393,4.824522417603384
1060.0,0.0199999999999999,115,42.63,2.664375,4.6366999286672925,COMPARE OFF,COMPARE OFF,COMPARE OFF,3,3,9,2,0.28,0.92,1.06,0.7,0.0,0.0,0.0,0.0,5.579926552712891,4.807577741679137,4.231569551260099,5.906045302185707
1065.0,-0.21,116,40.67,2.541875,4.745864660627562,COMPARE OFF,COMPARE OFF,COMPARE OFF,3,2,10,0,0.41,0.08,1.48,0.24,0.0,0.0,0.0,0.0,7.803196435281821,3.975074900220996,3.6409216221310254,10.46915611816937
1070.0,-0.1299999999999999,118,41.42,2.58875,4.35042899529246,COMPARE OFF,COMPARE OFF,COMPARE OFF,2,5,6,1,0.21,0.24,1.5,0.06,0.0,0.0,0.0,0.0,7.872633063029036,0.8587806047171229,3.4269267068753133,8.606940079506511
1075.0,0.1999999999999999,121,44.51,2.7818750000000003,4.3194042488055295,COMPARE OFF,COMPARE OFF,COMPARE OFF,4,5,4,2,0.35,0.42,1.42,0.16,0.0,0.0,0.0,0.0,4.123929368831717,3.9697093344145937,3.950637132083121,8.436687810523907
1080.0,-0.1399999999999999,134,46.69,2.918125,4.368204961952095,COMPARE OFF,COMPARE OFF,COMPARE OFF,4,1,3,3,0.36,0.31,1.21,0.2,0.0,0.0,0.0,0.0,0.6274370988080401,7.827323350544534,3.933738077079176,4.010830745572043
1085.0,-0.01,140,48.96,3.06,4.33547767423298,COMPARE OFF,COMPARE OFF,COMPARE OFF,3,0,3,5,0.22,0.14,0.86,0.44,0.0,0.0,0.0,0.0,2.909363321004017,8.61752876628912,5.5165876910556735,2.383503975465747
1090.0,0.1399999999999999,129,49.21999999999999,3.07625,4.495500696936255,COMPARE OFF,COMPARE OFF,COMPARE OFF,2,0,1,3,0.21,0.04,0.47,0.52,0.0,0.0,0.0,0.0,4.015838069224032,8.438675608486426,4.104999483488112,1.7560518096280606
1095.0,0.01,130,47.23,2.951875,4.2701855278931085,COMPARE OFF,COMPARE OFF,COMPARE OFF,0,0,3,3,0.12,0.04,0.44,0.5,0.0,0.0,0.0,0.0,6.505455166298088,6.224295120205711,3.45084685772697,5.462328111097314
1100.0,0.09,140,47.94,2.99625,4.101227438892267,COMPARE OFF,COMPARE OFF,COMPARE OFF,0,4,5,0,0.06,0.15,0.7,0.11,0.0,0.0,0.0,0.0,11.538722147364648,3.0052265184687226,5.233819766617921,10.023039811300228
1105.0,0.06,135,48.36,3.0225,4.249036510166652,COMPARE OFF,COMPARE OFF,COMPARE OFF,0,5,6,0,0.07,0.3,1.02,0.09,0.0,0.0,0.0,0.0,12.680781062630029,2.534839597422488,4.585938420780123,11.538081966040393
1110.0,-0.01,127,50.940000000000005,3.18375,4.449742349584721,COMPARE OFF,COMPARE OFF,COMPARE OFF,0,4,9,2,0.1,0.48,1.42,0.15,0.0,0.0,0.0,0.0,10.483491130415947,3.227502169266246,4.431164652227887,8.959518986918837
1115.0,-0.03,116,51.23,3.201875,4.515571249663124,COMPARE OFF,COMPARE OFF,COMPARE OFF,1,3,7,3,0.12,0.53,1.33,0.23,0.0,0.0,0.0,0.0,8.937662816994592,4.369325750821409,1.4871117753322514,4.760423967518687
1120.0,-0.0199999999999999,111,53.44000000000001,3.34,4.51975908235688,COMPARE OFF,COMPARE OFF,COMPARE OFF,2,4,1,3,0.12,0.74,0.69,0.36,0.0,0.0,0.0,0.0,2.8778951612623067,5.512461868385546,4.851849753647905,6.817381887350024
1125.0,0.0,135,56.24,3.515,3.965218664697756,COMPARE OFF,COMPARE OFF,COMPARE OFF,3,7,2,4,0.24,0.98,0.72,0.55,0.0,0.0,0.0,0.0,3.2428872093261614,5.848805408840924,4.424431048386663,2.827353350111297
1130.0,-0.12,145,56.84,3.5525,3.936194622245565,COMPARE OFF,COMPARE OFF,COMPARE OFF,2,7,7,5,0.29,1.04,0.95,0.44,0.0,0.0,0.0,0.0,4.909446670585969,5.447709865712005,1.0570702679879964,1.7908651020627433
1135.0,-0.0499999999999999,138,55.440000000000005,3.465,3.922699129490064,COMPARE OFF,COMPARE OFF,COMPARE OFF,2,9,10,6,0.39,1.13,1.37,0.71,0.0,0.0,0.0,0.0,6.941363206759982,2.6849623544967884,0.0091401597280822,1.409709553998045
1140.0,-0.1,142,56.71,3.544375,4.019791428723857,COMPARE OFF,COMPARE OFF,COMPARE OFF,0,18,6,4,0.23,1.84,1.3,0.88,0.0,0.0,0.0,0.0,10.602873074234676,0.4860122870184625,2.1441914829716016,6.537228973113393
1145.0,0.16,149,57.77,3.610625,3.805730277403976,COMPARE OFF,COMPARE OFF,COMPARE OFF,2,17,2,5,0.0,2.37,0.6,0.77,0.0,0.0,0.0,0.0,0.3688035447657913,2.6078199909585345,6.691690454299545,7.300106587569851
1150.0,0.23,127,57.56000000000001,3.5975,4.673178406400474,COMPARE OFF,COMPARE OFF,COMPARE OFF,0,12,1,3,0.09,2.83,0.31,0.49,0.0,0.0,0.0,0.0,11.731433164762285,4.636420888173726,9.481977264137551,8.495004089869894
1155.0,-0.09,140,56.98,3.56125,4.211393391543226,COMPARE OFF,COMPARE OFF,COMPARE OFF,0,14,3,6,0.09,3.28,0.44,0.71,0.0,0.0,0.0,0.0,11.888449448987474,3.732520947075628,8.616910234970074,1.859312636356076
1160.0,0.0,150,60.23000000000001,3.764375,3.727221021309124,COMPARE OFF,COMPARE OFF,COMPARE OFF,0,14,4,10,0.09,3.78,0.6,0.86,0.0,0.0,0.0,0.0,9.655116133307216,2.0057046846787445,1.854344136187143,0.4096734298901964
1165.0,0.0,157,62.4,3.9,3.5137021272807605,COMPARE OFF,COMPARE OFF,COMPARE OFF,2,17,10,7,0.11,4.58,1.0,0.84,0.0,0.0,0.0,0.0,4.929944061543158,2.3533328010362644,0.0048490133990368,1.1197391279581583
1170.0,-0.02,146,62.91,3.931875,4.146516480550234,COMPARE OFF,COMPARE OFF,COMPARE OFF,3,19,3,5,0.2,5.41,0.55,0.91,0.0,0.0,0.0,0.0,4.650405488788963,1.975371450917195,1.4940874111650786,3.926238585584651
1175.0,-0.09,134,61.61999999999999,3.85125,4.538219257710216,COMPARE OFF,COMPARE OFF,COMPARE OFF,3,23,0,6,0.35,6.54,0.02,1.14,0.0,0.0,0.0,0.0,2.425767770022067,1.9423820044504496,12.489252449576096,5.422009388375367
1180.0,-0.1499999999999999,114,59.33999999999999,3.7087499999999993,5.007416044304211,COMPARE OFF,COMPARE OFF,COMPARE OFF,2,20,0,4,0.31,6.98,0.0,1.13,0.0,0.0,0.0,0.0,2.1634211790793523,3.000567888827979,12.108254986213804,6.926483977023188
1185.0,0.0399999999999999,114,59.16,3.6975,5.0340219891548745,COMPARE OFF,COMPARE OFF,COMPARE OFF,3,15,0,2,0.38,7.54,0.09,0.73,0.0,0.0,0.0,0.0,8.309162276252854,3.456025890440708,12.301612128527644,6.270316027480305
1190.0,-0.07,119,58.89,3.680625,4.77307423637978,COMPARE OFF,COMPARE OFF,COMPARE OFF,2,17,1,6,0.3,7.8,0.11,0.62,0.0,0.0,0.0,0.0,7.5795140052845085,1.8451117674109816,10.377129743626869,3.06631488930104
1195.0,0.08,134,60.43999999999999,3.7775,4.224596175271309,COMPARE OFF,COMPARE OFF,COMPARE OFF,2,18,1,8,0.41,8.37,0.13,0.68,0.0,0.0,0.0,0.0,3.961994541201871,0.6771922746436766,9.39722746293222,1.9161908529411624
1200.0,-0.1099999999999999,146,59.38,3.71125,4.345659679185964,COMPARE OFF,COMPARE OFF,COMPARE OFF,5,20,5,8,0.36,9.23,0.27,0.79,0.0,0.0,0.0,0.0,3.754776713176573,1.708373825289149,5.21715525970003,2.7647528957464607
1205.0,0.0499999999999999,147,58.86,3.67875,4.3240685317239365,COMPARE OFF,COMPARE OFF,COMPARE OFF,5,21,3,6,0.61,8.69,0.3,0.96,0.0,0.0,0.0,0.0,5.048725668187367,2.3272766313253173,3.435355608322207,3.0188491188666875
1210.0,-0.25,127,52.64,3.29,4.936083342314728,COMPARE OFF,COMPARE OFF,COMPARE OFF,3,20,1,4,0.29,7.19,0.06,0.88,0.0,0.0,0.0,0.0,4.716100174494742,2.278324274919759,8.045578924960003,7.530564319625146
1215.0,0.32,111,53.59,3.349375,4.985158323618555,COMPARE OFF,COMPARE OFF,COMPARE OFF,2,14,1,5,0.38,7.17,0.06,0.93,0.0,0.0,0.0,0.0,6.092997447523383,3.279022473208597,9.561318510509588,7.958914181705446
1220.0,-0.09,108,51.91,3.244375,5.329523315358794,COMPARE OFF,COMPARE OFF,COMPARE OFF,0,13,0,4,0.26,7.09,0.09,0.71,0.0,0.0,0.0,0.0,8.592212709300245,3.424285053175994,12.074462210203846,7.679699569502235
1225.0,0.12,134,53.45,3.340625,4.286449674919052,COMPARE OFF,COMPARE OFF,COMPARE OFF,1,12,1,8,0.11,7.04,0.08,0.97,0.0,0.0,0.0,0.0,10.393615478704792,2.132177711738805,8.560145355834694,2.818282638629179
1230.0,0.15,142,55.40999999999999,3.463125,4.130103781632666,COMPARE OFF,COMPARE OFF,COMPARE OFF,0,19,2,10,0.06,7.75,0.1,1.26,0.0,0.0,0.0,0.0,11.221190502218263,0.5908312430284369,7.434057989028736,0.1774446261834919
1235.0,0.05,155,59.17999999999999,3.69875,3.943189793730486,COMPARE OFF,COMPARE OFF,COMPARE OFF,2,22,4,11,0.12,8.67,0.23,1.76,0.0,0.0,0.0,0.0,3.395529660327226,0.8193808474849358,5.501784721346893,2.335781560893771e-05
1240.0,-0.06,130,60.99,3.811875,4.757544378160349,COMPARE OFF,COMPARE OFF,COMPARE OFF,3,20,1,8,0.3,9.58,0.22,1.86,0.0,0.0,0.0,0.0,7.5266207669842,2.234043006076321,4.793965263023921,1.5056493727618192
1245.0,-0.18,116,59.13,3.695625,5.491141806729021,COMPARE OFF,COMPARE OFF,COMPARE OFF,2,18,0,8,0.32,9.84,0.04,2.17,0.0,0.0,0.0,0.0,8.924309539257838,3.851405796972809,11.07401325895869,4.66246423840034
1250.0,-0.02,115,52.56999999999999,3.2856250000000005,5.383619672172276,COMPARE OFF,COMPARE OFF,COMPARE OFF,1,16,0,6,0.21,9.32,0.04,2.07,0.0,0.0,0.0,0.0,7.330769119817707,2.9481722793112928,11.099921477596002,6.752022871185404
1255.0,0.11,123,48.67,3.041875,4.637910457685322,COMPARE OFF,COMPARE OFF,COMPARE OFF,4,17,1,3,0.1,9.07,0.1,1.46,0.0,0.0,0.0,0.0,3.067440613280182,2.063946879845919,5.747837525210919,6.550065149743676
1260.0,0.1099999999999999,116,44.46,2.7787500000000005,4.917348381653511,COMPARE OFF,COMPARE OFF,COMPARE OFF,3,18,3,2,0.23,8.01,0.19,1.29,0.0,0.0,0.0,0.0,2.166554195019262,2.0006353162295287,4.601923526600041,5.988594625347076
1265.0,-0.13,124,44.48,2.78,4.317634847783421,COMPARE OFF,COMPARE OFF,COMPARE OFF,5,18,2,4,0.49,7.47,0.24,1.12,0.0,0.0,0.0,0.0,1.718411728754149,1.419448915120424,8.56734585496719,3.8217893351421175
1270.0,-0.26,126,43.690000000000005,2.730625,4.182857788091424,COMPARE OFF,COMPARE OFF,COMPARE OFF,1,16,0,9,0.13,7.54,0.06,1.35,0.0,0.0,0.0,0.0,4.478695283557923,1.7061928524199286,11.784231419137509,1.957443999497045
1275.0,0.36,133,41.66,2.60375,4.362148280260986,COMPARE OFF,COMPARE OFF,COMPARE OFF,0,19,2,11,0.03,8.39,0.14,1.88,0.0,0.0,0.0,0.0,10.904647238062006,2.70014683477694,7.791533679045462,2.987982679525035
1280.0,0.1,147,40.440000000000005,2.5275,4.219415826970862,COMPARE OFF,COMPARE OFF,COMPARE OFF,0,20,4,10,0.03,8.77,0.31,1.93,0.0,0.0,0.0,0.0,11.89015249699787,2.3916901466700144,2.697671796299149,2.8084330301809564
1285.0,0.0,135,42.84,2.6775,4.016673140723173,COMPARE OFF,COMPARE OFF,COMPARE OFF,0,19,1,6,0.06,9.35,0.31,1.42,0.0,0.0,0.0,0.0,10.898872630570612,2.6690278614146363,5.894050170127453,1.2378781967380164
1290.0,-0.03,137,44.99,2.811875,4.532110739698041,COMPARE OFF,COMPARE OFF,COMPARE OFF,0,19,0,5,0.03,9.59,0.09,1.52,0.0,0.0,0.0,0.0,11.651083584573293,3.277326212886023,12.285829345530477,4.409074301122219
1295.0,0.03,122,45.9,2.8687500000000004,4.715074854866579,COMPARE OFF,COMPARE OFF,COMPARE OFF,0,18,0,6,0.0,9.06,0.09,1.57,0.0,0.0,0.0,0.0,11.607794109352346,3.4842390614214374,11.08504482289885,4.981184902686752
1300.0,0.03,118,44.07,2.754375,4.600505005706713,COMPARE OFF,COMPARE OFF,COMPARE OFF,1,18,3,7,0.0,8.88,0.17,1.66,0.0,0.0,0.0,0.0,1.5583627713064334,1.9689111076181447,0.2284283322280301,3.564603327021097
1305.0,0.0,117,43.98,2.74875,4.387861875143418,COMPARE OFF,COMPARE OFF,COMPARE OFF,3,16,3,10,0.13,8.2,0.32,2.08,0.0,0.0,0.0,0.0,3.5844269296110447,1.202691657536523,6.176125056765176,0.916629524924179
1310.0,-0.13,120,43.83,2.739375,4.492751921001255,COMPARE OFF,COMPARE OFF,COMPARE OFF,0,12,3,10,0.0,7.61,0.44,2.28,0.0,0.0,0.0,0.0,4.109801169561367,2.3506243035512573,7.543607938704137,0.5702117012256533
1315.0,0.13,121,44.98,2.81125,4.719932135363363,COMPARE OFF,COMPARE OFF,COMPARE OFF,0,7,1,10,0.06,7.14,0.42,2.73,0.0,0.0,0.0,0.0,12.058621537543807,4.057135648008519,9.56735633320999,0.9091855442979512
1320.0,-0.06,127,45.19999999999999,2.825,4.473800887909011,COMPARE OFF,COMPARE OFF,COMPARE OFF,0,14,0,7,0.07,6.91,0.1,2.66,0.0,0.0,0.0,0.0,11.589956176475544,3.138761816248612,11.03246615410547,3.4697396828807263
1325.0,-0.01,111,40.67,2.541875,4.949970857079583,COMPARE OFF,COMPARE OFF,COMPARE OFF,0,15,1,5,0.04,6.39,0.11,2.12,0.0,0.0,0.0,0.0,10.005658596373625,2.693464182255373,9.280261470555269,4.973010848323471
1330.0,0.03,102,34.25,2.140625,5.65052103614302,COMPARE OFF,COMPARE OFF,COMPARE OFF,1,15,4,4,0.08,6.25,0.24,1.26,0.0,0.0,0.0,0.0,9.531323093626764,2.028824549579966,3.908249476806235,3.725267201032164
1335.0,-0.04,106,32.26,2.01625,5.027206075812767,COMPARE OFF,COMPARE OFF,COMPARE OFF,1,14,7,6,0.12,5.29,0.57,1.01,0.0,0.0,0.0,0.0,6.0278117266998,1.8423971830266248,3.2441922080480343,0.0253982790001084
1340.0,-0.0399999999999999,96,30.46,1.90375,5.166543788554925,COMPARE OFF,COMPARE OFF,COMPARE OFF,1,12,5,5,0.03,5.58,0.63,1.07,0.0,0.0,0.0,0.0,3.996527279177152,1.645348623541692,5.449627921783306,0.5289774103597151
1345.0,0.09,117,32.25,2.015625,4.396593921420482,COMPARE OFF,COMPARE OFF,COMPARE OFF,3,14,3,5,0.15,5.88,0.55,1.28,0.0,0.0,0.0,0.0,5.20899368905475,0.7963665702140419,5.341279814794957,1.5582890675234249
1350.0,-0.12,111,33.15,2.071875,4.519327826575303,COMPARE OFF,COMPARE OFF,COMPARE OFF,2,13,4,2,0.25,5.75,0.66,0.75,0.0,0.0,0.0,0.0,6.504743890922927,2.2954968674727554,0.3904866601599849,5.102865302144643
1355.0,-0.1,115,34.97,2.185625,4.921870213776175,COMPARE OFF,COMPARE OFF,COMPARE OFF,3,10,7,0,0.41,5.53,1.07,0.0,0.0,0.0,0.0,0.0,4.623154860952301,4.073580712244742,3.8985490805993273,13.378852241985314
1360.0,-0.1599999999999999,114,35.84,2.24,4.369626555943749,COMPARE OFF,COMPARE OFF,COMPARE OFF,0,11,7,0,0.07,5.18,1.39,0.0,0.0,0.0,0.0,0.0,6.777201497365144,1.7730450964198254,5.03039996888952,4.85255646149992
1365.0,0.3399999999999999,124,39.34,2.45875,4.341022359634538,COMPARE OFF,COMPARE OFF,COMPARE OFF,0,13,3,1,0.03,5.85,1.3,0.04,0.0,0.0,0.0,0.0,9.596096883609068,2.537391609788368,5.279068819144692,0.0012327877450673
1370.0,0.04,131,40.7,2.54375,3.805700458854841,COMPARE OFF,COMPARE OFF,COMPARE OFF,0,11,3,1,0.0,5.05,1.08,0.12,0.0,0.0,0.0,0.0,0.0,4.131217655136023,2.095766688707606,7.309682892411661
1375.0,0.03,123,38.34,2.39625,4.0362553137318615,COMPARE OFF,COMPARE OFF,COMPARE OFF,0,4,4,1,0.0,3.4,1.2,0.08,0.0,0.0,0.0,0.0,9.375278469119252,4.708497384343756,3.38957435264493,7.738009078592396
1380.0,0.0,134,40.04,2.5025000000000004,3.783259024378244,COMPARE OFF,COMPARE OFF,COMPARE OFF,0,10,7,0,0.0,3.06,1.48,0.06,0.0,0.0,0.0,0.0,11.303728016968847,2.4711464623035826,3.744741788917092,12.715961422618127
1385.0,0.0,119,42.24,2.64,4.1823231900343565,COMPARE OFF,COMPARE OFF,COMPARE OFF,0,14,5,1,0.0,3.32,1.23,0.04,0.0,0.0,0.0,0.0,12.32655588832722,0.1026985160312038,4.259685506968192,9.773172773790714
1390.0,0.0,104,40.400000000000006,2.525,4.734277180336375,COMPARE OFF,COMPARE OFF,COMPARE OFF,1,10,6,0,0.03,3.58,0.98,0.03,0.0,0.0,0.0,0.0,9.23204723098282,2.790410068541766,3.507239128024042,8.729122976297562
1395.0,-0.03,86,37.08,2.3175,5.656510595862821,COMPARE OFF,COMPARE OFF,COMPARE OFF,0,5,6,0,0.03,2.84,1.0,0.0,0.0,0.0,0.0,0.0,12.711686625891028,2.7344075977755864,5.373228446443346,14.00473193217256
1400.0,0.0,83,33.03,2.064375,5.912924216666877,COMPARE OFF,COMPARE OFF,COMPARE OFF,0,7,4,1,0.03,2.68,1.1,0.02,0.0,0.0,0.0,0.0,10.667513547027742,2.447843326605221,6.646958150081388,0.0033098621349751
1405.0,0.0,84,33.23,2.076875,5.488547569509899,COMPARE OFF,COMPARE OFF,COMPARE OFF,0,6,2,1,0.03,2.26,0.96,0.07,0.0,0.0,0.0,0.0,12.882944930059988,0.303995128410045,7.241126412083815,0.0
1410.0,0.0,97,33.120000000000005,2.0700000000000003,5.113834659120187,COMPARE OFF,COMPARE OFF,COMPARE OFF,0,6,1,1,0.03,1.1,0.46,0.05,0.0,0.0,0.0,0.0,10.26172938930278,0.0,7.020128493080365,7.812877132284103
1415.0,0.0,100,32.79,2.049375,5.179463352334618,COMPARE OFF,COMPARE OFF,COMPARE OFF,0,4,6,0,0.0,1.05,0.71,0.0,0.0,0.0,0.0,0.0,10.647531230523164,2.70928564975813,6.282979081787765,12.271643386045408
1420.0,0.03,97,31.1,1.94375,4.665865767936151,COMPARE OFF,COMPARE OFF,COMPARE OFF,0,2,9,0,0.03,0.6,1.13,0.0,0.0,0.0,0.0,0.0,10.590399069273392,5.4081049757799065,4.923534640756802,10.332029437053508
1425.0,-0.03,112,31.18,1.94875,4.49918683102923,COMPARE OFF,COMPARE OFF,COMPARE OFF,1,1,10,1,0.0,0.26,1.25,0.03,0.0,0.0,0.0,0.0,9.4509419113102,0.5596884669005439,3.810824189020902,2.6332663911807592
1430.0,0.03,114,34.260000000000005,2.1412500000000003,4.656566864448696,COMPARE OFF,COMPARE OFF,COMPARE OFF,0,2,7,2,0.03,0.36,1.45,0.12,0.0,0.0,0.0,0.0,10.490904840914284,0.0,0.9618227904052564,6.453330919900337
1435.0,-0.03,105,35.86,2.24125,4.694008016252826,COMPARE OFF,COMPARE OFF,COMPARE OFF,0,2,10,1,0.03,0.46,1.66,0.12,0.0,0.0,0.0,0.0,11.220270849515297,0.0,0.5425357156549546,8.028491587451608
1440.0,0.0,104,37.28,2.33,4.878921147548248,COMPARE OFF,COMPARE OFF,COMPARE OFF,0,2,9,1,0.0,0.56,1.63,0.17,0.0,0.0,0.0,0.0,11.335318538598798,0.0,0.5579447870493107,9.895175947207573
1445.0,0.03,100,37.72,2.3575,4.90186678493988,COMPARE OFF,COMPARE OFF,COMPARE OFF,0,1,8,0,0.0,0.23,1.61,0.03,0.0,0.0,0.0,0.0,13.693662398922529,0.0,0.2972992512595101,8.718917653913962
1450.0,0.0,96,38.120000000000005,2.3825,5.064718115793711,COMPARE OFF,COMPARE OFF,COMPARE OFF,0,1,8,0,0.03,0.31,1.68,0.0,0.0,0.0,0.0,0.0,8.522920193639152,6.868934086962656,0.1830540525626714,11.599108387303325
1455.0,-0.03,92,35.809999999999995,2.238125,4.933781097856136,COMPARE OFF,COMPARE OFF,COMPARE OFF,0,1,7,1,0.03,0.33,1.82,0.01,0.0,0.0,0.0,0.0,12.058525742518936,7.27528317504922,3.838932712610693,5.939184973233755
1460.0,0.0,97,30.69,1.918125,5.027169870580567,COMPARE OFF,COMPARE OFF,COMPARE OFF,0,1,5,1,0.0,0.38,1.54,0.06,0.0,0.0,0.0,0.0,13.249816486495549,7.5735396597244415,5.711237627100037,0.5828550336884731
1465.0,0.03,97,29.960000000000004,1.8725000000000005,4.629543752628186,COMPARE OFF,COMPARE OFF,COMPARE OFF,1,0,2,2,0.03,0.0,1.16,0.15,0.0,0.0,0.0,0.0,7.363873768124167,1.5683353060437215,5.748934744736005,5.754066837036064e-05
1470.0,-0.03,86,27.76,1.735,5.358789834902749,COMPARE OFF,COMPARE OFF,COMPARE OFF,0,2,2,2,0.03,0.06,0.77,0.28,0.0,0.0,0.0,0.0,11.653980139499485,0.0008586834182288,1.833113400585337,3.9936914114274953
1475.0,0.0,71,27.29,1.705625,5.399171934139305,COMPARE OFF,COMPARE OFF,COMPARE OFF,0,0,2,0,0.03,0.0,0.44,0.03,0.0,0.0,0.0,0.0,10.06940861021968,0.0,7.119146860623108,11.430604922161876
1480.0,0.0,78,26.83,1.676875,5.519829992765443,COMPARE OFF,COMPARE OFF,COMPARE OFF,0,0,3,0,0.09,0.0,0.59,0.03,0.0,0.0,0.0,0.0,10.799596646190302,15.7989825938209,7.005731242030251,10.868566401577992
1485.0,-0.06,90,27.96,1.7475,4.9710532432924674,COMPARE OFF,COMPARE OFF,COMPARE OFF,2,0,4,0,0.09,0.0,0.76,0.03,0.0,0.0,0.0,0.0,7.190227266193851,16.20380084333802,4.403555030367477,6.32211588083295
1490.0,0.0,93,30.42,1.90125,4.811538123204225,COMPARE OFF,COMPARE OFF,COMPARE OFF,3,0,6,1,0.23,0.0,1.0,0.08,0.0,0.0,0.0,0.0,5.542417129811688,1.834352768191259,0.0058966282218239,0.0
1495.0,-0.14,94,31.570000000000004,1.973125,4.704964975468874,COMPARE OFF,COMPARE OFF,COMPARE OFF,3,1,5,0,0.38,0.04,0.72,0.0,0.0,0.0,0.0,0.0,6.426522936403408,6.389538959451177,0.0,0.0
1500.0,-0.15,89,32.74000000000001,2.04625,5.013665705284988,COMPARE OFF,COMPARE OFF,COMPARE OFF,3,1,5,0,0.53,0.12,0.97,0.0,0.0,0.0,0.0,0.0,6.702991141620696,10.353718448965024,0.0,0.0
1505.0,-0.15,80,31.77,1.985625,5.024647414373344,COMPARE OFF,COMPARE OFF,COMPARE OFF,3,1,2,0,0.43,0.17,0.76,0.0,0.0,0.0,0.0,0.0,4.6012803977010055,9.81080008741668,4.837956826579049,0.0
1510.0,0.1,88,31.82,1.98875,5.435647413744716,COMPARE OFF,COMPARE OFF,COMPARE OFF,4,2,0,0,0.17,0.25,0.23,0.03,0.0,0.0,0.0,0.0,3.722578391917368,8.282190549328929,9.003264461318233,10.501832536863622
1515.0,0.26,87,30.84,1.9275,5.003706264081145,COMPARE OFF,COMPARE OFF,COMPARE OFF,3,2,0,0,0.26,0.14,0.03,0.03,0.0,0.0,0.0,0.0,3.53373810063767,4.205128901076786,9.460914153805655,12.913596980931558
1520.0,-0.09,84,27.7,1.73125,5.453294581112085,COMPARE OFF,COMPARE OFF,COMPARE OFF,4,2,0,0,0.32,0.15,0.0,0.03,0.0,0.0,0.0,0.0,2.0508470612741507,5.708073257276018,9.275548248856577,10.503328140579782
1525.0,-0.06,77,28.340000000000003,1.7712499999999998,5.516829169162014,COMPARE OFF,COMPARE OFF,COMPARE OFF,2,2,0,1,0.27,0.25,0.06,0.06,0.0,0.0,0.0,0.0,7.316539963784285,3.6078451114402896,11.565113087993897,8.09020126403351
1530.0,0.0499999999999999,98,31.239999999999995,1.9525,4.958421589070102,COMPARE OFF,COMPARE OFF,COMPARE OFF,2,2,1,0,0.33,0.41,0.07,0.0,0.0,0.0,0.0,0.0,6.72518226784353,6.707234105394848,8.66549233192655,8.719826428808162
1535.0,-0.06,110,34.43,2.151875,4.183707936642218,COMPARE OFF,COMPARE OFF,COMPARE OFF,2,0,2,0,0.06,0.22,0.16,0.0,0.0,0.0,0.0,0.0,7.163126386754142,8.349470243685385,4.024709828565169,9.73280247815784
1540.0,0.27,113,36.31999999999999,2.27,4.17177535077498,COMPARE OFF,COMPARE OFF,COMPARE OFF,4,0,3,0,0.21,0.03,0.24,0.0,0.0,0.0,0.0,0.0,5.143786273672115,10.79697260137456,0.995363133271556,5.240855515540113
1545.0,-0.15,108,33.05,2.0656250000000003,4.43592639718064,COMPARE OFF,COMPARE OFF,COMPARE OFF,2,1,0,1,0.3,0.06,0.11,0.08,0.0,0.0,0.0,0.0,7.826060003813189,1.3130811375928892,4.260288101962968,7.971767017065661
1550.0,-0.09,103,34.070000000000014,2.129375,4.661658573508466,COMPARE OFF,COMPARE OFF,COMPARE OFF,4,1,0,0,0.42,0.14,0.0,0.03,0.0,0.0,0.0,0.0,6.799619747547997,7.347618817973532,0.0,10.089147394317871
1555.0,-0.12,82,34.19,2.1368750000000003,5.040581470556455,COMPARE OFF,COMPARE OFF,COMPARE OFF,1,0,0,0,0.21,0.07,0.0,0.03,0.0,0.0,0.0,0.0,6.428885147124706,13.246521198426151,10.483943980460086,10.382605930685438
1560.0,0.21,67,33.59,2.099375,5.641301343480178,COMPARE OFF,COMPARE OFF,COMPARE OFF,1,0,0,1,0.1,0.13,0.0,0.06,0.0,0.0,0.0,0.0,7.6519431003849725,10.621604041494956,15.065697040627942,7.551411946981359
1565.0,0.1099999999999999,63,33.35999999999999,2.085,5.265657280383792,COMPARE OFF,COMPARE OFF,COMPARE OFF,2,2,0,1,0.16,0.18,0.03,0.06,0.0,0.0,0.0,0.0,7.848859227220293,8.958111007046854,13.07579717153908,1.0213893111359127
1570.0,-0.06,76,32.42999999999999,2.026875,4.948121972811541,COMPARE OFF,COMPARE OFF,COMPARE OFF,1,0,0,2,0.09,0.15,0.03,0.12,0.0,0.0,0.0,0.0,9.738288152234103,8.55430398944456,12.13987582834816,0.0
1575.0,0.07,99,34.75000000000001,2.171875,4.366892039080197,COMPARE OFF,COMPARE OFF,COMPARE OFF,1,2,0,1,0.15,0.11,0.03,0.06,0.0,0.0,0.0,0.0,11.46549677479024,3.338018099485705,13.028011681804491,0.07340813951599
1580.0,-0.06,100,34.52,2.1575,3.9899870603227656,COMPARE OFF,COMPARE OFF,COMPARE OFF,1,3,1,1,0.05,0.17,0.04,0.11,0.0,0.0,0.0,0.0,9.30785052052435,0.7254691142077314,0.371752267545584,0.0
1585.0,0.0999999999999999,79,30.59,1.911875,4.775838783789501,COMPARE OFF,COMPARE OFF,COMPARE OFF,4,0,0,0,0.17,0.1,0.06,0.06,0.0,0.0,0.0,0.0,5.768504319070605,2.909887684033926,9.030105807078389,12.833455793672094
1590.0,-0.12,85,29.91,1.869375,5.320061493572483,COMPARE OFF,COMPARE OFF,COMPARE OFF,9,1,0,0,0.43,0.12,0.03,0.09,0.0,0.0,0.0,0.0,1.1741902574046843,0.7103086904501809,11.169162429252722,13.09906654489807
1595.0,-0.26,78,29.370000000000005,1.835625,5.44733004013749,COMPARE OFF,COMPARE OFF,COMPARE OFF,6,3,0,0,0.61,0.23,0.03,0.06,0.0,0.0,0.0,0.0,2.2310557730834817,0.0005168597776261,11.397018183454025,11.07934279618357
1600.0,-0.18,86,29.46,1.84125,4.588648339521341,COMPARE OFF,COMPARE OFF,COMPARE OFF,5,3,1,1,0.75,0.41,0.04,0.07,0.0,0.0,0.0,0.0,1.9397259667893485,6.507783690679257,5.674025465543205,5.921893688361609
1605.0,-0.14,75,26.93,1.683125,4.938019791928406,COMPARE OFF,COMPARE OFF,COMPARE OFF,1,1,0,4,0.49,0.34,0.02,0.2,0.0,0.0,0.0,0.0,5.579684875317404,8.50361622069976,7.758489714920356,0.0014803367837277
1610.0,0.26,70,24.17,1.510625,5.6161968305614325,COMPARE OFF,COMPARE OFF,COMPARE OFF,2,0,0,1,0.27,0.03,0.0,0.19,0.0,0.0,0.0,0.0,7.887293424781821,11.480375606457882,13.728835789697536,4.301916347525354
1615.0,0.2199999999999999,71,21.24,1.3275,5.675676460434967,COMPARE OFF,COMPARE OFF,COMPARE OFF,1,2,1,1,0.12,0.07,0.01,0.18,0.0,0.0,0.0,0.0,9.11916603462602,0.947036334618411,0.0198434353983899,6.05252785085138
1620.0,0.15,68,21.130000000000003,1.3206250000000002,5.6473549626193424,COMPARE OFF,COMPARE OFF,COMPARE OFF,2,4,1,0,0.19,0.22,0.06,0.03,0.0,0.0,0.0,0.0,8.290790262848468,0.0046393046844064,0.0,12.285912702226009
1625.0,-0.07,80,21.56,1.3475,4.943899257955689,COMPARE OFF,COMPARE OFF,COMPARE OFF,3,4,1,0,0.14,0.42,0.11,0.0,0.0,0.0,0.0,0.0,6.359940366517466,0.0,0.0,0.0
1630.0,0.0499999999999999,91,22.16,1.385,4.438046850296376,COMPARE OFF,COMPARE OFF,COMPARE OFF,2,0,1,0,0.24,0.26,0.16,0.06,0.0,0.0,0.0,0.0,7.248537325730761,7.266734618159306,0.0,12.20298772389851
1635.0,-0.0999999999999999,104,23.75,1.484375,3.26964433659408,COMPARE OFF,COMPARE OFF,COMPARE OFF,4,0,1,0,0.38,0.03,0.23,0.06,0.0,0.0,0.0,0.0,4.658649084655332,12.769362944957065,7.481920556138508,11.660114056658315
1640.0,-0.14,86,22.2,1.3875000000000002,4.312342082795806,COMPARE OFF,COMPARE OFF,COMPARE OFF,4,0,1,0,0.58,0.03,0.28,0.03,0.0,0.0,0.0,0.0,5.195163814599444,12.46645232297552,9.24857797503644,7.74946696437333
1645.0,-0.1999999999999999,82,19.8,1.2375,4.336010054489669,COMPARE OFF,COMPARE OFF,COMPARE OFF,4,1,2,1,0.78,0.06,0.37,0.06,0.0,0.0,0.0,0.0,2.1618223503489,5.65773401177239,7.493731948967751,6.735336915859158
1650.0,-0.2,67,18.2,1.1375,5.532853802705453,COMPARE OFF,COMPARE OFF,COMPARE OFF,2,3,2,1,0.68,0.2,0.47,0.04,0.0,0.0,0.0,0.0,4.288082546308944,4.653549151423701,6.346106942248881,1.2291319659764552
1655.0,0.0999999999999999,55,16.63,1.0393750000000002,5.726483589692653,COMPARE OFF,COMPARE OFF,COMPARE OFF,2,2,0,0,0.27,0.26,0.05,0.0,0.0,0.0,0.0,0.0,7.3684551722271,6.138644995724656,8.932138818862597,0.0
1660.0,0.41,54,14.579999999999998,0.91125,6.34064025720804,COMPARE OFF,COMPARE OFF,COMPARE OFF,1,2,0,0,0.24,0.32,0.06,0.06,0.0,0.0,0.0,0.0,11.011273684416022,6.957564336743655,9.445931826875452,11.799900848446615
1665.0,0.03,62,14.14,0.88375,5.815213763789178,COMPARE OFF,COMPARE OFF,COMPARE OFF,3,0,0,0,0.3,0.17,0.03,0.07,0.0,0.0,0.0,0.0,6.819896365782496,10.79851122701197,8.69863377112407,11.271156628897613
1670.0,-0.06,68,15.12,0.945,5.251319665052524,COMPARE OFF,COMPARE OFF,COMPARE OFF,3,0,1,0,0.26,0.12,0.13,0.07,0.0,0.0,0.0,0.0,5.628122269363619,8.649288930616136,8.950719904056077,11.96867320546263
1675.0,0.0399999999999999,69,16.220000000000002,1.0137500000000002,4.685201892157571,COMPARE OFF,COMPARE OFF,COMPARE OFF,3,2,1,1,0.3,0.13,0.15,0.09,0.0,0.0,0.0,0.0,5.070200353284017,6.371870241192427,11.068039155569538,6.85996306511501
1680.0,-0.0399999999999999,73,15.67,0.979375,5.466504674439536,COMPARE OFF,COMPARE OFF,COMPARE OFF,2,4,1,2,0.31,0.3,0.2,0.1,0.0,0.0,0.0,0.0,6.797184517776669,7.440519853416495,9.333078110234224,2.8285009414995748
1685.0,-0.01,64,15.840000000000003,0.99,5.222620041541942,COMPARE OFF,COMPARE OFF,COMPARE OFF,4,3,0,3,0.44,0.42,0.03,0.18,0.0,0.0,0.0,0.0,2.998512536873247,6.966822705474598,5.36372219650232,0.0010956530431795
1690.0,-0.13,49,14.48,0.905,6.6790500546563365,COMPARE OFF,COMPARE OFF,COMPARE OFF,6,4,0,1,0.7,0.45,0.0,0.29,0.0,0.0,0.0,0.0,2.9704761635708987,6.55780031705348,10.534920380367472,9.950860284507508
1695.0,-0.2599999999999999,48,14.37,0.8981249999999998,6.405702684132553,COMPARE OFF,COMPARE OFF,COMPARE OFF,7,5,0,1,1.04,0.52,0.06,0.26,0.0,0.0,0.0,0.0,1.7569013235573454,6.222418220039365,10.384719318283423,11.044272325430036
1700.0,-0.3400000000000001,59,14.51,0.906875,5.866874956199435,COMPARE OFF,COMPARE OFF,COMPARE OFF,3,3,1,1,0.85,0.47,0.1,0.28,0.0,0.0,0.0,0.0,2.273938409606003,7.163701452731195,10.975920767384949,8.21793501738862
1705.0,0.19,62,13.08,0.8175,5.919676879065898,COMPARE OFF,COMPARE OFF,COMPARE OFF,0,2,1,2,0.3,0.55,0.21,0.15,0.0,0.0,0.0,0.0,9.385406963799213,6.528592265692308,10.167594576404836,5.25541463627189
1710.0,0.55,69,13.72,0.8574999999999999,4.944534219454524,COMPARE OFF,COMPARE OFF,COMPARE OFF,0,2,3,5,0.03,0.51,0.28,0.26,0.0,0.0,0.0,0.0,5.337738301218879,6.719491945258688,4.559470824146714,0.1721051259095401
1715.0,0.27,74,15.18,0.94875,4.927543316681609,COMPARE OFF,COMPARE OFF,COMPARE OFF,1,3,3,5,0.05,0.37,0.41,0.43,0.0,0.0,0.0,0.0,4.526458458617623,6.188316774253182,2.393501121539677,0.4936935464542772
1720.0,-0.02,73,15.36,0.96,5.279063590452903,COMPARE OFF,COMPARE OFF,COMPARE OFF,2,7,6,2,0.13,0.43,0.62,0.37,0.0,0.0,0.0,0.0,4.256520216119297,4.82298581558697,3.641224801739313,2.5856885919337764
1725.0,-0.08,52,13.749999999999998,0.859375,6.418778781809973,COMPARE OFF,COMPARE OFF,COMPARE OFF,2,5,0,2,0.23,0.57,0.37,0.38,0.0,0.0,0.0,0.0,4.309233118416213,4.984879489213779,8.051515993380253,7.832362833291883
1730.0,-0.1,54,14.18,0.8862500000000002,6.762017894446477,COMPARE OFF,COMPARE OFF,COMPARE OFF,0,5,0,3,0.03,0.58,0.06,0.55,0.0,0.0,0.0,0.0,10.847189569736544,5.439927373311547,11.94735552341315,8.525635401899207
1735.0,0.2,65,15.53,0.9706249999999998,5.531328545172533,COMPARE OFF,COMPARE OFF,COMPARE OFF,0,6,1,3,0.03,0.56,0.12,0.7,0.0,0.0,0.0,0.0,9.69768438329583,5.297059819283848,8.033146475119258,7.01328226708831
1740.0,0.0,67,15.03,0.939375,5.086361207638673,COMPARE OFF,COMPARE OFF,COMPARE OFF,0,7,3,2,0.03,0.75,0.26,0.42,0.0,0.0,0.0,0.0,10.703260457720583,5.678672099170635,8.401494534708082,4.398947652970936
1745.0,0.0,63,14.39,0.899375,4.894220894488509,COMPARE OFF,COMPARE OFF,COMPARE OFF,1,10,6,2,0.03,1.12,0.47,0.19,0.0,0.0,0.0,0.0,2.508861596856485,3.048551557243481,4.761557402430915,1.971169592836032
1750.0,0.0,61,15.21,0.950625,5.339337926469684,COMPARE OFF,COMPARE OFF,COMPARE OFF,2,11,3,6,0.14,1.51,0.49,0.35,0.0,0.0,0.0,0.0,6.6394294285478015,4.052909657271393,1.837616628756752,0.4964631036448229
1755.0,-0.11,61,15.22,0.95125,5.438566667508535,COMPARE OFF,COMPARE OFF,COMPARE OFF,2,9,2,5,0.24,1.54,0.5,0.63,0.0,0.0,0.0,0.0,7.720326885587468,4.610006983946935,6.604008822246078,6.936897134893761
1760.0,-0.0999999999999999,63,16.87,1.054375,5.665927816044686,COMPARE OFF,COMPARE OFF,COMPARE OFF,2,1,1,4,0.34,1.18,0.31,0.71,0.0,0.0,0.0,0.0,7.735852775265324,4.597456462204452,8.357417670494886,7.054168073940432
1765.0,-0.1,57,16.38,1.0237500000000002,6.031480292389476,COMPARE OFF,COMPARE OFF,COMPARE OFF,2,7,2,3,0.25,1.03,0.23,0.69,0.0,0.0,0.0,0.0,4.472268700144049,2.0389158575517183,9.828397641127712,8.028529039579254
1770.0,0.09,55,16.5,1.0312500000000002,5.276060488408934,COMPARE OFF,COMPARE OFF,COMPARE OFF,1,6,4,2,0.06,1.13,0.38,0.5,0.0,0.0,0.0,0.0,3.543078649860346,4.171871079384927,6.604971933101206,5.701406430594923
1775.0,0.19,55,16.729999999999997,1.045625,5.670568816440668,COMPARE OFF,COMPARE OFF,COMPARE OFF,0,4,8,5,0.0,0.92,0.73,0.48,0.0,0.0,0.0,0.0,5.692013007727976,6.258425762568853,3.28549930446992,3.5284028813683936
1780.0,0.06,56,16.5,1.03125,5.373570829819735,COMPARE OFF,COMPARE OFF,COMPARE OFF,2,2,5,7,0.11,0.7,0.69,0.61,0.0,0.0,0.0,0.0,6.463959353814168,7.050449155562235,5.749906637408977,0.4321431990371893
1785.0,-0.11,57,17.750000000000004,1.109375,5.83895660877901,COMPARE OFF,COMPARE OFF,COMPARE OFF,0,2,0,10,0.1,0.75,0.32,1.16,0.0,0.0,0.0,0.0,8.707786206975463,5.361799995388301,7.90645284944559,4.524857432181709
1790.0,0.0099999999999999,58,17.429999999999996,1.089375,5.4816232932271305,COMPARE OFF,COMPARE OFF,COMPARE OFF,1,6,3,7,0.07,0.84,0.34,1.25,0.0,0.0,0.0,0.0,6.582522903445739,3.829574195265125,5.899560509094543,6.197201588669629
1795.0,0.03,63,16.21,1.013125,5.16789552552196,COMPARE OFF,COMPARE OFF,COMPARE OFF,1,10,6,5,0.13,1.34,0.56,1.18,0.0,0.0,0.0,0.0,4.458996426772146,3.806417945262273,2.8807404786554645,6.127113240368494
1800.0,-0.06,61,16.07,1.004375,5.015318110750732,COMPARE OFF,COMPARE OFF,COMPARE OFF,0,13,8,7,0.03,1.63,0.66,1.33,0.0,0.0,0.0,0.0,14.207318125802043,4.081637874111422,0.4141794390946103,5.095769604193782
1805.0,0.1,47,14.089999999999998,0.880625,5.935248674706774,COMPARE OFF,COMPARE OFF,COMPARE OFF,0,12,2,7,0.03,1.99,0.54,1.47,0.0,0.0,0.0,0.0,14.37612102607894,3.606883958060484,4.614165024837556,6.097333953938576
1810.0,0.0,46,12.63,0.789375,6.3831533399865314,COMPARE OFF,COMPARE OFF,COMPARE OFF,0,6,3,9,0.03,1.51,0.59,1.58,0.0,0.0,0.0,0.0,11.26759393444842,3.366480251575543,4.434611001885674,3.205283540893661
1815.0,0.0,49,13.160000000000002,0.8225,6.885603106886102,COMPARE OFF,COMPARE OFF,COMPARE OFF,0,5,6,12,0.09,1.09,0.92,1.67,0.0,0.0,0.0,0.0,11.53408987089452,3.354782124104564,5.975143409406725,2.815923300051601
1820.0,-0.06,48,13.999999999999998,0.875,6.098537621510135,COMPARE OFF,COMPARE OFF,COMPARE OFF,0,8,8,11,0.06,1.2,1.17,1.79,0.0,0.0,0.0,0.0,10.262492889481637,3.750185189416191,4.8229657457440585,0.9647776913487166
1825.0,0.03,48,14.019999999999998,0.87625,5.195199733654858,COMPARE OFF,COMPARE OFF,COMPARE OFF,0,8,3,8,0.06,1.24,1.03,1.51,0.0,0.0,0.0,0.0,7.087334251053017,2.4392620404322645,4.836326353499608,1.2478832070377996
1830.0,0.0,45,13.779999999999998,0.8612500000000001,5.247573080904598,COMPARE OFF,COMPARE OFF,COMPARE OFF,2,5,2,8,0.12,1.3,0.78,1.76,0.0,0.0,0.0,0.0,3.1346912693913884,2.706410932645396,4.698215143893418,3.566407949439783
1835.0,-0.06,37,11.910000000000004,0.744375,6.171964799262051,COMPARE OFF,COMPARE OFF,COMPARE OFF,2,3,4,6,0.11,1.18,0.92,1.77,0.0,0.0,0.0,0.0,0.7702679899468419,2.152050064297281,4.358155695573053,6.710866681328315
1840.0,0.0099999999999999,36,10.919999999999998,0.6825,6.6335919991309495,COMPARE OFF,COMPARE OFF,COMPARE OFF,2,6,8,5,0.13,1.27,1.28,1.73,0.0,0.0,0.0,0.0,3.380275924185601,3.797030613965125,5.828315080245674,5.446708325885568
1845.0,-0.02,40,7.51,0.469375,6.825236517094302,COMPARE OFF,COMPARE OFF,COMPARE OFF,2,8,9,9,0.23,1.42,1.52,1.89,0.0,0.0,0.0,0.0,0.0448849682290438,4.267862221116277,5.179225062300945,2.6191540381699903
1850.0,-0.1,38,7.969999999999999,0.498125,5.870978759268398,COMPARE OFF,COMPARE OFF,COMPARE OFF,3,6,4,11,0.38,1.29,1.55,2.17,0.0,0.0,0.0,0.0,0.0,3.43604990995077,5.943686293855187,2.598733266083752
1855.0,-0.15,41,8.289999999999997,0.518125,5.510870230282815,COMPARE OFF,COMPARE OFF,COMPARE OFF,0,7,7,8,0.2,1.39,1.19,2.27,0.0,0.0,0.0,0.0,2.150872395620137,1.795969933881386,3.2485892329263755,4.488926919011874
1860.0,0.18,40,7.190000000000001,0.4493749999999999,5.524987238829992,COMPARE OFF,COMPARE OFF,COMPARE OFF,0,7,9,7,0.0,1.43,0.98,2.2,0.0,0.0,0.0,0.0,0.0,1.784618013549863,2.973964541607624,4.321950753319692
1865.0,0.2,37,6.39,0.399375,6.137123039618111,COMPARE OFF,COMPARE OFF,COMPARE OFF,0,5,15,5,0.0,1.51,1.61,1.62,0.0,0.0,0.0,0.0,0.0,4.220847159657927,2.38644513439912,4.357432520892114
1870.0,0.0,39,7.029999999999999,0.439375,5.643039556805458,COMPARE OFF,COMPARE OFF,COMPARE OFF,0,4,16,8,0.0,1.47,2.29,1.77,0.0,0.0,0.0,0.0,0.0,4.280632021270253,3.025194320470922,2.681036634461598
1875.0,0.0,38,7.979999999999999,0.49875,5.396562411682205,COMPARE OFF,COMPARE OFF,COMPARE OFF,0,5,12,7,0.0,1.56,2.43,1.89,0.0,0.0,0.0,0.0,6.740029047359712,3.5238665545459043,3.4886653315316587,2.521389851298734
1880.0,0.0,35,7.980000000000001,0.49875,5.061429455999829,COMPARE OFF,COMPARE OFF,COMPARE OFF,0,4,7,5,0.0,1.36,2.01,1.94,0.0,0.0,0.0,0.0,11.938438818076358,3.183657641852038,3.254515302087777,3.5453273888283983
1885.0,0.0,34,8.379999999999999,0.52375,4.501575657235724,COMPARE OFF,COMPARE OFF,COMPARE OFF,0,7,5,10,0.03,1.61,2.18,2.38,0.0,0.0,0.0,0.0,11.573143981665574,1.6333880109049912,2.7518532521085244,3.644245875966157
1890.0,-0.03,31,7.449999999999999,0.4656249999999999,5.344748536874676,COMPARE OFF,COMPARE OFF,COMPARE OFF,0,7,7,10,0.03,1.49,2.37,2.15,0.0,0.0,0.0,0.0,12.353879910812914,4.029810411126335,2.4476585343284696,3.141799718705081
1895.0,0.0,32,6.550000000000002,0.4093749999999999,5.184013758512287,COMPARE OFF,COMPARE OFF,COMPARE OFF,0,6,8,11,0.03,1.24,2.39,1.82,0.0,0.0,0.0,0.0,12.929902391194569,4.02565145086384,2.053553075086396,0.4322198188662561
1900.0,0.0,28,6.500000000000001,0.40625,6.050664771074479,COMPARE OFF,COMPARE OFF,COMPARE OFF,1,3,7,10,0.05,1.24,1.94,2.01,0.0,0.0,0.0,0.0,0.0027363437758627,3.3610625264455427,3.959926316982983,4.805981415670104
1905.0,-0.02,19,4.700000000000002,0.29375,6.891265034862451,COMPARE OFF,COMPARE OFF,COMPARE OFF,1,3,5,3,0.1,0.5,1.76,1.34,0.0,0.0,0.0,0.0,0.0,2.717732325605878,4.829533149047334,7.833996214148004
1910.0,-0.05,27,4.779999999999999,0.2987499999999999,6.032125020826156,COMPARE OFF,COMPARE OFF,COMPARE OFF,1,6,11,1,0.15,0.76,2.01,1.0,0.0,0.0,0.0,0.0,1.303418638999574,2.635667190088993,2.3695162760020363,6.03695678382732
1915.0,-0.0499999999999999,26,5.180000000000001,0.32375,6.054593769058687,COMPARE OFF,COMPARE OFF,COMPARE OFF,1,7,10,5,0.2,0.96,2.39,1.1,0.0,0.0,0.0,0.0,4.697370203488983,2.085225647854508,1.4707640558257538,4.457226930908922
1920.0,-0.05,31,6.0600000000000005,0.37875,5.150515245723084,COMPARE OFF,COMPARE OFF,COMPARE OFF,1,5,12,9,0.25,0.98,2.96,1.46,0.0,0.0,0.0,0.0,5.115386752572388,1.7109121051042375,1.97289895450015,1.7706050639638842
1925.0,-0.0499999999999999,26,6.240000000000001,0.39,5.288408396069355,COMPARE OFF,COMPARE OFF,COMPARE OFF,0,2,12,9,0.0,1.02,3.12,1.71,0.0,0.0,0.0,0.0,9.74669663989453,2.3809349145795125,2.915360118151249,0.4396134079398123
1930.0,0.25,20,5.550000000000001,0.346875,6.054323376072365,COMPARE OFF,COMPARE OFF,COMPARE OFF,0,2,6,7,0.0,0.83,2.49,1.79,0.0,0.0,0.0,0.0,10.890557763022391,2.055014152510158,3.754815088295673,4.2134554352274725
1935.0,0.0,24,5.369999999999999,0.335625,5.758245408208332,COMPARE OFF,COMPARE OFF,COMPARE OFF,0,5,4,7,0.03,1.02,1.8,1.99,0.0,0.0,0.0,0.0,13.726789274469525,0.2878664242599028,3.683536276795027,5.753390116796565
1940.0,-0.03,35,5.23,0.326875,5.141888643968195,COMPARE OFF,COMPARE OFF,COMPARE OFF,0,5,9,9,0.03,0.83,1.22,2.25,0.0,0.0,0.0,0.0,14.343066854735412,3.262690493054683,1.601950492169922,3.5378220244061795
1945.0,0.0,32,5.770000000000001,0.360625,4.78939693143252,COMPARE OFF,COMPARE OFF,COMPARE OFF,1,0,8,10,0.0,0.52,1.34,2.69,0.0,0.0,0.0,0.0,0.0,7.263208339436545,3.4263149043734606,0.922001470014282
1950.0,0.03,26,5.390000000000001,0.336875,5.63932105633898,COMPARE OFF,COMPARE OFF,COMPARE OFF,0,1,1,13,0.0,0.54,0.71,2.57,0.0,0.0,0.0,0.0,10.282646985592956,5.790805903317237,6.083287457180553,3.0584226492195605
1955.0,0.0,29,5.319999999999999,0.3325,5.639865619395449,COMPARE OFF,COMPARE OFF,COMPARE OFF,0,5,2,13,0.0,0.72,0.81,2.45,0.0,0.0,0.0,0.0,11.458520696483257,1.7341144315750847,3.502553041936375,4.428679215968884
1960.0,0.0,32,5.8100000000000005,0.363125,4.610569596516371,COMPARE OFF,COMPARE OFF,COMPARE OFF,0,5,7,13,0.0,0.77,1.05,2.56,0.0,0.0,0.0,0.0,0.0,0.5269256286135843,0.0897455723490729,1.2056345495912633
1965.0,0.0,24,4.83,0.301875,5.583333825708333,COMPARE OFF,COMPARE OFF,COMPARE OFF,0,3,9,6,0.0,0.5,1.51,1.94,0.0,0.0,0.0,0.0,0.0,0.9325604111337296,1.6148474716595544,1.480230611419534
1970.0,0.0,16,4.42,0.27625,7.051575925440038,COMPARE OFF,COMPARE OFF,COMPARE OFF,0,1,5,1,0.0,0.3,1.44,1.51,0.0,0.0,0.0,0.0,0.0,1.2091211507650723,4.913877390028375,3.8723983555519226
1975.0,0.0,16,4.2700000000000005,0.266875,7.734332834857863,COMPARE OFF,COMPARE OFF,COMPARE OFF,0,1,4,3,0.03,0.23,1.13,1.58,0.0,0.0,0.0,0.0,12.029149606850927,0.000135554026796,6.394732986595617,5.0951296035690445
1980.0,-0.03,20,4.82,0.30125,6.533291088998532,COMPARE OFF,COMPARE OFF,COMPARE OFF,0,1,3,7,0.03,0.28,1.15,1.79,0.0,0.0,0.0,0.0,12.351636347329707,0.0,2.2543066806412577,3.4287752699751293
1985.0,0.0,19,4.53,0.283125,6.264385169643834,COMPARE OFF,COMPARE OFF,COMPARE OFF,0,1,6,6,0.03,0.33,1.39,1.84,0.0,0.0,0.0,0.0,12.326369945004965,0.0,0.1787457619957071,2.018467255256489
1990.0,0.0,21,4.359999999999999,0.2725,6.481927365772647,COMPARE OFF,COMPARE OFF,COMPARE OFF,2,1,6,4,0.07,0.38,1.17,1.48,0.0,0.0,0.0,0.0,4.381978630724686,0.0,0.4664989193460339,1.6274212917677362
1995.0,-0.04,16,3.72,0.2324999999999999,7.012049819717977,COMPARE OFF,COMPARE OFF,COMPARE OFF,2,0,5,1,0.17,0.0,0.89,1.39,0.0,0.0,0.0,0.0,4.359670835319917,0.0,0.0,5.081597833468431
2000.0,-0.1,19,3.769999999999999,0.235625,6.798737763734222,COMPARE OFF,COMPARE OFF,COMPARE OFF,2,0,5,2,0.27,0.0,1.17,0.69,0.0,0.0,0.0,0.0,4.235487763384144,0.0,1.4509218253041334,5.15614347603259
